tree
version=v4
num_class=1
num_tree_per_iteration=1
label_index=0
max_feature_idx=9
objective=regression
feature_names=prefill_batch_size prefill_input_len_sum prefill_input_len_mean prefill_input_len_std decode_batch_size decode_input_len_sum decode_input_len_mean decode_input_len_std tp_degree freq_mhz
feature_infos=[0:3.970291913552122] [0:8.9870718128488214] [0:6.932447891572509] [0:6.2215837121586173] [0:6.932447891572509] [0:12.91120274330469] [0:7.5943812425518171] [0:6.8096697885617932] [2:4] [5.8888779583328805:7.5126175446745105]
tree_sizes=3792 5983 5967 6039 6020 6035 6005 6011 6142 6078 6135 6154 6316 6285 6146 6331 6330 6411 6390 6272 6328 6364 6236 6474 6415 6335 6514 6523 6372 6404 6397 6419 6325 6489 6345 6465 6118 6117 6728 6048 6427 6829 6258 6282 6430 6549 6507 6076 5923 6351 6368 6358 6378 6115 6328 6111 6190 5772 6497 6035 6320 6908 6714 5974 6788 6368 6101 6103 7251 5685 6344 5873 5768 6573 5900 6039 6126 7126 6721 5892 6032 6859 6456 6358 5749 6212 7068 5949 5769 6826 6826 6005 5876 6586 6520 5996 6824 6594 5931 6738

Tree=0
num_leaves=31
num_cat=0
split_feature=1 9 4 8 4 9 1 4 8 5 4 1 1 1 1 1 9 1 4 9 4 1 8 4 9 8 9 1 4 4
split_gain=262011 137050 38856 37584.1 25883.2 23029.2 11642.5 10212.9 8705 7668.96 5207.08 4376.65 3564.13 2883.98 2863.71 2694.66 2277.26 2254.87 2108.11 2086.55 1993.39 1968 1834.07 1690.38 1507.84 1321.38 1230.65 1183.63 1175.16 1078.01
threshold=5.9725357258298626 6.7382419808712832 5.6365721362514982 3.0000000000000004 5.6954128126540526 6.679421601977551 6.9730746354109483 4.516324041782946 3.0000000000000004 10.580949866095278 6.0879098011795767 6.8971996373756754 5.3156629864430025 5.1029059508623904 4.9732735209982879 6.2719327192022343 7.2264807709440779 7.9067313605233123 5.0139575654555903 7.2264807709440779 6.1664671725598819 5.0072908000208587 3.0000000000000004 5.3156629864430025 6.0514929658566965 3.0000000000000004 6.3204042442512467 4.8559213341406453 3.2384861814448418 6.2412495553129679
decision_type=2 2 2 2 2 2 2 2 2 2 2 2 2 2 2 2 2 2 2 2 2 2 2 2 2 2 2 2 2 2
left_child=1 4 3 12 8 11 15 14 13 21 -4 24 19 -1 16 -7 -5 25 27 -3 -6 26 -17 -11 -2 -8 -10 -9 -18 -12
right_child=5 2 10 7 20 6 17 18 9 23 29 -13 -14 -15 -16 22 28 -19 -20 -21 -22 -23 -24 -25 -26 -27 -28 -29 -30 -31
leaf_value=-3.3086015504726274 -3.1512472882713665 -3.3546740324852293 -3.3385148272913097 -3.3961356770546485 -3.2549833577731051 -3.2993340684890597 -3.1755282362486064 -3.3930823190778061 -3.3364077897638964 -3.3195221844970191 -3.3082983829056518 -3.1235695810684936 -3.3208398942980435 -3.2432763861640277 -3.367702023244433 -3.2388166635087519 -3.4204604728672514 -3.0947381380781565 -3.3697445766669318 -3.3707563747395586 -3.207234022076193 -3.2882899872973566 -3.2746020876739643 -3.2881488936278318 -3.2050376315314768 -3.22132751003118 -3.3551722955347962 -3.3441153292191337 -3.4086347284542349 -3.2754189138917202
leaf_weight=160123 7268 97033 47734 74704 21186 23163 10019 117955 50446 58930 17702 16303 16452 7056 15151 25379 196433 2018 74767 478489 14886 5443 32873 24237 18416 16969 113787 5152 146853 22835
leaf_count=160123 7268 97033 47734 74704 21186 23163 10019 117955 50446 58930 17702 16303 16452 7056 15151 25379 196433 2018 74767 478489 14886 5443 32873 24237 18416 16969 113787 5152 146853 22835
internal_value=-3.35294 -3.36378 -3.38021 -3.38483 -3.31657 -3.22713 -3.2511 -3.40181 -3.32355 -3.33526 -3.31613 -3.16409 -3.36673 -3.30584 -3.41041 -3.27048 -3.41196 -3.1967 -3.38299 -3.36804 -3.23528 -3.34745 -3.25901 -3.31038 -3.18982 -3.20433 -3.34941 -3.39103 -3.4154 -3.28978
internal_weight=1.91976e+06 1.76735e+06 1.31126e+06 1.22299e+06 456094 152408 110421 631015 420022 252843 88271 41987 591974 167179 433141 81415 417990 29006 197874 575522 36072 169676 58252 83167 25684 26988 164233 123107 343286 40537
internal_count=1919762 1767354 1311260 1222989 456094 152408 110421 631015 420022 252843 88271 41987 591974 167179 433141 81415 417990 29006 197874 575522 36072 169676 58252 83167 25684 26988 164233 123107 343286 40537
is_linear=1
leaf_const=-3.3086015504726274 -3.1512472882713665 -3.3546740324852293 -3.3385148272913097 -3.3961356770546485 -3.2549833577731051 -3.2993340684890597 -3.1755282362486064 -3.3930823190778061 -3.3364077897638964 -3.3195221844970191 -3.3082983829056518 -3.1235695810684936 -3.3208398942980435 -3.2432763861640277 -3.367702023244433 -3.2388166635087519 -3.4204604728672514 -3.0947381380781565 -3.3697445766669318 -3.3707563747395586 -3.207234022076193 -3.2882899872973566 -3.2746020876739643 -3.2881488936278318 -3.2050376315314768 -3.22132751003118 -3.3551722955347962 -3.3441153292191337 -3.4086347284542349 -3.2754189138917202
num_features=0 0 0 0 0 0 0 0 0 0 0 0 0 0 0 0 0 0 0 0 0 0 0 0 0 0 0 0 0 0 0
leaf_features=                               
leaf_coeff=                               
shrinkage=1


Tree=1
num_leaves=31
num_cat=0
split_feature=1 9 4 8 4 9 1 4 8 5 1 4 1 1 1 4 1 1 9 1 9 5 8 9 8 9 9 9 1 4
split_gain=212352 110661 31521.9 29691.6 21037.3 19264.6 10131 9159.46 6939.57 6357.9 3881.93 3729.7 2473.76 2410.29 2231.25 2165.66 2099.34 2051.73 1922.13 1715.75 1684.45 1387.14 1368.41 1361.06 1202.58 1194.29 1145.45 1096 1028.41 930.388
threshold=5.9255909116924723 6.679421601977551 5.6954128126540526 3.0000000000000004 5.6954128126540526 6.679421601977551 6.8726459677757523 4.8081027000528378 3.0000000000000004 11.073807908447662 6.7339967759051547 6.2275238364393255 5.173316863805991 5.0466405620843924 6.2643497376646673 3.7012257604091228 5.0072908000208587 7.9067313605233123 6.0514929658566965 4.8559213341406453 7.2155147261648063 9.6658963847223216 3.0000000000000004 7.2113683834133022 3.0000000000000004 7.2264807709440779 6.0514929658566965 6.0514929658566965 7.4051916194077991 6.0764941372188597
decision_type=2 2 2 2 2 2 2 2 2 2 2 2 2 2 2 2 2 2 2 2 2 2 2 2 2 2 2 2 2 2
left_child=1 4 3 12 8 10 14 13 16 19 27 -4 20 15 -7 23 -1 24 -6 21 -3 -10 -16 -5 -8 -9 -11 -2 -12 -20
right_child=5 2 11 7 18 6 17 25 9 26 28 -13 -14 -15 22 -17 -18 -19 29 -21 -22 -23 -24 -25 -26 -27 -28 -29 -30 -31
leaf_value=0.03984050886546836 0.17496601821841298 -0.0016414114323083354 0.019788879913321223 -0.042003959386888327 0.13812668837636688 0.045918675599540812 0.15301115542661617 -0.00073789446903090006 -0.0011588463127074351 0.065006274479948112 0.18359363838290263 0.064588347692656936 0.025028026999324649 -0.011213344684054764 0.099880258227109303 -0.042741246650633752 0.09695091615566398 0.23237763328405747 0.068360702290342398 0.058404590077807919 -0.01610888078449299 0.016044615481621373 0.067454623956374082 -0.059463057073034779 0.11373684637006319 -0.024555217048133238 0.03479621166387311 0.12629877074628634 0.23070452470542466 0.10803401312807942
leaf_weight=159620 6457 96816 53409 54714 12259 25909 12506 26770 112855 20866 13119 28500 17011 15821 23275 197333 6707 2018 11167 6453 476867 80160 29524 242783 20703 98591 31495 16331 7164 12559
leaf_count=159620 6457 96816 53409 54714 12259 25909 12506 26770 112855 20866 13119 28500 17011 15821 23275 197333 6707 2018 11167 6453 476867 80160 29524 242783 20703 98591 31495 16331 7164 12559
internal_value=0 -0.00992583 -0.024686 -0.0286965 0.0326058 0.11144 0.0899034 -0.0436897 0.026292 0.0158225 0.168412 0.0353767 -0.012553 -0.0496356 0.0699541 -0.0508641 0.0421434 0.134476 0.105974 0.00768163 -0.0136673 0.00598583 0.0817486 -0.0562521 0.128527 -0.0194692 0.046835 0.140089 0.200233 0.0893612
internal_weight=1.91976e+06 1.76276e+06 1.30862e+06 1.22671e+06 454141 157006 113935 636012 418156 251829 43071 81909 590694 510651 78708 494830 166327 35227 35985 199468 573683 193015 52799 297497 33209 125361 52361 22788 20283 23726
internal_count=1919762 1762756 1308615 1226706 454141 157006 113935 636012 418156 251829 43071 81909 590694 510651 78708 494830 166327 35227 35985 199468 573683 193015 52799 297497 33209 125361 52361 22788 20283 23726
is_linear=1
leaf_const=0 0 0 -0.011575121580631276 0 0 0.091107558301928293 0 0 0 0 0.29147087961177931 0.080107365900289551 0 0 0 0 0 -0.1382668895435927 0.10571854668805827 0 0 0 0 0 0 0 0 0.10472910645835327 -0.0039132839103331206 -0.031851801933044044
num_features=4 2 4 3 4 3 2 3 4 5 4 2 3 4 4 3 4 4 2 3 5 4 5 3 4 3 4 5 2 2 3
leaf_features=1 4 8 9  1 9  1 4 8 9  1 4 9  1 4 8 9  1 4 9  1 9  1 8 9  1 4 8 9  1 4 5 8 9  1 4 5 9  1 9  1 4 9  1 4 8 9  1 4 8 9  1 8 9  1 4 8 9  1 4 8 9  1 9  1 4 9  1 4 5 8 9  1 4 8 9  1 4 5 8 9  1 8 9  1 4 8 9  1 8 9  1 4 8 9  1 4 5 8 9  1 9  1 9  1 4 9  
leaf_coeff=0.0029183177787727196 0.0039295932064112088 0.094128662763753826 -0.0250690330668089  0.081770131676290714 -0.058571240266576299  0.003207300101961841 0.0029880114111723866 0.028336929326997051 -0.0095670758919368382  0.0072360367194953205 0.078918485912214467 -0.060016325684910755  0.0041933926103212118 0.0036808213047670791 0.052770048932143258 -0.037546840441427781  0.0013401402783942641 0.097633678515927622 -0.078075221380646556  0.076248741602842077 -0.069648548551134587  0.076682848678868973 0.067167413578181373 -0.074581991519721669  0.0074534302358625322 0.041657984160566416 -0.084079766843346004 0.016637946826018536  0.0029262430722167571 0.0044880596018004662 -0.00094755322103833863 0.044023100182038456 -0.028539057658529446  0.0083369380383759416 0.043218687880209578 0.0089532691636293304 -0.043650165069234963  0.053927668486045383 -0.076771114145141442  0.0052102631796691057 0.072227799818166724 -0.066153627641705279  0.057429194524304276 0.0038951394195152924 0.046467410836856973 -0.054120903152433897  0.048488953868707829 0.0040151238601381038 0.025667332681464219 -0.053326941584307265  0.047817584463336976 0.13030626006164994 -0.065020514830757756  0.0030325605145660227 0.013706892795278858 0.045583595945728916 -0.038869406440315404  0.066998312042508598 0.0044376430545100213 0.10623640186872195 -0.07851274995600406  0.10175827783112937 -0.06686281471090752  0.0076696850851083465 0.068387668706412802 -0.067814896712431502  0.049760900479363761 0.023798785571180092 -0.0078277244642461774 0.053878751847241807 -0.069975739927041758  0.0030780519070150864 0.0025355815270617257 0.037399747401588003 -0.013260511836830347  0.0029935216963518363 0.012445288764190066 0.0037161973249306701 0.03808896873481267 -0.036164016119349898  0.066207130345976362 0.025172335764949594 -0.063825422149881211  0.004611492479336632 0.0039284966083139253 0.025661836255892467 -0.023248633536712762  0.057299047703774877 0.039902145600109407 -0.063342956246933119  0.0069350310130857351 0.034992362464511387 0.0031666301550842494 -0.030007456689457968  0.0083209595014690305 0.027564092674514741 0.008768343229863973 0.031686755200786364 -0.052109418055968609  0.085362119995122054 -0.079844076467827568  0.098321834816971432 -0.081935468906225148  0.006145511746323962 0.09172769981027501 -0.067100053489775754  
shrinkage=0.1


Tree=2
num_leaves=31
num_cat=0
split_feature=1 9 4 8 4 9 1 4 8 5 1 4 1 9 1 1 4 9 1 9 4 8 9 8 1 9 9 1 4 4
split_gain=172034 89332.7 25508.7 24114.9 17084.6 16043.3 8701.88 7196.57 5561.1 5168.21 3382.92 3119.68 2131.63 1758.87 1671.69 1661.9 1598.78 1554.22 1464.97 1349.86 1238.94 1153.66 975.837 974.087 952.706 946.684 930.957 833.013 775.498 755.875
threshold=5.8791343840901709 6.679421601977551 5.681876188177875 3.0000000000000004 5.6954128126540526 6.679421601977551 6.8726459677757523 4.7999057951650004 3.0000000000000004 11.073807908447662 6.7339967759051547 6.0764941372188597 6.2431950830594518 7.2264807709440779 4.8940944640863338 7.9067313605233123 4.1820210059610323 6.0514929658566965 4.9308638091439496 7.1002286313348266 3.4811217321331038 3.0000000000000004 7.2264807709440779 3.0000000000000004 4.5053345884235583 6.0514929658566965 6.0514929658566965 7.4051916194077991 6.3587080675902401 6.0764941372188597
decision_type=2 2 2 2 2 2 2 2 2 2 2 2 2 2 2 2 2 2 2 2 2 2 2 2 2 2 2 2 2 2
left_child=1 4 3 14 8 10 12 13 18 20 25 -4 -7 -5 19 23 24 -6 -1 -3 -10 -14 -9 -8 -15 -2 -11 -12 -13 -19
right_child=5 2 11 7 17 6 15 22 9 26 27 28 21 16 -16 -17 -18 29 -20 -21 -22 -23 -24 -25 -26 -27 -28 -29 -30 -31
leaf_value=0.035805882099027291 0.15634870605379741 -0.0016004168483299561 0.011974450511767553 -0.031944014170778259 0.12426795955869992 0.038939481877083432 0.13771003436658508 -0.0012528222519869684 -0.00033014775360662733 0.058462380242327139 0.16523427409395702 0.040147429866644047 0.089444642412317796 -0.05272496969220232 0.017833824252128792 0.20913986898035666 -0.03803110061607639 0.061444602592270872 0.084271192589398525 -0.014592519390617795 0.015542084480088057 0.060136366894848928 -0.022741712855358538 0.10236316171008218 -0.024108263635584545 0.11214751592405117 0.031216320677252926 0.20763407210974905 0.068437476500696634 0.09721968129168046
leaf_weight=159315 6760 96199 41660 87281 12243 27554 12506 26845 110149 20856 13119 25869 24040 283270 18893 2018 124293 11151 6491 474054 88845 30433 99307 20703 12132 17109 31454 7164 15493 12556
leaf_count=159315 6760 96199 41660 87281 12243 27554 12506 26845 110149 20856 13119 25869 24040 283270 18893 2018 124293 11151 6491 474054 88845 30433 99307 20703 12132 17109 31454 7164 15493 12556
internal_value=0 -0.00906963 -0.0223489 -0.0259923 0.0291889 0.0988045 0.0794582 -0.0395418 0.023488 0.014109 0.150182 0.0312897 0.0616055 -0.0448601 -0.0114312 0.121028 -0.0475462 0.0953344 0.0377032 -0.0124008 0.00675634 0.0730707 -0.0181689 0.115674 -0.0515497 0.124666 0.0420793 0.18021 0.0507441 0.0803923
internal_weight=1.91976e+06 1.75836e+06 1.3053e+06 1.22227e+06 453060 161406 117254 633128 417110 251304 44152 83022 82027 506976 589146 35227 419695 35950 165806 570253 198994 54473 126152 33209 295402 23869 52310 20283 41362 23707
internal_count=1919762 1758356 1305296 1222274 453060 161406 117254 633128 417110 251304 44152 83022 82027 506976 589146 35227 419695 35950 165806 570253 198994 54473 126152 33209 295402 23869 52310 20283 41362 23707
is_linear=1
leaf_const=0 0 0 0.075243902705517493 0 0 0.11893242203641421 0 0 0 0 0.26232383010969901 0.096085984713863593 0 0 0 -0.12444020065231598 0 0.095817037660890503 0 0 0 0 0 0 0 0.093955253722288037 0 -0.0035219501943174695 0.10973114980142783 -0.028645328467609945
num_features=4 2 4 3 4 3 2 3 4 5 4 2 3 3 4 4 2 4 3 4 4 5 3 4 3 4 2 5 2 3 3
leaf_features=1 4 8 9  1 9  1 4 8 9  1 4 9  1 4 8 9  1 4 9  1 9  1 8 9  1 4 8 9  1 4 5 8 9  1 4 5 9  1 9  1 4 9  1 8 9  1 4 8 9  1 4 8 9  1 9  1 4 8 9  1 4 9  1 4 8 9  1 4 8 9  1 4 5 8 9  1 8 9  1 4 8 9  1 8 9  1 4 8 9  1 9  1 4 5 8 9  1 9  1 4 9  1 4 9  
leaf_coeff=0.0024397598147292755 0.0035411734018420851 0.084535998124302125 -0.022505436062277086  0.071013249804911999 -0.049873541676393532  0.0024371267719684123 0.0027140285211502135 -0.0025349485885271862 -0.00058911912985877286  0.0067874393441311577 0.054990307335021527 -0.053038327333538506  0.0066311443562494079 0.0055564647060673883 0.038230224424205518 -0.029140608943953341  0.00055310250013267397 0.087958152006663681 -0.070356774994019142  0.061883028414177949 -0.0621692640143948  0.06901455742278699 0.060450701288482379 -0.067123794398361275  0.0064148558901850703 0.036984601614644695 -0.075269375429581953 0.015126795069027921  0.0063923939766253671 0.0029390036514586821 -0.00036058144208616434 0.04001213875955037 -0.026223605517285538  0.0072619367060973161 0.038930678535501965 0.0080330417997373626 -0.039264107494599902  0.048534896558618361 -0.069094003233186638  0.0050470024000014296 0.06033204283270948 -0.05901609052495474  0.043223340168278314 0.11644717940069996 -0.058462035093083391  0.0036017216924198129 0.0038029919247568864 0.02312039677858593 -0.021004586817025484  0.037548627758325667 0.0032335741110422591 0.070075620950851208 -0.045498638608730602  0.091582451657896524 -0.060176535242794676  0.005016912488061992 0.011727028333608659 0.015435497837250978 -0.020850421410062839  0.0067355330848335787 0.061480154377619556 -0.061073081820998715  0.054681264794187924 0.0039429439587715274 0.10833148101157236 -0.069720688766386735  0.0024880820314803877 0.0023008504644486116 0.033495174961285561 -0.011894751692862826  0.0060492638780261457 0.012277939640457715 0.0024119827879179657 0.037455373211131258 -0.033806350090592296  0.059803544949843745 0.022599489192251101 -0.05760973824372826  0.0059877244695715594 0.03111083743699683 0.0025643422076825576 -0.02658452938593996  0.051569138519489854 0.035911936362771256 -0.057008659362696792  0.026325623010270378 0.0012009932248601808 0.01683736408389791 -0.031485593447948192  0.076162583067271333 -0.071155128342780927  0.0070737402803813495 0.024793941319828861 0.007876966485498826 0.028310711836894598 -0.046731031561415649  0.088489652340672367 -0.073741924084725949  0.0041597724841459186 0.058424964744878599 -0.058676827846574048  0.0054535840454772002 0.082552500185238395 -0.060390884682652773  
shrinkage=0.1


Tree=3
num_leaves=31
num_cat=0
split_feature=1 9 4 8 4 9 1 4 8 5 1 4 1 1 9 1 4 9 1 9 1 8 5 8 8 9 1 8 9 4
split_gain=139347 72359.5 20662.4 19431.7 13838.5 12995.1 7055.2 5971.95 4504.49 4186.25 2740.17 2469.57 1578.86 1522.8 1424.68 1354.72 1295.01 1258.92 1188.15 1091.45 1034.71 903.696 903.296 867.322 829.232 801.353 772.116 754.138 754.076 641.231
threshold=5.8791343840901709 6.679421601977551 5.6954128126540526 3.0000000000000004 5.6954128126540526 6.679421601977551 6.7996129651804988 4.7999057951650004 3.0000000000000004 11.073807908447662 6.7339967759051547 6.2412495553129679 7.3827462563649489 6.2353901579610387 7.2155147261648063 4.8559213341406453 4.1820210059610323 6.0514929658566965 4.8559213341406453 7.1775874594809865 4.6774800307930642 3.0000000000000004 9.6658963847223216 3.0000000000000004 3.0000000000000004 7.2264807709440779 4.3502571242716384 3.0000000000000004 6.0514929658566965 5.9545403518763083
decision_type=2 2 2 2 2 2 2 2 2 2 2 2 2 2 2 2 2 2 2 2 2 2 2 2 2 2 2 2 2 2
left_child=1 4 3 15 8 10 13 14 18 20 21 29 -8 -7 -5 19 26 -6 -1 -3 22 -2 -10 -15 -12 -9 -16 -14 -11 -4
right_child=5 2 11 7 17 6 12 25 9 28 24 -13 27 23 16 -17 -18 -19 -20 -21 -22 -23 -24 -25 -26 -27 -28 -29 -30 -31
leaf_value=0.032186875152624479 0.13227921463355816 -0.0014550896344118034 0.0086362410657536016 -0.028749624550101157 0.11184114251253235 0.034698142415691802 0.091638296496375005 -0.00091006256618876851 -0.0010174302858812218 0.052616151030013561 0.18579384063287852 0.056540685862003073 0.16120970619415773 0.078807714973849516 -0.047491590209997936 0.015779365957166423 -0.034227994908511972 0.072353037012499843 0.074974258063210189 -0.013141679000918416 0.04528134926038517 0.093344308960060102 0.012885164352531696 0.052406909030573837 0.14486919520135436 -0.020282474401778525 -0.022565265721846122 0.11304791025982874 0.028094687046170609 0.029680967235837422
leaf_weight=159040 11559 96132 33374 87281 12243 26944 26674 27126 112572 20856 8584 22771 5728 22412 282403 19284 124293 23707 6766 473730 6513 12310 79909 27977 11699 100330 12999 7519 31454 25573
leaf_count=159040 11559 96132 33374 87281 12243 26944 26674 27126 112572 20856 8584 22771 5728 22412 282403 19284 124293 23707 6766 473730 6513 12310 79909 27977 11699 100330 12999 7519 31454 25573
internal_value=0 -0.00816267 -0.020114 -0.0233655 0.02627 0.088924 0.0715124 -0.0355094 0.0211392 0.0126981 0.135164 0.0285708 0.105653 0.0538882 -0.0403741 -0.0102881 -0.0427915 0.085801 0.0339329 -0.0111702 0.00608071 0.112199 0.00475427 0.0641494 0.162189 -0.0161595 -0.0463947 0.133873 0.0378714 0.0177661
internal_weight=1.91976e+06 1.75836e+06 1.3053e+06 1.22358e+06 453060 161406 117254 634432 417110 251304 44152 81718 39921 77333 506976 589146 419695 35950 165806 569862 198994 23869 192481 50389 20283 127456 295402 13247 52310 58947
internal_count=1919762 1758356 1305296 1223578 453060 161406 117254 634432 417110 251304 44152 81718 39921 77333 506976 589146 419695 35950 165806 569862 198994 23869 192481 50389 20283 127456 295402 13247 52310 58947
is_linear=1
leaf_const=0 0 0 0.16467342507812646 0 0 0.11976886415818627 0.21080666027301051 0 0 0 0 0.081242623580055809 0 0 0 0 0 -0.053248561670966414 0 0 0 0 0 0 0 0 0 0 0 0.049957575914640985
num_features=4 3 4 3 4 3 2 2 4 5 4 3 3 3 3 4 4 4 3 4 4 5 3 5 3 3 4 4 3 5 3
leaf_features=1 4 8 9  1 8 9  1 4 8 9  1 4 9  1 4 8 9  1 4 9  1 9  1 9  1 4 8 9  1 4 5 8 9  1 4 5 9  1 8 9  1 4 9  1 8 9  1 8 9  1 4 8 9  1 4 8 9  1 4 8 9  1 4 9  1 4 8 9  1 4 8 9  1 4 5 8 9  1 8 9  1 4 5 8 9  1 8 9  1 8 9  1 4 8 9  1 4 8 9  1 8 9  1 4 5 8 9  1 4 9  
leaf_coeff=0.0020574769843545392 0.0031951393194121769 0.075978426059923276 -0.020224042292428024  0.072369639807709038 0.04348863726281138 -0.065108902021341925  0.0021272021212091819 0.0024541892587348403 0.0068547353466783534 -0.0031499628764095179  0.0061587021682490938 0.033504719488114176 -0.048318594916350224  0.0059680298443081986 0.0050008180761812685 0.034407201383874056 -0.026226547609394402  0.00049779237112208558 0.079162333432270776 -0.063321094204496831  0.053489644401420837 -0.055883404906288098  0.049885293964791799 -0.064615746730785878  0.0057987432894252887 0.033538218069222879 -0.068231890511484039 0.013710840792975533  0.0017694589579667242 0.0036574555435592753 -0.00077114023402046763 0.035311023177933866 -0.022897507278810094  0.0065357430827498678 0.035037610694941712 0.0072297375400935948 -0.035337696597301259  0.070660138598675634 0.057250923553232275 -0.069174979513373105  0.003895457223407606 0.054817592198453724 -0.052466016520952508  0.071664524920829462 0.060453305667851967 -0.072035997048749328  0.033415586571092781 0.1200517750695326 -0.051953890840286482  0.0031100003997275305 0.0034556673602601611 0.02078935032122331 -0.018904978309797118  0.032902921573416156 0.0028916767427658199 0.065288056350567558 -0.040868366707614713  0.0045152212105017521 0.010554325372392627 0.013891948699000524 -0.018765379521477145  0.0057967985899951557 0.078563083207107809 -0.054371545368982768  0.046960286155311032 0.0035297494275917662 0.10233761368350827 -0.062270806937263501  0.0022126906953946869 0.0020726993036628617 0.030096031015631297 -0.010692357100643335  0.039080389417688315 0.020021679753721912 -0.0066339085657499026 0.048562349821765598 -0.058513680607183365  0.064282147654261004 0.016040852851534736 -0.059604294532942963  0.0018271818959533761 0.0099905060324267502 0.0031118195727559694 0.030443363178732599 -0.029132596912122645  0.054764152425859747 0.019255857681571342 -0.052090241138702711  0.060054658448506708 0.026096275984630782 -0.062565175849047708  0.005395557486748948 0.028236058115888786 0.0022916656639608846 -0.024078265473579566  0.021178226254266425 0.001013701451636273 0.01769028151843486 -0.027824533621060257  0.048574141550669483 0.044645220846223313 -0.06033222751636913  0.0063663662684717908 0.022314547213294844 0.0070892698155297753 0.025479640617140833 -0.042057928365019849  0.0049490948165551892 0.058571655102286971 -0.051966987995739095  
shrinkage=0.1


Tree=4
num_leaves=31
num_cat=0
split_feature=1 9 4 8 4 9 1 4 8 5 1 4 1 1 9 1 4 9 1 9 4 8 8 1 8 8 9 4 4 4
split_gain=112891 58569 16732.5 15819.9 11218.1 10600.2 5803.94 4721.67 3667.6 3327.6 2258.7 2059.29 1308.91 1253.28 1048.02 1043.37 1039.31 1008.26 924.454 884.096 814.158 735.311 696.481 673.689 671.678 631.97 602.79 534.381 528.409 508.51
threshold=5.8678824850335358 6.679421601977551 5.681876188177875 3.0000000000000004 5.681876188177875 6.679421601977551 6.788408362650876 4.4942230200312032 3.0000000000000004 11.073807908447662 6.7339967759051547 6.0764941372188597 7.3616929901185424 6.2353901579610387 6.0514929658566965 4.8559213341406453 4.9732735209982879 7.1861281871627325 4.8081027000528378 7.0413885088913739 3.4811217321331038 3.0000000000000004 3.0000000000000004 4.3107766033702406 3.0000000000000004 3.0000000000000004 6.0514929658566965 5.1209788959100075 6.0764941372188597 6.3587080675902401
decision_type=2 2 2 2 2 2 2 2 2 2 2 2 2 2 2 2 2 2 2 2 2 2 2 2 2 2 2 2 2 2
left_child=1 4 3 15 8 10 13 17 18 20 21 -4 -8 -7 -6 19 -9 -5 -1 -3 -10 -2 -15 -19 -12 -14 -11 -24 -16 -13
right_child=5 2 11 7 14 6 12 16 9 26 24 29 25 22 28 -17 -18 23 -20 -21 -22 -23 27 -25 -26 -27 -28 -29 -30 -31
leaf_value=0.028950033931074478 0.11871113614417457 -0.0013086061782841745 0.0096227205961642651 -0.027670743371696511 0.10039714961317599 0.031038685329097794 0.08174626452480252 -0.025674895407459809 -0.00030538886292835244 0.047124535832862607 0.16721445651167163 0.032547666287490423 0.1441990124999277 0.07074692006457943 0.049213295379588462 0.013825315971887221 -0.011324329646318588 -0.04129930683219258 0.066655228384421894 -0.011827350940121837 0.012565441131987917 0.083788166387807575 0.039497700874508331 -0.019431447812215855 0.13038227574643299 0.10111321890019308 0.025091057131211087 0.073005019808704205 0.078826738565960827 0.055459392898024706
leaf_weight=158894 11691 96116 41621 76063 12385 27827 26695 121363 110094 20709 8584 25854 5960 22150 11585 18906 86391 334154 6780 473746 88778 12449 21449 14708 11699 7939 31008 6117 12556 15491
leaf_count=158894 11691 96116 41621 76063 12385 27827 26695 121363 110094 20709 8584 25854 5960 22150 11585 18906 86391 334154 6780 473746 88778 12449 21449 14708 11699 7939 31008 6117 12556 15491
internal_value=0 -0.00737567 -0.018132 -0.0210838 0.0236116 0.0797277 0.0640688 -0.0320623 0.018949 0.0113167 0.121371 0.025325 0.0947032 0.0480316 0.0767482 -0.00928644 -0.0197075 -0.0381028 0.0304931 -0.0100532 0.00544025 0.100701 0.0575429 -0.0403774 0.14597 0.119589 0.0339139 0.0469331 0.0646156 0.0411322
internal_weight=1.91976e+06 1.7572e+06 1.30441e+06 1.22145e+06 452789 162560 118137 632679 416263 250589 44423 82966 40594 77543 36526 588768 207754 424925 165674 569862 198872 24140 49716 348862 20283 13899 51717 27566 24141 41345
internal_count=1919762 1757202 1304413 1221447 452789 162560 118137 632679 416263 250589 44423 82966 40594 77543 36526 588768 207754 424925 165674 569862 198872 24140 49716 348862 20283 13899 51717 27566 24141 41345
is_linear=1
leaf_const=0 0 0 0.064503019606223691 0 0 0.11907286985619976 0.19522506501598402 0 0 0 0 0.089700041329206226 0 0 0.10032737452979745 0 0 0 0 0 0 0 0 0 0 0 0 0 -0.020455897677811665 0.090660675376966537
num_features=4 3 4 3 4 3 2 2 4 5 4 3 3 3 3 3 4 4 4 4 4 5 3 4 4 3 3 5 4 3 3
leaf_features=1 4 8 9  1 8 9  1 4 8 9  1 4 9  1 4 8 9  1 4 9  1 9  1 9  1 4 8 9  1 4 5 8 9  1 4 5 9  1 8 9  1 4 9  1 8 9  1 8 9  1 4 9  1 4 8 9  1 4 8 9  1 4 8 9  1 4 8 9  1 4 8 9  1 4 5 8 9  1 8 9  1 4 8 9  1 4 8 9  1 8 9  1 8 9  1 4 5 8 9  1 4 8 9  1 4 9  1 4 9  
leaf_coeff=0.0017772283957248143 0.0028732514573244386 0.068315241282942904 -0.018179413679188627  0.065051644551400847 0.039437792699141029 -0.058609254468098018  0.0019242507976741765 0.0022019352605874508 -0.0023494708966609323 -0.00039343398132132281  0.0054531388771815459 0.043894940038850194 -0.042933100492914635  0.0051666080331916227 0.0034470872596675142 0.038481661994046595 -0.027580641921122154  0.00045210678580849263 0.070587522734935251 -0.056288822125243602  0.046397653556479672 -0.050380249773976975  0.043666268609274542 -0.057728118412424582  0.0041915351635433088 0.015261576250258325 0.031056163883552302 -0.030474042084266274  0.0051500872121600849 0.0022800665051772163 -0.00024384201394795149 0.032226807145213025 -0.021154141774795167  0.005880567514714486 0.031302596032575458 0.0065614541955554273 -0.03172369876550931  0.063594124828863841 0.051525830626422936 -0.062257481489538691  0.0040352899753462066 0.047042970073874812 -0.047868251599400939  0.063992793417364524 0.055564864640018641 -0.064581043702139601  0.029378909749877738 0.10993041674680626 -0.046662257877676444  0.0054273038390700275 0.045866839410624041 -0.049406402344226309  0.028923318399637465 0.0025436100277725585 0.060181065770066766 -0.036664177074055719  0.0051800933913013162 0.029315058848619558 0.023509934179651994 -0.036086663017713863  0.0026942507315921849 0.0038795640205279594 0.017118082927788693 -0.016366280227265408  0.040273342047248882 0.0031825806053096708 0.096979147893040366 -0.055855611915921345  0.0019915704971758515 0.0018654076701113077 0.027087481823434702 -0.0096234010103970046  0.0048179140487808461 0.010095411664993392 0.0018069734205512723 0.030730139270219326 -0.027488181492859809  0.057064000850590484 0.015753258320859231 -0.053667146678176895  0.051933730608282103 0.0029616378573677411 0.013347159315347313 -0.048887292681052942  0.018930862115945482 0.00180256086230291 0.014344121151390256 -0.024131926976809839  0.054049192651189598 0.023486647943047959 -0.056308658032560292  0.043117912092165513 0.040196536261510124 -0.053652167092249674  0.0056618752522325597 0.019843640400096875 0.0062665237573131805 0.023923286136187018 -0.038086320260086383  0.023164335164168774 0.032119739997802557 0.016514392457918348 -0.045010209577461074  0.0043285456528217026 0.066440937483071144 -0.048914643943410857  0.003344640111434094 0.047099825230975514 -0.047565405597623567  
shrinkage=0.1


Tree=5
num_leaves=31
num_cat=0
split_feature=1 9 4 8 4 9 1 4 8 5 1 4 1 1 9 9 9 9 1 8 4 9 8 1 8 1 5 8 1 4
split_gain=91503.8 47244.2 13528.1 13103.9 9124.63 8919.5 5076.12 3471.35 2932.31 2720.95 1988.24 1909.53 1203.64 1060.22 923.779 848.689 799.519 777.525 597.087 596.468 581.772 566.376 564.15 550.426 544.059 513.537 485.849 456.599 451.554 434.282
threshold=5.8066387294484665 6.679421601977551 5.6222091859522445 3.0000000000000004 5.681876188177875 6.679421601977551 6.788408362650876 4.297262267176281 3.0000000000000004 10.939275405698293 6.7339967759051547 6.0764941372188597 6.2353901579610387 7.3616929901185424 7.2264807709440779 6.0514929658566965 7.2223797728330323 7.2264807709440779 4.7229433450037179 3.0000000000000004 4.945201156493737 6.0514929658566965 3.0000000000000004 4.6774800307930642 3.0000000000000004 8.0819387425566926 9.6218206851902242 3.0000000000000004 4.5053345884235583 5.0271592211193568
decision_type=2 2 2 2 2 2 2 2 2 2 2 2 2 2 2 2 2 2 2 2 2 2 2 2 2 2 2 2 2 2
left_child=1 4 3 17 8 10 12 16 18 23 19 -4 -7 27 -9 -6 -5 -3 -1 -2 -16 -11 -14 26 -12 -15 -10 -8 -19 -24
right_child=5 2 11 7 15 6 13 14 9 21 24 -13 22 25 20 -17 -18 28 -20 -21 -22 -23 29 -25 -26 -27 -28 -29 -30 -31
leaf_value=0.026026809781686845 0.10519106770447301 -0.00040961387933160961 0.0075645939630605303 -0.025701314030572797 0.090330747586548937 0.027030142744762793 0.090303759474538392 -0.0062977740512170539 -0.00096077320685117632 0.040825202993289539 0.15049301046924321 0.036960444564379059 0.063672231692836687 0.10121722566196939 -0.026470025803949328 0.058116273288383119 -0.037466078443554866 -0.010702306671647378 0.05732719291100892 0.074627681028670054 -0.015033203874997901 0.020893515505357507 0.03502431328971331 0.034907586319370167 0.11734404834134629 0.1652469264493249 0.0095277757230819056 0.063349201381260475 0.0059769587612979423 0.064073795433616895
leaf_weight=158633 12394 99065 47606 71021 12375 32454 10124 41013 110512 23204 8584 41242 22150 12507 136880 24113 309476 470785 6338 13171 65887 36973 20719 5654 11699 1392 73562 16571 16811 6847
leaf_count=158633 12394 99065 47606 71021 12375 32454 10124 41013 110512 23204 8584 41242 22150 12507 136880 24113 309476 470785 6338 13171 65887 36973 20719 5654 11699 1392 73562 16571 16811 6847
internal_value=0 -0.00677452 -0.0164537 -0.0192171 0.0210986 0.070358 0.0563023 -0.0293014 0.016882 0.0100513 0.107994 0.0212097 0.04201 0.0852329 -0.0199852 0.0690419 -0.0352701 -0.00848631 0.0272293 0.0894449 -0.0227538 0.0285791 0.0517886 0.00417478 0.131373 0.10763 0.00323079 0.0735716 -0.0101273 0.0422398
internal_weight=1.91976e+06 1.75115e+06 1.29979e+06 1.21094e+06 451364 168612 122764 624277 414876 249905 45848 88848 82170 40594 243780 36488 380497 586661 164971 25565 202767 60177 49716 189728 20283 13899 184074 26695 487596 27566
internal_count=1919762 1751150 1299786 1210938 451364 168612 122764 624277 414876 249905 45848 88848 82170 40594 243780 36488 380497 586661 164971 25565 202767 60177 49716 189728 20283 13899 184074 26695 487596 27566
is_linear=1
leaf_const=0 0 0 0.041534448118937917 0 0 0.14074421457812605 0 0 0 0 0 0.045550174514130508 0 0.31661058395984587 0 -0.040072304049863311 0 0 0 0 0 0 0 0 0 -0.10990450712506572 0 0 0 0
num_features=4 3 4 3 4 3 2 3 4 5 4 3 3 3 2 4 3 4 4 4 3 4 5 4 5 3 2 5 3 4 4
leaf_features=1 4 8 9  1 8 9  1 4 8 9  1 4 9  1 4 8 9  1 4 9  1 9  1 8 9  1 4 8 9  1 4 5 8 9  1 4 5 9  1 8 9  1 4 9  1 8 9  1 9  1 4 8 9  1 4 9  1 4 8 9  1 4 8 9  1 4 8 9  1 8 9  1 4 8 9  1 4 5 8 9  1 4 8 9  1 4 5 8 9  1 8 9  1 9  1 4 5 8 9  1 8 9  1 4 8 9  1 4 8 9  
leaf_coeff=0.001474007056659829 0.0025946405351413072 0.061389678705079831 -0.016334210267049978  0.058596008259327738 0.03668804511960673 -0.053174672499729785  0.0039069791599604942 0.0018886085207026337 0.0080376546205798149 -0.0032447327069277778  0.0047437683119866602 0.041678160957442145 -0.038141035412325941  0.0042798197392830417 0.0026272008216537304 0.03528658287905273 -0.025057113671937262  -1.3119062493371915e-05 0.063583403251332979 -0.050715229901736339  0.036841370004778183 -0.045829769235420065  0.042677357629231243 0.057018328631784243 -0.044686127280829172  0.0039424029793484472 0.020379169049880127 -0.060840711735659171 0.019436920518938906  0.0010826635246377698 0.0029373336311448563 -0.00064854637277528694 0.028354799959300615 -0.01835443172142558  0.0047817388320958278 0.027470766784738032 0.0050433615248437038 -0.02621125740489845  0.057234712399077563 0.046373248026674224 -0.056031733568364932  0.0033180215557246187 0.048065770745626679 -0.043082302811447454  0.026441018742204749 0.098937376917592704 -0.041996032556156138  0.033974690399691101 -0.06551725985474377  0.0033208513015763178 0.0082815062881003831 0.010017470662631922 -0.014309244553726331  0.0044265271933273459 0.062892332319046326 -0.043798419796425493  0.0039378508557052052 0.0026974365707613471 0.016847755549770228 -0.015283700986242366  0.0015656263921615039 0.0017330974329859861 0.024062053153244278 -0.008592977494889454  0.031386258961861528 0.0030023969105640539 0.096027148192771972 -0.048965846877113965  0.047600544732637917 0.02079313737606725 -0.048640704932625317  0.0041251706652012275 0.022758494602813675 0.0020554244582172035 -0.01959956101665199  0.0046341575829900207 0.017123777940497933 0.0059734554945993779 0.020271918096943866 -0.0335030423491844  0.04718602658909115 0.0025505479471423179 0.010967834796801412 -0.043817468782019378  0.032547209540104274 0.016333339665610125 -0.0054027752086213358 0.041912304318690731 -0.049770651832164961  0.04864427328854979 0.021137983606912769 -0.050677792408374958  0.065638492490117537 -0.03966238818438797  0.0011667773413804679 0.0071974704509662375 0.0025401620182210708 0.023787964397853759 -0.02250127423272659  0.043017367764688522 0.0052601632761479777 -0.035619268294030351  0.015256419793626781 0.001826873988715407 0.0056125437230434734 -0.011942346538732097  0.021998508936616826 0.027369297408091953 0.015858442603533262 -0.040822308948594357  
shrinkage=0.1


Tree=6
num_leaves=31
num_cat=0
split_feature=1 9 4 8 9 4 1 4 8 5 1 4 1 1 4 9 9 8 8 9 9 8 8 4 8 9 9 1 8 9
split_gain=74164 38097.4 10918.7 10323.4 7463.15 7406.65 4409.59 3087.42 2342.54 2212.72 1748.42 1340.76 996.915 985.726 792.573 688.182 621.553 525.16 482.69 470.901 461.49 447.481 440.688 436.583 722.249 428.385 424.816 371.973 363.961 363.96
threshold=5.7413980499943591 6.679421601977551 5.6954128126540526 3.0000000000000004 6.679421601977551 5.681876188177875 6.7232311178383295 4.8081027000528378 3.0000000000000004 10.911071315314993 6.7339967759051547 6.2275238364393255 6.2235673486733658 7.3065311737243741 3.6505739029280164 6.0514929658566965 7.2264807709440779 3.0000000000000004 3.0000000000000004 6.0514929658566965 7.1718446704695902 3.0000000000000004 3.0000000000000004 5.2012518591713119 3.0000000000000004 7.2264807709440779 6.0514929658566965 4.4716224665663962 3.0000000000000004 7.2264807709440779
decision_type=2 2 2 2 2 2 2 2 2 2 2 2 2 2 2 2 2 2 2 2 2 2 2 2 2 2 2 2 2 2
left_child=1 5 3 16 10 8 12 14 27 26 18 -4 23 28 20 -7 -3 -15 -2 -11 -5 -14 -12 24 -6 -9 -10 -1 -8 -16
right_child=4 2 11 7 6 15 13 25 9 19 22 -13 21 17 29 -17 -18 -19 -20 -21 -22 -23 -24 -25 -26 -27 -28 -29 -30 -31
leaf_value=0.023354418119833426 0.09315756692703836 -0.0004982346985011693 0.011179347752385667 -0.024662079066761093 0.034217344667218312 0.081266024467589737 0.077971387336895709 -0.00076345858379576385 0.010657184094477981 0.03634482810556413 0.13544370998085528 0.038149075586199427 0.056369891322335081 0.11622294703791761 -0.015203530366225119 0.052233910962133617 -0.009200810679893515 0.07933108786094839 0.066425811763194051 0.018429510661117487 -0.034836342745902187 0.036627495880509196 0.10560964318114129 0.055501829968705708 0.0042945668933029764 -0.015102080676146011 0.00033293604479151234 0.047849481869803583 0.054947853366511638 -0.026719754653999252
leaf_weight=157791 13121 98743 52744 54620 16478 12358 11166 26516 57555 23790 8584 28336 20851 6656 32516 24063 486032 9181 13922 38279 242576 25548 11699 3777 15802 97274 129597 6453 17830 175904
leaf_count=157791 13121 98743 52744 54620 16478 12358 11166 26516 57555 23790 8584 28336 20851 6656 32516 24063 486032 9181 13922 38279 242576 25548 11699 3777 15802 97274 129597 6453 17830 175904
internal_value=0 -0.00621724 -0.014925 -0.0172975 0.0621367 0.018853 0.0495308 -0.0261854 0.0150448 0.00893435 0.0960419 0.0206048 0.0358064 0.0747723 -0.0296509 0.0620848 -0.00773133 0.0948361 0.0793958 0.0252961 -0.0329665 0.0454994 0.118236 0.0233332 0.0195693 -0.0120307 0.00350796 0.0243168 0.0638139 -0.0249231
internal_weight=1.91976e+06 1.74515e+06 1.29526e+06 1.21418e+06 174615 449886 127289 629406 413465 249221 47326 81080 82456 44833 505616 36421 584775 15837 27043 62069 297196 46399 20283 36057 32280 123790 187152 164244 28996 208420
internal_count=1919762 1745147 1295261 1214181 174615 449886 127289 629406 413465 249221 47326 81080 82456 44833 505616 36421 584775 15837 27043 62069 297196 46399 20283 36057 32280 123790 187152 164244 28996 208420
is_linear=1
leaf_const=0 0 0 -0.0019131720360348937 0 0 0 0 0 0 0 0 0.05157855219952126 0 0 0 -0.036031614978264771 0 0 0 0 0 0 0 0.0015391791103184006 0 0 0 0 0 0
num_features=4 3 4 3 4 4 3 3 4 4 4 3 3 3 3 4 3 4 3 3 5 4 3 3 3 4 4 5 4 3 4
leaf_features=1 4 8 9  1 8 9  1 4 8 9  1 4 9  1 4 8 9  1 4 8 9  1 4 9  1 8 9  1 4 8 9  1 4 5 9  1 4 5 9  1 8 9  1 4 9  1 8 9  1 8 9  1 4 8 9  1 4 9  1 4 8 9  1 8 9  1 8 9  1 4 5 8 9  1 4 8 9  1 8 9  1 8 9  1 4 9  1 4 8 9  1 4 8 9  1 4 5 8 9  1 4 8 9  1 8 9  1 4 8 9  
leaf_coeff=0.00099263896833600156 0.002375666600856358 0.055095881991687183 -0.014665520422514788  0.05257051226348624 0.034519188278346748 -0.04816107220618307  0.0031974990569061806 0.0017000808186423745 0.0089120814694524601 -0.0033975628054378152  0.0035782078075784016 0.045537149408584915 -0.035248484560692364  0.0036411106452057143 0.0013884437081731706 0.014052475265452814 -0.012164350724196993  0.057704137592004136 0.0040243319410721567 -0.032062713484850749 -0.034512477964790379  -0.00075334527347321607 0.057396624834757409 -0.045819422313840619  0.039190510407092566 0.045622526370152627 -0.039497989219546531  0.0035161088888302733 0.024923504389271083 -0.058651968786826103 0.014782962352268215  0.0052683867041132208 0.00570791523825549 -0.0010310327733467739 0.00027933362782706084  0.003733366207776978 0.024543830107263 0.0043830140832731958 -0.023121676002122629  0.051511241172894719 0.041735924516822821 -0.050428560627786112  0.0027403088458476943 0.04223719682523637 -0.039265841618151859  0.021239052532034466 0.095402152582914831 -0.037292288726200697  0.050645482235356101 0.047916700573250641 -0.051578051815920394  0.0024896556667538764 0.01039176140690188 -0.042110672791886829 0.015531130809915795  0.0035306469288977297 0.056590552753894491 -0.039410274228032449  0.00255846461161853 0.0015545117737354676 0.022119740287894277 -0.0078652850726740556  0.032609743225404844 0.030831958884499501 -0.040194420592317218  0.039733960531306539 0.024049913938452506 -0.043982615863976809  0.0036706938634788579 0.015254678274706635 0.0053740059879732634 0.018123787121407987 -0.029945430715133628  0.0033893693056894882 0.0020467249962231814 0.015577372086727338 -0.013891301431988268  0.039610047749004187 0.015014338284890983 -0.038260633519597326  0.043779846006059088 0.01902418567082691 -0.045610013479172554  0.020966811089326146 0.031407987081052725 -0.034532251728892051  0.0043948055726689694 0.0055497724797872253 0.057532883270594762 -0.036082373710062045  0.0031236875661000531 0.020193349649616901 -8.2111248826777231e-05 -0.01632253324034565  0.0028451086454094727 0.0045208953140317499 -0.0007224968546203609 0.032043846041616877 -0.020926325294674444  0.021271709797361989 0.0025668681412956752 0.096444797190517309 -0.041336488598184576  0.033599851191663088 0.014670465648342202 -0.032563961730571127  0.0025193224239704994 0.00777464933733878 0.010046392575867459 -0.013686640696735709  
shrinkage=0.1


Tree=7
num_leaves=31
num_cat=0
split_feature=1 9 4 8 9 4 1 1 4 8 5 4 9 1 9 9 1 9 9 8 9 4 4 1 1 4 8 1 9 8
split_gain=60072.8 30858.8 8850.27 8700.13 6081.47 5999.39 2544.94 2242.02 2172.36 1897.45 1794.99 1333.1 822.068 621.874 587.167 557.428 544.93 521.146 503.504 494.4 461.087 349.315 341.233 310.21 308.29 307.297 473.826 301.299 296.677 296.454
threshold=5.7413980499943591 6.679421601977551 5.589117819455554 3.0000000000000004 7.2264807709440779 5.681876188177875 6.6939428633955229 6.7339967759051547 4.297262267176281 3.0000000000000004 10.681217120745677 6.0764941372188597 6.3603544996165118 6.2235673486733658 7.2264807709440779 6.0514929658566965 7.2851637305456958 7.0413885088913739 7.2155147261648063 3.0000000000000004 6.0514929658566965 4.8789996228937618 4.9163179057820896 7.4268466029029616 6.2353901579610387 5.1503930356556173 3.0000000000000004 4.4716224665663962 6.3204042442512467 3.0000000000000004
decision_type=2 2 2 2 2 2 2 2 2 2 2 2 2 2 2 2 2 2 2 2 2 2 2 2 2 2 2 2 2 2
left_child=1 5 3 18 7 9 13 12 17 27 28 -4 -2 25 -10 -7 -8 -5 -3 23 21 -12 -16 -9 -14 26 -6 -1 -11 -18
right_child=4 2 11 8 6 15 16 19 14 10 20 -13 24 -15 22 -17 29 -19 -20 -21 -22 -23 -24 -25 -26 -27 -28 -29 -30 -31
leaf_value=0.021018960924673549 0.081363054343304084 -0.00044651978907064675 0.0056453365738121141 -0.02093656476984241 0.027699025987520179 0.07313942324094623 0.053139375828163499 0.10318718753145024 -0.0055013399893689453 0.0086045956956250537 0.020275331711616711 0.02995321767683189 0.039747473956598264 0.037560522435361766 -0.021713924347895274 0.047010515986874835 0.098412610757753927 -0.030453737173278067 -0.0082804637890388551 0.08786927950916007 0.01485588772009108 0.042547605248017033 -0.012999740083578246 0.13624602951010786 0.061884353042999253 0.047030949650635027 0.0011153248250100271 0.043064533719928917 -0.00037678865391157178 0.066257333581806341
leaf_weight=157791 15451 98703 49975 70729 13640 12358 24658 8958 40232 53133 14706 41130 11239 36669 131754 24063 4792 308471 486072 17152 48380 13512 68195 4155 14290 3286 13187 6453 119490 7138
leaf_count=157791 15451 98703 49975 70729 13640 12358 24658 8958 40232 53133 14706 41130 11239 36669 131754 24063 4792 308471 486072 17152 48380 13512 68195 4155 14290 3286 13187 6453 119490 7138
internal_value=0 -0.00559552 -0.0134325 -0.0157061 0.055923 0.0169677 0.0404297 0.0784024 -0.0239653 0.0135404 0.00804092 0.0166193 0.0631574 0.0288157 -0.016524 0.0558763 0.0616281 -0.0286786 -0.00695819 0.0990447 0.0207812 0.0309403 -0.0187418 0.113662 0.0521387 0.0181671 0.0146316 0.0218851 0.00238766 0.0791734
internal_weight=1.91976e+06 1.74515e+06 1.29526e+06 1.20416e+06 174615 449886 103370 71245 619381 413465 249221 91105 40980 66782 240181 36421 36588 379200 584775 30265 76598 28218 199949 13113 25529 30113 26827 164244 172623 11930
internal_count=1919762 1745147 1295261 1204156 174615 449886 103370 71245 619381 413465 249221 91105 40980 66782 240181 36421 36588 379200 584775 30265 76598 28218 199949 13113 25529 30113 26827 164244 172623 11930
is_linear=1
leaf_const=0 0.071771445894705729 0 0.04430787145575437 0 0 0 0.12064122387300813 0 0 0 0 0.040237021711959642 0.051690293235765239 0.079016904328318566 0 -0.032428467032855228 0 0 0 0 0 0 0 0 0.14432657949391797 -0.10218841781688753 0 0 0 0
num_features=4 2 4 3 4 4 3 2 3 4 5 4 3 2 2 4 3 3 4 4 3 5 4 4 3 2 3 4 4 5 3
leaf_features=1 4 8 9  1 9  1 4 8 9  1 4 9  1 4 8 9  1 4 8 9  1 4 9  1 9  1 8 9  1 4 8 9  1 4 5 8 9  1 4 5 9  1 4 9  1 9  1 9  1 4 8 9  1 4 9  1 8 9  1 4 8 9  1 4 8 9  1 8 9  1 4 5 8 9  1 4 5 9  1 4 8 9  1 8 9  1 9  1 4 9  1 4 8 9  1 4 8 9  1 4 5 8 9  1 8 9  
leaf_coeff=0.00089337505745219206 0.0021381001414750383 0.049586293829417372 -0.013198968473176543  0.040149026837254104 -0.039632692914510416  0.0028992147328354037 0.0015068938040659842 -0.0083196985612289612 0.0016293607362655395  0.0035900871023613989 0.032105122296711384 -0.031029893756523208  0.0032153805997410245 0.0021068781895824174 0.01115343421297439 -0.010306015645437584  0.052225926006992884 0.0034136448584289104 -0.10730634953620211 -0.010073828585953494  -0.00067801057560665798 0.051656962039564297 -0.041237479864200566  0.027773097662998226 -0.035349260712433765  0.033174178705193923 0.077706150396575427 -0.043524276287539722  0.0028047950844640405 0.015946931042046086 -0.04824263156135089 0.015537295304748967  0.0045871400844573976 0.0041957062735314748 -0.00080752037786679942 0.031159146417485319 -0.020719751105207254  0.007226447490264843 0.0066563718094657005 0.0045348114093098245 -0.010263868770310582  0.0025032044043425475 0.038513769952628257 -0.034978980643640516  0.021732730973538141 -0.020822884794695542  0.027308648290326688 -0.029558011987438706  0.0023479069270675029 0.0057034867368862879 0.0089153468787685607 -0.011399146801414873  0.0031775822110132524 0.050931497139332295 -0.035469244388252719  0.043462632333171318 -0.03845425667714153 -0.021739473127490784  0.0029781464251676438 0.0021780725782806071 0.013523094377620738 -0.012309781995645608  0.0023020654586999897 0.001399810870708207 0.019888794587765803 -0.0070738820984416863  0.037136794347320978 0.016162623264424525 -0.037776865770275239  0.0032411576080693671 0.012639747217076903 0.0052421190562618849 0.014279230218434691 -0.025542116912893677  0.0035879077440744479 0.027136979689913687 0.0024071949879999723 -0.022093609920528934  0.002856855340051867 0.016737839171391277 0.0025154508928551425 -0.015125590745071804  0.050458698747781305 0.040055199816572441 -0.050975619717232946  0.025591474167259778 -0.036415411185527095  0.019383079617796284 0.027957461997695266 -0.017304752904783529  0.004629020874303791 0.0048924255306349506 0.03352420198760591 -0.023185511122424708  0.019144538763076299 0.0023101813303816666 0.086800318363066259 -0.037202839969658189  0.0024254658904858204 0.0037277662948663097 -0.00062672700440129659 0.029820029422490381 -0.019339578127304271  0.027340192693263533 -0.01750707596806933 -0.0095642745680720523  
shrinkage=0.1


Tree=8
num_leaves=31
num_cat=0
split_feature=1 9 4 8 9 4 1 5 8 1 4 4 5 9 1 4 8 9 9 8 9 9 9 8 4 8 8 4 1 9
split_gain=48681.1 24922 7147.66 6780.34 5056.24 4888.84 2177.28 2017.71 1979.28 1914.32 955.718 892.562 772.269 691.952 540.124 499.538 461.354 432.052 403.729 400.465 346.416 315.996 281.266 275.404 273.282 382.108 270.699 272.337 268.147 265.905
threshold=5.688667405331941 6.679421601977551 5.6954128126540526 3.0000000000000004 7.2264807709440779 5.3821962081647756 6.6852363373681447 10.315613758283842 3.0000000000000004 6.7339967759051547 5.9952067579627961 6.2412495553129679 10.268286903767622 6.3603544996165118 6.2235673486733658 5.3008111373035574 3.0000000000000004 7.0413885088913739 7.1861281871627325 3.0000000000000004 6.0514929658566965 7.2264807709440779 6.0514929658566965 3.0000000000000004 5.1328485759866682 3.0000000000000004 3.0000000000000004 5.0657496176235997 7.2664780635385222 6.0514929658566965
decision_type=2 2 2 2 2 2 2 2 2 2 2 2 2 2 2 2 2 2 2 2 2 2 2 2 2 2 2 2 2 2
left_child=1 5 3 18 9 8 14 17 -1 13 20 -4 -10 -2 24 21 28 -5 -3 -11 -7 -9 -14 -15 25 -6 -16 -28 -8 -12
right_child=4 2 11 7 6 10 16 15 12 19 29 -13 22 23 26 -17 -18 -19 -20 -21 -22 -23 -24 -25 -26 -27 27 -29 -30 -31
leaf_value=0.019591993077522473 0.072639526039065899 -0.00048298278652373857 0.010077967758213745 -0.018585011917883375 0.024002186479658408 0.046547992299238394 0.059385575851344345 -0.0066689641981160196 0.00087014433579548668 0.10229602700065543 0.073542418141383792 0.033488931569397071 0.021065727934392969 0.056939620293645334 0.043335412531202024 -0.0041261056094887326 0.046401082927317441 -0.027048518492000781 -0.007508384781572887 0.079082349787897147 0.025350629095017719 -0.017902072166374929 0.0086974103449577907 0.036564955696174455 0.041651023996309683 0.0011943185746863252 0.019519041007402236 0.047301549411757023 0.088186111296946978 0.050633927470692501
leaf_weight=163714 16065 98400 58253 73756 14909 11438 9412 30117 147245 13113 7886 22605 28344 12766 16083 44102 22893 331014 484852 17152 23652 148636 52336 13812 3686 14479 15365 4580 4924 14173
leaf_count=163714 16065 98400 58253 73756 14909 11438 9412 30117 147245 13113 7886 22605 28344 12766 16083 44102 22893 331014 484852 17152 23652 148636 52336 13812 3686 14479 15365 4580 4924 14173
internal_value=0 -0.00511014 -0.0121633 -0.0140856 0.0496227 0.0151909 0.035715 -0.0212992 0.0112039 0.069906 0.0425134 0.0166228 0.00517889 0.056255 0.0252117 -0.0136578 0.0552103 -0.0255063 -0.00632313 0.0891402 0.0322602 -0.0160095 0.0130426 0.0463514 0.0159844 0.0127651 0.0336825 0.0258988 0.0692777 0.0588236
internal_weight=1.91976e+06 1.74052e+06 1.29174e+06 1.21088e+06 179239 448788 106331 627625 391639 72908 57149 80858 227925 42643 69102 222855 37229 404770 583252 30265 35090 178753 80680 26578 33074 29388 36028 19945 14336 22059
internal_count=1919762 1740523 1291735 1210877 179239 448788 106331 627625 391639 72908 57149 80858 227925 42643 69102 222855 37229 404770 583252 30265 35090 178753 80680 26578 33074 29388 36028 19945 14336 22059
is_linear=1
leaf_const=0 0.075709669732657414 0 -0.0031004836206022903 0 0 0 0 0 0 0 0 0.054047841686974608 0 0 0 0 0 0 0 0 0.10815589936361221 0 0 0 -0.082270547984035158 0 0 0 0 -0.018212772309948378
num_features=4 2 4 3 5 4 3 3 5 5 3 3 3 4 3 3 5 3 5 4 3 3 5 5 3 3 4 4 4 3 3
leaf_features=1 4 8 9  1 9  1 4 8 9  1 4 9  1 4 5 8 9  1 4 8 9  1 4 9  1 8 9  1 4 5 8 9  1 4 5 8 9  1 8 9  1 4 9  1 4 9  1 4 5 9  1 8 9  1 8 9  1 4 5 8 9  1 8 9  1 4 5 8 9  1 4 8 9  1 8 9  1 4 9  1 4 5 8 9  1 4 5 8 9  1 8 9  1 4 9  1 4 8 9  1 4 8 9  1 4 8 9  1 8 9  1 4 9  
leaf_coeff=0.0027035652847330416 0.0018772391897431075 0.046516719712337819 -0.012477219611258762  0.034958590574969153 -0.036250452935081515  0.002408446477438242 0.0013307731822696735 -0.031928933658923596 0.0084759610298220881  0.0026302386423599743 0.037887001921830789 -0.029134678180992069  0.002160584356544959 0.0033930158666063194 -0.00091793916038014351 0.0077111566445637438 -0.0073917157325922751  0.045693705493366737 0.0030253296529594354 -0.089293769383141361 -0.0099585002546433554  0.0011530812454563222 0.023437567127642469 -0.014485938226653873  0.035718515446305332 -0.11054546258419579 0.0045460075478558791  0.002163228639139292 0.0048044814283521482 0.0055428605867954952 -0.041984057262538954 0.011173589652193528  0.0023977908034523085 0.0025731884172284949 -0.00045867715427000552 0.02106792636137661 -0.013772941734616418  0.041088685337864389 0.036768987624655837 -0.041065839191726641  -0.0025646323866927675 0.045391681190920963 -0.035843302184525784  0.0018633580985921716 0.031164535308100483 -0.030707496995245265  0.0046416811019122988 0.012206394603248594 0.0023633806980193129 -0.010371344195542066  0.039051985451366615 0.00946524330857983 -0.030218311006532873  0.014995195641999715 -0.030293956008358693 0.00093002208831762803  0.0032214665876874656 0.021099178090971948 0.0049516944155860946 0.0055925607611174051 -0.027495635131769183  0.029434780204303124 -0.028315602442989987 -0.0068338377185739319  0.0019646138225964806 0.0035720449175319136 -0.00098975104868603836 0.013311579365404214 -0.011144346906806392  0.0019180490554238832 0.0012362284232671163 0.017675970045701206 -0.0062963519350439871  0.03342311505443387 0.01454636089105037 -0.033999179316852944  0.0026655678097315728 0.024372020508057802 -0.033933142079435187  0.0019460211874428703 0.0035451089030412498 0.0046615854665769786 0.00034864292629777083 -0.011730795896542646  0.0022176272303955137 0.0055388854060598909 0.0024225266387917447 0.01816176601677455 -0.018041576880985843  0.029179190240057263 -0.0047531184487326072 -0.018574244686350029  0.017264618696007972 0.024051253085982216 -0.015870857318043365  0.00059064814543154098 0.0042406716103275425 0.036674617643777198 -0.021417083131388015  0.035650542631437791 0.0025467126285096068 -0.016954768327499894 -0.020081221569094511  0.013373889702481146 0.025313735889435307 -0.020023717207084249 -0.014104456226607455  0.039078689622527918 -0.044060880458710018 -0.016918232154785075  0.0024969477909896121 0.044858733959094371 -0.032572140668011687  
shrinkage=0.1


Tree=9
num_leaves=31
num_cat=0
split_feature=1 9 4 8 9 4 1 5 1 8 4 4 5 9 1 4 8 9 9 8 9 4 8 8 1 9 1 9 8 4
split_gain=39458.3 20135.4 5784.71 5484.21 4171.14 3968.84 1830.16 1631.16 1607.71 1592.02 775.384 729.972 628.431 576.013 464.672 431.516 373.697 342.165 324.728 324.376 281.256 237.601 338.25 236.888 236.638 231.737 217.199 215.564 209.993 211.192
threshold=5.6401308701359305 6.679421601977551 5.6954128126540526 3.0000000000000004 7.2264807709440779 5.3821962081647756 6.6852363373681447 10.245160526925359 6.7339967759051547 3.0000000000000004 5.9952067579627961 6.0879098011795767 10.219046187648866 6.3603544996165118 6.2353901579610387 4.9163179057820896 3.0000000000000004 7.0413885088913739 7.1002286313348266 3.0000000000000004 6.0514929658566965 5.0845003501084243 3.0000000000000004 3.0000000000000004 6.2136070970868564 6.0514929658566965 7.2664780635385222 6.0514929658566965 3.0000000000000004 5.0657496176235997
decision_type=2 2 2 2 2 2 2 2 2 2 2 2 2 2 2 2 2 2 2 2 2 2 2 2 2 2 2 2 2 2
left_child=1 5 3 18 8 9 14 17 13 -1 20 -4 -11 23 21 -9 26 -5 -3 -10 -7 22 -6 -2 -15 -14 -8 -12 -16 -30
right_child=4 2 11 7 6 10 16 15 19 12 27 -13 25 24 28 -17 -18 -19 -20 -21 -22 -23 -24 -25 -26 -27 -28 -29 29 -31
leaf_value=0.017552696913010816 0.07744273123114756 -0.00049381411086231279 0.0054741427834911639 -0.016953283016993954 0.021443848467478051 0.041875199112146495 0.053447021740852897 -0.01623968521365712 0.092066422965550732 0.0005914131971240282 0.066187718783551105 0.024492221019494238 0.018667146381194523 0.031261087483172148 0.039091707843463219 -0.0075585739816007337 0.041760973221549709 -0.024598736301540511 -0.0068013899054639622 0.07117411583217223 0.022769504897299585 0.036662597718842664 0.00080177396014578036 0.053482381952074332 0.049924828192429882 0.0076426928178415414 0.079367500183170264 0.045557376584556275 0.017868952398887292 0.042541418554407087
leaf_weight=163277 7950 98181 40628 71729 16280 11434 9412 139070 13113 143542 7884 40105 29250 12551 15723 97335 22893 318280 483865 17152 23626 4209 15493 8579 14809 54768 4924 14164 15025 4511
leaf_count=163277 7950 98181 40628 71729 16280 11434 9412 139070 13113 143542 7884 40105 29250 12551 15723 97335 22893 318280 483865 17152 23626 4209 15493 8579 14809 54768 4924 14164 15025 4511
internal_value=0 -0.00464844 -0.0109947 -0.0127261 0.0442164 0.0136161 0.0317207 -0.0192197 0.0624947 0.0100181 0.0382407 0.0149216 0.00461189 0.0502675 0.0223307 -0.0126654 0.0496893 -0.0231926 -0.00573741 0.0802262 0.0290004 0.0143361 0.0113785 0.0650067 0.0413631 0.0114807 0.06235 0.0529344 0.0304894 0.023566
internal_weight=1.91976e+06 1.73714e+06 1.28919e+06 1.20846e+06 182624 447945 108470 626414 74154 390837 57108 80733 227560 43889 71241 236405 37229 390009 582046 30265 35060 35982 31773 16529 27360 84018 14336 22048 35259 19536
internal_count=1919762 1737138 1289193 1208460 182624 447945 108470 626414 74154 390837 57108 80733 227560 43889 71241 236405 37229 390009 582046 30265 35060 35982 31773 16529 27360 84018 14336 22048 35259 19536
is_linear=1
leaf_const=0 0 0 0.043973433175304423 0 0 0 0 0 0 0 0 0.037696915774813537 0 0.075180399503960882 0 0 0 0 0 0 0.097444758305596235 -0.061457871400557453 0 0 0.11565440197789485 0 0 -0.016324436605623306 0 0
num_features=4 3 4 3 5 4 3 3 5 3 5 3 3 4 2 3 5 3 5 4 3 3 3 4 3 2 5 3 3 4 4
leaf_features=1 4 8 9  1 8 9  1 4 8 9  1 4 9  1 4 5 8 9  1 4 8 9  1 4 9  1 8 9  1 4 5 8 9  1 8 9  1 4 5 8 9  1 4 9  1 4 9  1 4 5 9  1 9  1 8 9  1 4 5 8 9  1 8 9  1 4 5 8 9  1 4 8 9  1 8 9  1 4 9  1 4 9  1 4 8 9  1 8 9  1 9  1 4 5 8 9  1 8 9  1 4 9  1 4 8 9  1 4 8 9  
leaf_coeff=0.0022513385235701277 0.0017034997646082795 0.041700343428746581 -0.011180574739954175  0.03869422102871356 0.022278860595571361 -0.034090402174511779  0.0019937924683422147 0.0012184903834058459 -0.04431467166730272 0.012082504367396042  0.0024067889350419345 0.024990092609805361 -0.025400906021232929  0.0017495588506264426 0.0028914336726835188 -0.00078376866289318068 0.0042977876073564403 -0.0051367954103625386  0.038708014652740069 0.0026971617345854185 -0.075025687010952427 -0.0084073710585329305  0.00088186746558067692 0.021033809519610005 -0.012979183799093619  0.032146663570684096 -0.099490911193242937 0.0040914057112559025  0.0014821689412012175 0.0010684237310169876 0.0048564356501683784 0.013816424255168158 -0.017449237367586079  0.036979816756639486 0.033092088300294621 -0.036959255048392238  0.0019487713146778959 0.0022206140835094412 -0.00041340162005164792 0.018934496053368097 -0.012347398083415218  -0.0023792902241657437 0.040846302500105486 -0.032252174719963021  0.0017414204819465235 0.030539403273257906 -0.028443540382898647  0.0039739104429380228 0.010647451929402064 0.0022187926958649128 -0.0092391919218083995  0.010501079858205743 -0.01556896911662733  0.013272856006447143 -0.024689008052541796 0.00033593189373277711  0.0021047349605271509 0.012414024911737665 0.0031110744359755362 0.011384378328033407 -0.021157304805922553  0.026491302155398702 -0.025484041986635477 -0.0061504540346390968  0.0016388585506115277 0.0030630544617866631 -0.00086406385674367989 0.012196000100382777 -0.010130649313231288  0.0015891006278747567 0.0011135866111713967 0.015826650356413553 -0.0056437702742506701  0.030080803632635589 0.013091724636004188 -0.030599261377388845  0.0021259569968751558 0.021904560361743819 -0.030527885629841479  0.015131156104122568 0.021345571133143615 -0.01539796603365744  0.00015356870866597289 0.0036687433171721517 0.033509692135033652 -0.019204740854802262  0.024857027592547168 0.017305929292679424 -0.027913166064526252  0.021050201605231678 -0.029619002732079028  0.0017993258735792606 0.0048685909213658013 0.0020505807121595334 0.016776953918445515 -0.016191253590862688  0.035170820535545037 -0.039654785230595735 -0.01522641078322522  0.0020211015470215977 0.04038869929054556 -0.029340129640289092  0.03037802002500474 0.0022286850205960581 -0.012122317898280244 -0.018238998580443422  0.012849387649056576 0.022600529882785027 -0.019184119892361198 -0.012644782228761642  
shrinkage=0.1


Tree=10
num_leaves=31
num_cat=0
split_feature=1 9 4 8 1 4 9 8 4 9 4 4 5 1 9 8 8 9 1 9 4 8 8 4 9 5 9 5 9 4
split_gain=31962.8 16298.3 4688.27 4623.7 3407.95 3213.96 1781.8 1287 1154.79 1139.14 723.858 629.315 509.609 509.452 324.137 305.427 301.104 271.778 270.653 261.669 253.841 381.125 242.45 239.616 228.083 198.036 189.498 174.742 174.644 174.417
threshold=5.625819309938989 6.679421601977551 5.589117819455554 3.0000000000000004 6.7232311178383295 5.3821962081647756 6.679421601977551 3.0000000000000004 4.297262267176281 7.2264807709440779 6.0626210638078133 5.9952067579627961 10.190656992911052 6.2235673486733658 7.2264807709440779 3.0000000000000004 3.0000000000000004 7.0413885088913739 7.3616929901185424 7.0413885088913739 5.0005792898547883 3.0000000000000004 3.0000000000000004 4.886575525404063 6.0514929658566965 10.497628982219164 6.0514929658566965 9.3179832799836522 6.0514929658566965 4.9163179057820896
decision_type=2 2 2 2 2 2 2 2 2 2 2 2 2 2 2 2 2 2 2 2 2 2 2 2 2 2 2 2 2 2
left_child=1 5 3 19 6 7 15 27 17 18 -4 24 -9 20 -10 -2 -11 -5 -6 -3 21 -8 -15 -24 -7 -17 -14 -1 -13 -16
right_child=4 2 10 8 9 11 13 12 14 16 -12 28 26 22 29 25 -18 -19 -20 -21 -22 -23 23 -25 -26 -27 -28 -29 -30 -31
leaf_value=0.014299147025302723 0.06165180845693842 -0.00046719238129761144 0.0037189061349316081 -0.015449393963792683 0.064567143290246293 0.037669517190609944 0.021342189680789575 0.00045021989236184682 -0.0039636210405534457 0.057430512661058267 0.021641477155085517 0.059568948089653073 0.016665293423694456 0.037823860179477219 -0.015952134874660094 0.033870476103297562 0.038250439887771451 -0.022340142302951851 0.083859040217248951 -0.0061316686411882933 0.034440682439334645 0.0011284962739758369 0.017097156567594588 0.038432227616266412 0.020458252595895426 0.059486490916026757 0.0067944473535582308 0.023025110464818713 0.040999179512426487 -0.0097029878779665221
leaf_weight=135517 14073 98096 48666 70368 18875 11428 19618 141548 40075 13222 41968 7884 29757 20851 131029 10685 21485 306748 11830 483539 5668 17783 18130 7418 23600 4206 56145 27628 14162 67760
leaf_count=135517 14073 98096 48666 70368 18875 11428 19618 141548 40075 13222 41968 7884 29757 20851 131029 10685 21485 306748 11830 483539 5668 17783 18130 7418 23600 4206 56145 27628 14162 67760
internal_value=0 -0.00419913 -0.00991108 -0.0115706 0.0396496 0.0122381 0.0295311 0.00899916 -0.0176084 0.0579697 0.0120179 0.034404 0.00413766 0.0225522 -0.012168 0.0510887 0.0455573 -0.0210544 0.0719999 -0.00517632 0.0147198 0.0117312 0.0298223 0.0232919 0.0260735 0.0411058 0.0102138 0.0157769 0.04764 -0.013822
internal_weight=1.91976e+06 1.73592e+06 1.28825e+06 1.19762e+06 183844 447669 118432 390595 615980 65412 90634 57074 227450 89468 238864 28964 34707 377116 30705 581635 43069 37401 46399 25548 35028 14891 85902 163145 22046 198789
internal_count=1919762 1735918 1288249 1197615 183844 447669 118432 390595 615980 65412 90634 57074 227450 89468 238864 28964 34707 377116 30705 581635 43069 37401 46399 25548 35028 14891 85902 163145 22046 198789
is_linear=1
leaf_const=0 0 0 0.042605968969181167 0 0.12872733603755934 0 0 0 0 0 0.031021314357940356 0 0 0 0 0 0 0 -0.0015867979706399638 0 0.097779942235717954 0 0 0 0.088006493904811134 0 0 0 -0.014668501404594282 0
num_features=5 3 4 3 4 2 3 4 5 4 3 3 3 4 3 4 4 3 4 2 4 3 4 4 4 3 4 5 5 3 4
leaf_features=1 4 5 8 9  1 8 9  1 4 8 9  1 4 9  1 4 8 9  1 9  1 4 9  1 4 8 9  1 4 5 8 9  1 4 8 9  1 8 9  1 4 9  1 4 9  1 4 5 9  1 8 9  1 4 8 9  1 5 8 9  1 8 9  1 4 8 9  1 9  1 4 8 9  1 4 9  1 4 8 9  1 4 8 9  1 4 8 9  1 4 9  1 5 8 9  1 4 5 8 9  1 4 5 8 9  1 4 9  1 4 8 9  
leaf_coeff=0.0015317313075244477 0.0009400548573269996 -0.00047092999632161183 0.034219883046039359 -0.0083267189918506904  0.035757566018969802 0.020709855415546485 -0.031874225513821131  0.0017163305866819746 0.0010769348469654716 -0.038565091784118981 0.010505103545648355  0.0021986954867488236 0.021388026658254591 -0.022432188854825431  0.0018052880114201031 0.001507588639751667 0.013672123563083005 -0.010675949896449311  0.016465218440254149 -0.027401697044287944  0.00060670612452480154 0.018999101016883915 -0.011745723117601159  0.034519413076881222 0.002611653386825669 -0.0013939962801259754 -0.02521091664439723  0.0017027081578273912 0.0019418304996710546 -0.00036959912332370246 0.017052575550922596 -0.011105487661664096  0.0015776824834358384 0.011427294170554454 -0.041784387538757531 0.015299140716015814  0.031362563964874822 -0.089663897617401747 0.0014466232709310135  0.0015492470770895512 0.027920884045926186 -0.025590585875449535  -0.0021413610595171009 0.036761674123363265 -0.029026959278257894  0.003509608744826598 0.0094329106530940624 0.0020147496343861705 -0.0082292447121705692  0.012454140968264983 0.068999580281143835 -0.024791354866181337  0.0012795435150783616 0.0033987409755826814 0.0058983454886714533 -0.0075049232587332433  0.029678094630142638 0.00073361221753840691 0.010039038575351357 -0.030721567491049484  0.023910618333514225 -0.023174464602050193 -0.0054745711029568159  0.0018721800161373649 0.0015512369004932816 0.0097354298303287123 -0.0088950299516497473  0.038121027223875364 -0.031633962872717802  0.0013984114833586539 0.00099532239018831903 0.01423016168397453 -0.0050730050298803068  0.012228716247949479 0.019869588962348673 -0.033843344568298052  -0.0041369548804459809 0.0031659218834766776 0.035748296325846328 -0.016896441426084374  0.030412952835510366 0.0018241002773328021 -0.0056590215327815942 -0.021933573543553565  0.01213171282607358 0.019230361226453763 0.013606202667429557 -0.027553722846651852  0.001689492618190619 0.019693899871292688 -0.027503208250019642  0.0061748979965185581 0.0220882945274429 -0.021955786031978165 -0.021448971236158344  0.0015417995096068838 0.0043237953768699103 0.0017941269544047957 0.01524715526280076 -0.014530464720420612  0.0016842171988652014 -0.011763110479805806 0.023818424664653691 -0.042932009333663507 -0.012651992675543866  0.0018009585540397666 0.036345567478302601 -0.026405604709596277  0.0015732273066298486 0.011428873841581989 0.00067007136642303075 -0.009845266670835429  
shrinkage=0.1


Tree=11
num_leaves=31
num_cat=0
split_feature=1 9 4 8 1 4 9 9 4 8 5 4 1 8 9 4 8 8 9 9 4 8 8 4 9 5 5 4 1 1
split_gain=25905.7 13181.3 3794.13 3744.27 2798.47 2606.78 1416.89 970.472 934.185 808.002 762.828 587.647 394.849 274.271 262.79 255.279 245.705 239.29 219.654 210.917 210.591 308.024 187.696 187.371 172.167 161.486 159.835 157.701 162.547 151.458
threshold=5.6039604435878507 6.679421601977551 5.589117819455554 3.0000000000000004 6.6939428633955229 5.6716020950760067 6.679421601977551 7.2264807709440779 4.297262267176281 3.0000000000000004 10.864799450012111 6.0626210638078133 6.2235673486733658 3.0000000000000004 7.2264807709440779 6.2275238364393255 3.0000000000000004 3.0000000000000004 7.0413885088913739 7.0413885088913739 5.0005792898547883 3.0000000000000004 3.0000000000000004 4.8322978221268906 6.0514929658566965 10.396948275218795 9.5193312890754243 5.4785512376367516 7.2851637305456958 7.4051916194077991
decision_type=2 2 2 2 2 2 2 2 2 2 2 2 2 2 2 2 2 2 2 2 2 2 2 2 2 2 2 2 2 2
left_child=1 5 3 19 6 9 17 13 18 -1 26 -4 20 29 -10 -7 -9 -2 -5 -3 21 -8 -14 -24 -12 -19 -11 28 -18 -6
right_child=4 2 11 8 7 15 12 16 14 10 24 -13 22 -15 -16 -17 27 25 -20 -21 -22 -23 23 -25 -26 -27 -28 -29 -30 -31
leaf_value=0.014168844836935091 0.054933582531130745 -0.00044275003275770839 0.0033166159767647101 -0.013924938744302029 0.067807601901201109 0.030456774702045886 0.019018440880308948 0.050824473769090328 -0.0035810237784077779 -0.00067381100425472403 0.02102427229569764 0.019470906316169798 0.033771667971533907 0.056145784100356325 -0.012459952103022238 0.047993751549875951 0.022759194743711013 0.029630637993484601 -0.020122147187727035 -0.0055306281430969164 0.03094844885349356 0.001071590846276715 0.014715862045843514 0.033665986987094124 0.01039124013935821 0.052458995976433088 0.0053330480149645651 0.050631264385921783 0.042641230165808314 0.090310037405136157
leaf_weight=162960 13849 98006 48616 70316 9614 24333 20116 14041 40056 107519 24615 41949 19816 18071 198638 12598 11654 10163 306471 483131 5789 18230 16655 7598 39930 4458 75335 4539 6354 4342
leaf_count=162960 13849 98006 48616 70316 9614 24333 20116 14041 40056 107519 24615 41949 19816 18071 198638 12598 11654 10163 306471 483131 5789 18230 16655 7598 39930 4458 75335 4539 6354 4342
internal_value=0 -0.00379678 -0.00893567 -0.0104293 0.0355413 0.0109916 0.0261168 0.0515668 -0.0158648 0.00870142 0.00510007 0.0107992 0.019856 0.0642782 -0.01097 0.036439 0.04044 0.0455136 -0.0189656 -0.00467258 0.0131703 0.0104864 0.0265517 0.0206526 0.0144463 0.0365911 0.00180099 0.0339732 0.0297744 0.0748086
internal_weight=1.91976e+06 1.73447e+06 1.28718e+06 1.19662e+06 185289 447290 116674 68615 615481 410359 247399 90565 88204 32027 238694 36931 36588 28470 376787 581137 44135 38346 44069 24253 64545 14621 182854 22547 18008 13956
internal_count=1919762 1734473 1287183 1196618 185289 447290 116674 68615 615481 410359 247399 90565 88204 32027 238694 36931 36588 28470 376787 581137 44135 38346 44069 24253 64545 14621 182854 22547 18008 13956
is_linear=1
leaf_const=0 0 0 0.038301047170067194 0 0 0.046095289883851365 0 0 0 0 0 0.027974803960063355 0 0 0 0.20579043227398872 0 0 0 0 0.090801163776029634 0 0 0 0 0 0 0 0 0
num_features=4 3 4 3 4 3 3 4 3 4 5 4 3 3 3 4 3 4 4 4 4 3 4 4 4 5 4 5 4 4 3
leaf_features=1 4 8 9  1 8 9  1 4 8 9  1 4 9  1 4 8 9  1 8 9  1 4 9  1 4 8 9  1 8 9  1 4 8 9  1 4 5 8 9  1 4 5 9  1 4 9  1 8 9  1 8 9  1 4 8 9  1 4 9  1 4 8 9  1 5 8 9  1 4 8 9  1 4 8 9  1 4 9  1 4 8 9  1 4 8 9  1 4 8 9  1 4 5 8 9  1 5 8 9  1 4 5 8 9  1 4 8 9  1 4 8 9  1 8 9  
leaf_coeff=0.0017016273562735947 0.0013776711826425495 0.033594947092669615 -0.0089962353586031437  0.032365849390483904 0.018031453603326499 -0.028654701508622083  0.0014636011530674232 0.000973635528188116 -0.033393813464044797 0.00907725056133586  0.0018944199894448219 0.019275757164946762 -0.02020301796764308  0.0015395439485452302 0.0013637457408190558 0.012855066460360831 -0.0099253701506313522  0.019164128430770179 0.061752378501863353 -0.028928135175965153  0.0012282363386226681 0.021811650917223348 -0.023039993151631324  0.030447829285234113 0.0023478665949903999 0.00079807374953873029 -0.022740006808837879  0.028429705811095121 -0.086270935912671126 0.0026227266846831302  0.0013644409969732598 0.010292184733871047 -0.03767254078283884 0.013802688721014533  0.0013121524767813056 0.0008866409379544853 -0.00030649389001450938 0.015376202464410583 -0.0097985592155724454  0.0019845886175956728 0.014405216117570153 0.0027986686516637605 -0.01399146187827185  0.0013512566710311828 0.025127693281021737 -0.023037987149421471  0.0098077908460646023 0.066797415902556168 -0.022372324897133922  0.023961482354786724 0.010622069087509801 -0.02446843328783679  0.0011608492470253807 0.0080121476200836882 0.0010845013609468879 -0.0075407559173356732  -0.0034471827093760844 0.0058646244419492182 -0.031107404801571904  0.018100450289364734 0.0022059409792840991 0.0062075257442472777 -0.017918056896283476  0.025128502579500406 0.00061405266211603249 0.01228753255507975 -0.028132807716674792  0.0016382972954041286 0.0013935825321935492 0.0087375733917241412 -0.0079910628711672878  0.0012184838791225062 0.00089025741200185471 0.012840560630309028 -0.0045725269946800045  0.010431624330293944 0.017772929256999425 -0.030284630408277738  -0.0039498559044613231 0.0028380458374782504 0.033156658985696023 -0.015553527233220787  0.027665233022602678 0.0015555147597389977 -0.0063892900256625751 -0.019295422650609951  0.010800334434935799 0.016668433152035724 0.013412948417177974 -0.024826242596266469  0.0015905681649095228 0.0084104378601185924 0.0035656191428568465 0.0087326912729309928 -0.016692803709977968  0.0067544030079067958 0.020010174861743196 -0.02155497829424249 -0.019572149581213696  0.0015072389380411699 0.0036545582867734019 0.0013786045044943075 0.013094009120765105 -0.012140833171451294  0.0063276447264862925 0.025073778402299785 -0.02980207252702485 -0.0033402467137477743  0.023657282486210109 0.0014628174931502259 0.00755872103419506 -0.022852943528880589  0.033420782058971636 0.030025702077151096 -0.034717208945074421  
shrinkage=0.1


Tree=12
num_leaves=31
num_cat=0
split_feature=1 9 4 8 1 4 9 5 8 9 4 4 5 1 4 8 8 8 4 8 9 9 9 9 8 4 4 5 4 1
split_gain=20999.9 10653.7 3069.26 2915.42 2326.84 2126.7 1174.76 865.178 840.96 786.083 415.371 398.527 334.663 333.363 242.228 222.16 199.021 190.726 181.839 255.32 180.642 168.913 153.078 152.136 152.034 152.015 132.4 131.721 127.885 132.88
threshold=5.5626010191691115 6.679421601977551 5.6954128126540526 3.0000000000000004 6.6939428633955229 5.3821962081647756 6.679421601977551 10.219046187648866 3.0000000000000004 7.2264807709440779 6.0124911652234827 6.2412495553129679 10.094231870550106 6.2235673486733658 5.344720891341141 3.0000000000000004 3.0000000000000004 3.0000000000000004 4.9732735209982879 3.0000000000000004 7.0413885088913739 7.0413885088913739 7.2264807709440779 6.0514929658566965 3.0000000000000004 4.791641144189394 4.5053345884235583 9.4766391934208603 5.4359006562387187 7.2460115738484996
decision_type=2 2 2 2 2 2 2 2 2 2 2 2 2 2 2 2 2 2 2 2 2 2 2 2 2 2 2 2 2 2
left_child=1 5 3 21 6 8 17 20 27 15 23 -4 -10 18 22 -6 -11 -2 19 -8 -5 -3 -9 -7 -15 -26 -19 -1 29 -18
right_child=4 2 11 7 9 10 13 14 12 16 -12 -13 -14 24 -16 -17 28 26 -20 -21 -22 -23 -24 -25 25 -27 -28 -29 -30 -31
leaf_value=0.01169156290633332 0.04906017273284817 -0.00044169528379847607 0.006443981252293788 -0.012469951655478817 0.067327728828797451 0.030614808820157619 0.016809865293681971 -0.0045926781152573369 0.0001301650282222044 0.045742015312004281 0.038742521357919099 0.022112019146304403 0.0079590176099418562 0.030394500999093549 -0.0022426380367218278 0.050531206484037798 0.01989354903131052 0.026553067152441368 0.027539442668951752 0.000799956851872462 -0.018054776056938192 -0.00499912311499906 -0.01201760875301499 0.01660350694488643 0.013027720627713979 0.02986128633611658 0.046869620456875732 0.020686740961484106 0.045273305291075983 0.037622118487785572
leaf_weight=144262 14197 97818 57955 71066 13956 11509 21110 33294 135503 14041 21800 22551 91455 19816 39778 18071 10985 10302 6296 18861 312998 482325 167266 23724 16243 8010 4658 18350 4689 6873
leaf_count=144262 14197 97818 57955 71066 13956 11509 21110 33294 135503 14041 21800 22551 91455 19816 39778 18071 10985 10302 6296 18861 312998 482325 167266 23724 16243 8010 4658 18350 4689 6873
internal_value=0 -0.00344713 -0.00807116 -0.00933461 0.031733 0.009858 0.0233052 -0.0140768 0.00721765 0.0464102 0.0278932 0.0108328 0.00328488 0.0176721 -0.00937119 0.0578504 0.036396 0.0407578 0.0117434 0.00925532 -0.0170214 -0.00423069 -0.010785 0.0211804 0.0238965 0.0185873 0.0328789 0.0127066 0.0305759 0.0267167
internal_weight=1.91976e+06 1.73165e+06 1.28505e+06 1.20454e+06 188108 446603 119493 624402 389570 68615 57033 80506 226958 90336 240338 32027 36588 29157 46267 39971 384064 580143 200560 35233 44069 24253 14960 162612 22547 17858
internal_count=1919762 1731654 1285051 1204545 188108 446603 119493 624402 389570 68615 57033 80506 226958 90336 240338 32027 36588 29157 46267 39971 384064 580143 200560 35233 44069 24253 14960 162612 22547 17858
is_linear=1
leaf_const=0 0 0 0.0036532442446201687 0 0 0 0 0 0 0 0.0062519067473090217 0.039140162115563731 0 0 0 0 0 0 0.090644980219451554 0 0 0 0 0.07593750677055483 0 0 0 0 0 0
num_features=5 3 4 3 5 3 3 4 5 5 3 3 3 5 3 5 3 4 4 3 4 5 4 5 3 4 4 4 5 4 4
leaf_features=1 4 5 8 9  1 8 9  1 4 8 9  1 4 9  1 4 5 8 9  1 8 9  1 4 9  1 4 8 9  1 4 5 8 9  1 4 5 8 9  1 8 9  1 4 9  1 4 9  1 4 5 8 9  1 8 9  1 4 5 8 9  1 8 9  1 4 8 9  1 4 8 9  1 4 9  1 4 8 9  1 4 5 8 9  1 4 8 9  1 4 5 8 9  1 4 9  1 4 8 9  1 4 8 9  1 4 8 9  1 4 5 8 9  1 4 8 9  1 4 8 9  
leaf_coeff=0.0010083730434903015 0.001002729255679391 -0.00047506309822782368 0.02817392449413916 -0.0068447904681697485  0.028753017915892028 0.018247766062488326 -0.026048081573276607  0.001144269493883815 0.00089302867339864373 -0.025043264945179545 0.0067300144472767446  0.0013322169341942807 0.023884338413421705 -0.019102622184028209  0.00093644357442119748 0.0022157874734624271 -0.0006820084250451331 0.0020725562022562371 -0.0030474961270556379  0.026848631563084837 0.026645298200449474 -0.027414834004540013  0.00016776713584978483 0.014830469386768642 -0.0089639135735062325  0.026146509147715491 0.0021206318722318709 0.005326723248219878 -0.02069322899984485  0.0010635191391704991 0.0019039926976309298 0.0040761012445675428 -0.030462168343169085 0.0091943451081561989  0.001078215888935069 0.0014383349996872502 -0.00030691953606949891 0.013748729901260678 -0.0089023113100493469  0.025586735304450769 -0.077643844182557598 0.0023604544518434525  -9.2033936906510413e-05 0.028476482922279445 -0.023215295602651412  0.0010278010282845473 0.019670720413729727 -0.019935070655142086  0.0013637674815991181 0.0051719050311191507 0.001191866122363683 0.015283495544518645 -0.014330386098056369  0.0088270114736656025 0.060117675048797996 -0.020135092353473286  0.0018578237574775917 0.009684990725702192 0.0041204206809171365 0.0093285016997995737 -0.019332538049226591  0.021565334200372724 0.0095598621937547541 -0.022021590055314278  0.013461687634195708 0.0019634926453286241 0.010647282493860644 -0.016245673835331331  0.021302272200726408 0.0014901792309948759 0.014231384433839978 -0.026018479148844878  0.0079817336635962018 0.015542589909827421 -0.026960412365280462  -0.0040375664918946928 0.0024513632788849891 0.031257827125538644 -0.014368304664907572  0.00092826874363191993 0.0023786611612805156 -0.00078371300384206817 0.009173205703481813 -0.0074208241433296965  0.0010197454839747809 0.00078531213284085966 0.011620925116199034 -0.0041266294471839163  0.00088590708297273113 0.001162674249345974 0.0035120244100764531 -0.0010259136163369932 -0.0069206306198651649  0.0012078682206486447 0.015304299916093101 -0.022426753986336225  0.025186150345987496 0.0013176381119221455 -0.0064198604676604992 -0.017250437231831128  0.0098505269112028337 0.014682169484950403 0.012113784811339201 -0.022226706133805865  0.0056677979902624359 0.017478117000500861 0.0047946640502921417 -0.015399165469177946  0.001303187413183897 -0.015618994508685714 0.024478989801807339 -0.042429605069913383 -0.012108833220779403  0.0058372494727738644 0.022055619914969429 -0.027060292515602671 -0.0025897635782882846  0.022533735869962615 0.0012827208762891118 0.0051020070411027518 -0.02095205992209799  
shrinkage=0.1


Tree=13
num_leaves=31
num_cat=0
split_feature=1 9 4 8 1 4 9 8 9 5 4 4 1 5 8 9 8 5 8 8 9 9 9 8 4 5 5 1 4 1
split_gain=17018.5 8619.92 2487.63 2487.41 1906.06 1723.9 961.633 687.557 636.727 584.364 415.062 343.245 274.952 264.129 179.949 167.549 161.207 157.666 245.729 153.061 143.002 136.062 128.011 117.499 116.954 109.28 106.161 106.111 103.587 108.026
threshold=5.5432204948189954 6.679421601977551 5.5510178349084196 3.0000000000000004 6.6939428633955229 5.3636340903656388 6.679421601977551 3.0000000000000004 7.2264807709440779 10.094231870550106 6.0124911652234827 6.0124911652234827 6.2353901579610387 10.025240473324976 3.0000000000000004 7.2264807709440779 3.0000000000000004 10.357885671627534 3.0000000000000004 3.0000000000000004 7.0413885088913739 7.0413885088913739 6.0514929658566965 3.0000000000000004 4.791641144189394 10.378245487019329 9.4766391934208603 6.2353901579610387 5.4359006562387187 7.2851637305456958
decision_type=2 2 2 2 2 2 2 2 2 2 2 2 2 2 2 2 2 2 2 2 2 2 2 2 2 2 2 2 2 2
left_child=1 5 3 21 6 7 19 26 14 20 -4 22 17 -9 -6 -11 -10 18 -8 27 -5 -3 -7 -14 -25 -21 -1 -2 29 -18
right_child=4 2 10 9 8 11 12 13 16 15 -12 -13 23 -15 -16 -17 28 -19 -20 25 -22 -23 -24 24 -26 -27 -28 -29 -30 -31
leaf_value=0.010508753112137883 0.035942706581093026 -0.0004146990878621372 0.002087845190407606 -0.011381613299316959 0.060594945227938471 0.027516845041553353 0.014325137153829793 2.2442438938943354e-06 0.041167824492033593 -0.0033341720880390316 0.015431000947780625 0.034866426404738707 0.027404247294557055 0.0069379942468825069 0.045478085768083626 -0.010353485959903874 0.018286681780106166 0.020601128206951945 -0.0023767680327622842 0.023876153771441515 -0.016446596798519311 -0.0045067803649532891 0.014819441242537893 0.011976491067891993 0.026880203440518544 0.042227215073944224 0.01859118463473566 0.053181477723717618 0.040745972769680908 0.034550031020312164
leaf_weight=144150 7637 97731 49028 68627 13956 11799 21085 131851 14041 40784 44448 21797 19377 94089 18071 204607 11535 11933 15130 10428 296897 481970 24276 15897 7873 4711 18316 6706 4689 6323
leaf_count=144150 7637 97731 49028 68627 13956 11799 21085 131851 14041 40784 44448 21797 19377 94089 18071 204607 11535 11933 15130 10428 296897 481970 24276 15897 7873 4711 18316 6706 4689 6323
internal_value=0 -0.00311493 -0.00727583 -0.0085091 0.0284594 0.00885737 0.0208979 0.00645829 0.0417691 -0.0129616 0.00843254 0.0249587 0.0158272 0.00289052 0.0520654 -0.00918688 0.0327564 0.0106322 0.00734737 0.0366 -0.0154956 -0.0038169 0.0189724 0.0216245 0.0169128 0.0295867 0.0114199 0.0440026 0.0275183 0.0240451
internal_weight=1.91976e+06 1.73037e+06 1.28409e+06 1.19062e+06 189392 446278 120777 388406 68615 610915 93476 57872 91295 225940 32027 245391 36588 48148 36215 29482 365524 579701 36075 43147 23770 15139 162466 14343 22547 17858
internal_count=1919762 1730370 1284092 1190616 189392 446278 120777 388406 68615 610915 93476 57872 91295 225940 32027 245391 36588 48148 36215 29482 365524 579701 36075 43147 23770 15139 162466 14343 22547 17858
is_linear=1
leaf_const=0 0 0 0.056545719609135861 0 0 0 0 0 0 0 0.02415570215000571 0.0055955830175207673 0 0 0 0 0 0.024099840479971137 0 0 0 0 0.068282731202668853 0 0 0 0 0 0 0
num_features=5 3 4 3 5 3 3 4 5 3 5 3 3 3 5 3 5 4 3 4 4 5 4 3 4 4 4 5 3 4 4
leaf_features=1 4 5 8 9  1 8 9  1 4 8 9  1 4 9  1 4 5 8 9  1 8 9  1 4 9  1 5 8 9  1 4 5 8 9  1 8 9  1 4 5 8 9  1 4 9  1 4 9  1 8 9  1 4 5 8 9  1 8 9  1 4 5 8 9  1 4 8 9  1 5 9  1 5 8 9  1 5 8 9  1 4 5 8 9  1 4 8 9  1 4 9  1 4 8 9  1 4 8 9  1 5 8 9  1 4 5 8 9  1 8 9  1 4 8 9  1 4 8 9  
leaf_coeff=0.00085937413390645427 0.00090585320557809998 -0.00042983773927014469 0.025299041292522164 -0.0061400252125217497  0.017691456596082965 0.050362336058796586 -0.026697801850822246  0.00095831927688548319 0.00079742172419933199 -0.02293477518179543 0.0061733794545546063  0.0013326438722962473 0.01132664925988971 -0.016479183798956056  0.00076420024295948969 0.0018579131561910602 -0.00060631848857468646 1.3780756671621931e-05 -0.0016493709237693111  0.024163768450943968 0.023980768056745205 -0.024673350560635045  0.0001423904789207564 0.013013688031583115 -0.0077412667386852268  0.022337453474472274 0.00039733219460743739 0.0090891244573171551 -0.018783369325301183  0.00086851090134959855 0.0012162666507141526 -0.00028326477860188959 0.01243314960077584 -0.0080164950773560801  0.023028061808741996 -0.069879460918537015 0.0021244092878873744  0.00089305068377395493 0.0027289527151543426 0.004739636549391313 -0.034504881027692134 0.010046739684825924  0.0010005674625580608 0.020056440159811117 -0.018601099520410714  -0.0001437969812484674 0.025637166619969776 -0.020897012804604032  0.0078786240059532716 0.054705933659306538 -0.018226998828581031  0.0011166650588008478 0.0044237225249157408 0.0010459680335528577 0.013423824354288884 -0.012474793038077437  0.019408800744841005 0.0086038760216254669 -0.019819431034684244  0.00075910530679220573 0.00162251255411765 0.0037867174838619013 -0.0034918272788175388 -0.0060811110861919817  0.014497035010819781 0.0017380746226466294 0.0059353301049299041 -0.01484952730063327  0.012337312328384087 0.010571869709983606 -0.026385399883574225  -0.0077919227602834505 0.00011993201541793657 0.034443821957744446 -0.012878372510916414  0.018265060389716436 0.00046819425070515901 0.01405163569344552 -0.023262549122513933  0.00079869394482639947 0.0019729868433336572 -0.00067809704350666475 0.0085919559245354552 -0.0068420204479991758  0.00089104277454152151 0.00070031215101117874 0.010405919308746549 -0.0036971839511778628  0.00095787471281229004 0.01401424956943771 -0.020386498946328404  0.020930581633504655 0.0011332374554733308 -0.0028358033063092592 -0.015565729704371379  0.0095784047402716743 0.013081974826692155 0.0098723638370458392 -0.019981259103672502  0.0055217149835094072 0.016036010473158415 -0.016169683005740156 -0.016403274499626263  0.0011271021856681001 -0.01408325585334862 0.02205081961487132 -0.03828127308553278 -0.010881705913683249  0.00085138607307075906 0.087173209684034705 -0.019948002949590916  0.0052535246016403581 0.019850058027871344 -0.02435426355771142 -0.0023307872223199411  0.019104776965633265 0.0011822488013811139 0.0066515006235476903 -0.018736917955317269  
shrinkage=0.1


Tree=14
num_leaves=31
num_cat=0
split_feature=1 9 4 8 1 4 9 4 9 8 5 4 9 1 4 4 8 1 9 4 9 9 9 5 8 1 5 4 5 5
split_gain=13798.1 6964.53 2010.68 1915.32 1576.2 1404.7 789.907 565.029 524.579 447.421 358.143 265.635 201.644 188.175 166.886 166.86 147.255 131.008 125.442 115.084 114.479 109.705 109.123 103.695 142.707 92.3882 86.6883 88.3148 144.085 188.986
threshold=5.5032948732385458 6.679421601977551 5.6954128126540526 3.0000000000000004 6.6852363373681447 5.5510178349084196 7.0413885088913739 4.297262267176281 7.2264807709440779 3.0000000000000004 10.336438117053314 6.2412495553129679 6.3603544996165118 6.2235673486733658 5.3821962081647756 6.2275238364393255 3.0000000000000004 7.2287511646834544 6.0514929658566965 4.8789996228937618 7.0413885088913739 7.2264807709440779 7.0413885088913739 10.378245487019329 3.0000000000000004 6.2015223456153068 9.2962886830599665 2.740319461670996 9.5391763832008447 9.497547328764556
decision_type=2 2 2 2 2 2 2 2 2 2 2 2 2 2 2 2 2 2 2 2 2 2 2 2 2 2 2 2 2 2
left_child=1 5 3 22 6 9 12 20 16 26 -11 -4 -2 23 21 -7 -6 -10 19 -12 -5 -9 -3 24 -8 -14 -1 28 29 -28
right_child=4 2 11 7 8 15 13 14 17 10 18 -13 25 -15 -16 -17 -18 -19 -20 -21 -22 -23 -24 -25 -26 -27 27 -29 -30 -31
leaf_value=0.0091646874262148598 0.037699914996991837 -0.00040010014564569632 0.0051594444154924018 -0.010239867670196939 0.054403819477530979 0.021368428159309956 0.010722400442560369 -0.0036782775100198529 0.024870777880243576 0.00045332565855397012 0.0086268532505042652 0.017960055494173007 0.01828347654584701 0.017723375085548675 -0.001512256248789417 0.035220167264904283 0.040818072825487731 0.037206903594899553 0.0055943827344743444 0.020731073886744104 -0.014721562334336084 -0.0098271400573804804 -0.0040675929706349718 0.016558671399904308 -0.0030653180737031118 0.029796944620992607 0.02683682427213991 0.013816053028571976 0.01317368364195759 0.13081136697278348
leaf_weight=133555 17062 97578 57819 70079 14152 28096 17879 34734 23714 150967 20403 22528 14290 36139 36744 12595 18288 13515 58723 12772 305288 176255 481290 10216 12940 13605 406 26789 1034 307
leaf_count=133555 17062 97578 57819 70079 14152 28096 17879 34734 23714 150967 20403 22528 14290 36139 36744 12595 18288 13515 58723 12772 305288 176255 481290 10216 12940 13605 406 26789 1034 307
internal_value=0 -0.00282451 -0.00656714 -0.00759093 0.0254465 0.00794462 0.0185997 -0.0114385 0.0374491 0.00616495 0.00344944 0.00874853 0.0291366 0.0124616 -0.00773175 0.0256559 0.0467449 0.0293491 0.00837135 0.0132868 -0.0138849 -0.00881489 -0.00344937 0.00782756 0.00493334 0.0238988 0.0102337 0.0152367 0.0370214 0.0716057
internal_weight=1.91976e+06 1.72796e+06 1.28232e+06 1.20197e+06 191800 445647 122131 623100 69669 404956 242865 80347 44957 77174 247733 40691 32440 37229 91898 33175 375367 210989 578868 41035 30819 27895 162091 28536 1747 713
internal_count=1919762 1727962 1282315 1201968 191800 445647 122131 623100 69669 404956 242865 80347 44957 77174 247733 40691 32440 37229 91898 33175 375367 210989 578868 41035 30819 27895 162091 28536 1747 713
is_linear=1
leaf_const=0 0.068004379433727988 0 0.0051580803596721131 0 0 0.051932066667501435 0 0 0.065595156017207043 0 0 0.03289199709864761 0.01372317698010761 -0.003310320865148242 0 0.18390123049478008 0 0.18478758016522079 0 0 0 0 0 -0.072831880315482073 0 0.052930824385180132 0 0 0 0
num_features=5 2 4 3 4 3 3 4 4 2 5 4 3 2 2 4 3 3 2 5 4 4 4 4 3 4 2 4 5 4 4
leaf_features=1 4 5 8 9  1 9  1 4 8 9  1 4 9  1 4 8 9  1 8 9  1 4 9  1 5 8 9  1 4 8 9  1 9  1 4 5 8 9  1 4 5 9  1 4 9  1 9  1 9  1 4 8 9  1 4 9  1 8 9  1 9  1 4 5 8 9  1 4 5 9  1 4 8 9  1 4 8 9  1 4 8 9  1 5 9  1 5 8 9  1 9  4 5 8 9  1 4 5 8 9  4 5 8 9  4 5 8 9  
leaf_coeff=0.00056429550763796305 0.00053941591560642272 -0.00041638862565297475 0.02183504758679149 -0.005116052931565385  0.01493252712291664 -0.020003446040289675  0.00074062551062319961 0.00071318942597123911 -0.017794187031734056 0.0047436789759416342  0.00086316523258788487 0.018941607168025246 -0.015443179672670837  0.00079682054545955345 0.00097748789665024209 0.0092440520313175518 -0.007156566908361129  0.021666413096746152 0.021880366160806377 -0.022202289643472286  0.00075730914236079585 0.01276282759837173 -0.016742445778204031  0.020050484894353272 0.00023280100724707432 -0.051827242163352598 -0.00061281103745471912  0.00066509271579203724 0.0041682615737864475 -0.021541300229461061 0.0089311566929112015  0.010777458584514933 -0.015646407410000052  0.00068366118461001034 0.0014892723223376904 -0.00025815194829944405 0.010763617114952113 -0.0070589794669629674  0.0031392374553068318 0.001023669088831225 0.0019847367337890278 -0.003043512102440893  0.00077099611093621738 0.015696269761225068 -0.016090886877183408  0.0024975500366448246 -0.0014836371472590317  0.012846393705942205 -0.008411643248948053  0.0011922209467228355 0.0051665455936793399 0.021193301963830537 -0.01577290734723058  -0.0033243330091806745 -0.00011383566301788052 -0.023584872474995678  0.017423302844846746 0.0078109141340032551 -0.017827334485167868  0.018231450598257481 -0.0389899078911526  0.00076973301226558328 0.0038965994191975995 0.0021652983452685073 0.009071382499272574 -0.011383018256540112  0.0011589098026922873 0.0065849554362163339 0.0011304308115093421 -0.0046414306357256407  0.0010411339464100806 0.0010026718074963865 0.0063144923132171021 -0.0057903398856609563  0.00055265105904234169 0.0037955615652036203 0.0028343110786195782 -0.0053119882040896021  0.0007605157027568935 0.00061612334523334928 0.0094309124167438092 -0.0033400373098523063  0.0080178356768858105 0.009574615314265511 -0.0086517272993248181  -0.0041176647364083606 6.197753105773619e-05 0.021872196115616305 -0.0089725233278265659  0.010490231816729079 -0.013314270137379937  0.037770759659110989 0.063141617049844709 -0.34335986662873386 0.0054006380561347107  0.00072701904957550654 0.0020003050144212996 0.0062527452283440248 0.00055175918464342997 -0.0087619671139128382  -0.093271801119964526 -0.26478040113698714 1.404164820622096 -0.0034298729775972705  -0.38772305870228579 -3.8098523222561766 18.896272245019738 -0.05688784550021353  
shrinkage=0.1


Tree=15
num_leaves=31
num_cat=0
split_feature=1 9 4 8 1 5 9 9 5 8 5 4 1 4 8 8 8 4 8 9 8 4 9 4 5 4 9 1 1 5
split_gain=11185.6 5631.13 1625.97 1633.55 1297.16 1144.82 656.327 424.909 384.334 359.48 292.829 278.61 188.322 131.864 124.952 120.969 119.277 115.415 133.366 110.337 100.562 104.043 92.7428 92.109 90.168 89.3959 87.7771 78.0319 77.3161 70.3363
threshold=5.4617086595848852 6.679421601977551 5.5510178349084196 3.0000000000000004 6.6852363373681447 11.90026054599854 6.679421601977551 7.2264807709440779 10.094231870550106 3.0000000000000004 10.315613758283842 6.0124911652234827 6.2015223456153068 6.2275238364393255 3.0000000000000004 3.0000000000000004 3.0000000000000004 5.0139575654555903 3.0000000000000004 7.2264807709440779 3.0000000000000004 4.6959141240107813 7.0413885088913739 5.344720891341141 10.378245487019329 5.2548844000372066 7.0413885088913739 6.2136070970868564 7.2460115738484996 9.1892699400530926
decision_type=2 2 2 2 2 2 2 2 2 2 2 2 2 2 2 2 2 2 2 2 2 2 2 2 2 2 2 2 2 2
left_child=1 5 3 26 6 9 15 16 22 29 -11 -4 17 -7 -9 27 -6 18 -8 -10 -14 -22 -5 -12 -17 28 -3 -2 -16 -1
right_child=4 2 11 8 7 13 12 14 19 10 23 -13 20 -15 25 24 -18 -19 -20 -21 21 -23 -24 -25 -26 -27 -28 -29 -30 -31
leaf_value=0.0080943301135931889 0.029179322110866518 -0.00037882590799875708 0.0015832219909754693 -0.0092761530980186909 0.048963435194844675 0.01935728537711991 0.011686749488085882 0.033735130095114335 -0.0027181181918430803 0.00035334707523827346 0.0058008315411977318 0.012529113567635362 0.022390240590549976 0.03170529347724927 0.013110371688449023 0.018143392890004783 0.036736266485766576 0.020877938095512909 0.00046399126745332139 -0.0084190704274344288 0.0079646262562647705 0.021434015049467833 -0.013360172252039906 0.01332347120903166 0.034627205839819986 0.033059128762700965 -0.0036699462412182063 0.043738675328808763 0.026790285884479532 0.013171282547552624
leaf_weight=127121 7963 97471 48869 68459 14152 27638 22217 14336 40720 149407 72722 44364 20320 12587 10782 10672 18288 6265 20231 204158 15670 9045 296113 20970 4816 5413 480702 6846 6698 34747
leaf_count=127121 7963 97471 48869 68459 14152 27638 22217 14336 40720 149407 72722 44364 20320 12587 10782 10672 18288 6265 20231 204158 15670 9045 296113 20970 4816 5413 480702 6846 6698 34747
internal_value=0 -0.00255717 -0.00592457 -0.00692285 0.0227851 0.00713114 0.0166525 0.0337042 -0.0105352 0.00553293 0.00310176 0.00679172 0.0125174 0.0232212 0.0264142 0.0294478 0.0420704 0.00820791 0.00633791 -0.00747108 0.0171788 0.012894 -0.0125933 0.00748454 0.023269 0.0218297 -0.00311511 0.0359099 0.0183523 0.00918416
internal_weight=1.91976e+06 1.72605e+06 1.28086e+06 1.18762e+06 193714 445192 124045 69669 609450 404967 243099 93233 93748 40225 37229 30297 32440 48713 42448 244878 45035 24715 364572 93692 15488 22893 578173 14809 17480 161868
internal_count=1919762 1726048 1280856 1187623 193714 445192 124045 69669 609450 404967 243099 93233 93748 40225 37229 30297 32440 48713 42448 244878 45035 24715 364572 93692 15488 22893 578173 14809 17480 161868
is_linear=1
leaf_const=0 0 0 0.050602328944764713 0 0 -0.021531779491488125 0 0 0 0 0 0.022103049718629111 0 0.050699811420963671 0 0 0 0.10242655206171776 0 0 0 0 0 0 0 0 0 0 0 0
num_features=4 3 4 3 5 3 4 4 3 5 4 5 3 3 4 4 4 3 3 4 5 4 4 5 5 4 4 4 3 4 4
leaf_features=1 5 8 9  1 8 9  1 4 8 9  1 4 9  1 4 5 8 9  1 8 9  1 4 5 9  1 4 8 9  1 8 9  1 4 5 8 9  1 5 8 9  1 4 5 8 9  1 4 9  1 8 9  1 4 5 9  1 4 8 9  1 5 8 9  1 8 9  1 4 9  1 4 8 9  1 4 5 8 9  1 4 8 9  1 4 8 9  1 4 5 8 9  1 4 5 8 9  1 5 8 9  1 4 8 9  1 4 8 9  1 8 9  1 4 8 9  1 5 8 9  
leaf_coeff=0.00045622649905821544 -0.00022318219648719413 0.018098929305024748 -0.0041476670722227381  0.012079682978177353 0.051531693038295856 -0.022840943984494544  0.00057656097325615161 0.0006711280720813062 -0.020861493166773926 0.0056466202421518123  0.00079521651985847849 0.0082510032288088727 -0.013274945041618347  0.00036674641991663037 0.0015348082411506426 -0.00050562704141299264 -0.0010125641269041808 -0.00074314724588475656  0.019499771762378784 0.019692328974901585 -0.019982060483059529  0.0017336353007914697 0.0095829840481053818 0.0066535133749226821 -0.015266532393442667  0.018650014088109134 0.0015489475675510762 0.0065361115631219491 -0.015437702654661933  0.0188890028421838 -0.064444623254348701 0.0037144607183222434  0.00054955491715795728 0.0018602531413306257 0.0041553204722106331 -0.028917760385367332 0.0084525007648466044  0.00082694186590161396 0.00055419353462002948 0.0080615497173188218 -0.0058298963054807364  0.00089752302810745257 0.0042580888757696609 -0.00016261472716510019 0.014121566168820366 -0.010956358929638643  0.00065188085307068134 0.015950726663281147 -0.015150832387045199  0.0073539114954087499 0.04150388870280608 -0.014811474679861903  -0.0016221279620051378 -0.017059257550992867 0.018100605131192538 -0.021875855348889674  0.0088109344632770099 0.0014097441632535625 0.0083779919467502854 -0.011379454408843515  0.01251862640180839 0.00041855291183841292 0.015377168683502874 -0.019308306574780332  0.015680972537599407 0.0070298228590829131 -0.016044601096002611  0.0017914915260242026 0.011774070421567374 -0.021641987878120262  -0.005037252735261075 0.0017850938422245258 0.025010949073085542 -0.010061282651988579  0.00044669056591814944 0.00096042397365476713 0.0033170149564826223 -0.0031951930796125794 -0.0048583038729681505  0.019959967092787335 0.0010027520802550829 -0.0093902795812581992 -0.011576889207543318  0.0061111367440534244 0.011350992684980155 0.0092184582833510827 -0.015869425113474733  0.0005053566122002292 0.0016702204806531618 -0.00061295388958059751 0.0070687179753889497 -0.0055559680324392957  0.00059790742648998391 0.010517664930082127 0.0019788351509689053 0.0078434475157994395 -0.015706640407649353  0.0033844813897931925 0.0144712335945346 -0.016307191329362071 -0.012699958079445751  0.0048541226360394041 0.015989887975149577 -0.021977564526116568 -0.00099556178367095067  0.00064889199138868097 0.00054871947353598292 0.0085363137733395437 -0.003016910960658592  0.0025440478335657952 0.064362408959136988 -0.01597288020435883  0.016290955157495013 0.00093124710382368474 0.00064186662677911954 -0.013539577288133842  0.00027694830449365436 0.0070322931486199282 -0.0010262180059559256 -0.0083089854236506611  
shrinkage=0.1


Tree=16
num_leaves=31
num_cat=0
split_feature=1 9 4 8 1 5 9 4 9 8 4 4 9 1 5 4 8 8 9 5 8 4 4 8 4 4 1 9 4 8
split_gain=9060.89 4555.65 1318.25 1259.12 1062.72 928.766 545.78 374.447 344.176 290.938 238.554 176.979 136.101 135.583 127.882 106.81 101.211 96.614 78.9964 78.2342 74.4126 90.4529 72.4107 72.2058 109.468 69.8844 62.7815 62.1269 59.1592 58.3664
threshold=5.4402485097224949 6.679421601977551 5.6954128126540526 3.0000000000000004 6.6852363373681447 11.90026054599854 7.0413885088913739 4.863673427408628 7.2264807709440779 3.0000000000000004 4.297262267176281 6.2412495553129679 6.3603544996165118 6.0810760527360186 9.2962886830599665 6.2275238364393255 3.0000000000000004 3.0000000000000004 6.0514929658566965 9.0001438939403773 3.0000000000000004 4.4716224665663962 5.2548844000372066 3.0000000000000004 4.5695295849856103 4.9308638091439496 7.3065311737243741 7.2264807709440779 4.8789996228937618 3.0000000000000004
decision_type=2 2 2 2 2 2 2 2 2 2 2 2 2 2 2 2 2 2 2 2 2 2 2 2 2 2 2 2 2 2
left_child=1 5 3 19 6 9 12 14 17 -1 -11 -4 29 25 -5 -7 -10 -6 28 -3 -15 -22 26 -14 -25 -8 -18 -16 -12 -2
right_child=4 2 11 7 8 15 13 -9 16 10 18 -13 23 20 27 -17 22 -19 -20 -21 21 -23 -24 24 -26 -27 -28 -29 -30 -31
leaf_value=0.0082529989786853161 0.036460374463764253 -0.0032388313067856335 0.004137369827276193 -0.011925985751433395 0.044067091827458049 0.017421556350696414 0.0032742401184627577 -0.0039360865997962484 0.030361614426822472 0.00047325398689167524 0.0074641025301521854 0.014591604035604725 0.024540265185750081 0.017961607491600032 -0.0050461903862630214 0.028534759989873554 0.012218451413715779 0.033062639678661382 0.0050548579130073688 0.00033842065780360009 0.004552679825214739 0.016777150558805035 0.029753216684866631 0.00819841147006262 0.026255961585582195 0.01611488346828523 0.024872397269758609 -0.009447573881457106 0.017188734928278777 0.024911049853104977
leaf_weight=161718 8510 508224 57714 268285 14152 27638 29170 107879 14336 157615 14339 22509 13762 20410 37921 12587 11542 18288 59892 69496 14096 10608 5413 9654 5147 4959 5938 207856 11097 9007
leaf_count=161718 8510 508224 57714 268285 14152 27638 29170 107879 14336 157615 14339 22509 13762 20410 37921 12587 11542 18288 59892 69496 14096 10608 5413 9654 5147 4959 5938 207856 11097 9007
internal_value=0 -0.00230996 -0.00534 -0.00616992 0.0204324 0.0064071 0.014928 -0.00929232 0.0303338 0.00496655 0.00277888 0.00707062 0.0235821 0.00989572 -0.0104164 0.020899 0.0237728 0.0378633 0.00703775 -0.00280851 0.0134934 0.00980192 0.0196467 0.0193261 0.0144779 0.00514001 0.016517 -0.00876848 0.0117067 0.0305219
internal_weight=1.91976e+06 1.72477e+06 1.27988e+06 1.19966e+06 194992 444886 125323 621941 69669 404661 242943 80223 46080 79243 514062 40225 37229 32440 85328 577720 45114 24704 22893 28563 14801 34129 17480 245777 25436 17517
internal_count=1919762 1724770 1279884 1199661 194992 444886 125323 621941 69669 404661 242943 80223 46080 79243 514062 40225 37229 32440 85328 577720 45114 24704 22893 28563 14801 34129 17480 245777 25436 17517
is_linear=1
leaf_const=0 0 0 0.0066718036693387724 0 0 -0.01937860623836514 0.078056341868747839 0 0 0 0 0.027429292801321028 0 0 0 0.045629816641394427 0 0 0 0 0 0 0 0 0 -0.00092769861496435626 0 0 0 0
num_features=4 3 5 3 5 3 4 3 4 3 5 4 3 3 3 5 4 4 3 5 5 4 4 4 4 4 3 4 5 4 3
leaf_features=1 5 8 9  1 8 9  1 4 5 8 9  1 4 9  1 4 5 8 9  1 8 9  1 4 5 9  1 4 9  1 4 8 9  1 8 9  1 4 5 8 9  1 4 5 9  1 4 9  1 8 9  1 8 9  1 4 5 8 9  1 4 5 9  1 4 8 9  1 8 9  1 4 5 8 9  1 4 5 8 9  1 4 8 9  1 4 8 9  1 4 8 9  1 4 8 9  1 4 8 9  1 4 9  1 4 8 9  1 4 5 8 9  1 4 5 9  1 8 9  
leaf_coeff=0.00079191998163014596 0.00039837109407464961 0.017827032890437168 -0.00487564189934  0.016456716907960824 0.023341397623840979 -0.018208083975932966  -7.5059352600118093e-06 0.00062330113739909464 -0.00057859898560568078 0.02061384476724264 -0.0056548552029994431  0.00052477077303190566 0.014963943500068133 -0.012540592838569609  0.00057035682578938517 0.00064192894212269371 -0.00032483893283236369 0.010480645203728045 -0.0072262744791412818  0.017549794529725517 0.017723096335743805 -0.017983854446652715  0.0015602717963037361 0.0086246854762778834 0.0059881623477110683 -0.013739878859459332  0.0024426496219057017 0.00061844714980483135 -0.012167625695851926  0.00042628756194636153 0.0068277863629952005 0.0073235881333008736 -0.0094676092399364371  0.017000102540674078 -0.058000160311280524 0.0033430144929354811  0.00041430830736753979 0.0008767424855678816 1.2398244284871769e-05 0.0090170925159922585 -0.0060674533749455256  0.0020659411845113996 0.0023469719650009327 0.00073584429768924764 -0.0020000539624319912  0.00056771153589413315 0.0125287417690096 -0.01296902444195247  0.017419674763581017 -0.025529008660129193 -0.004610971515231199  0.0088531223601871385 -0.057411906972868111 0.010320975392477295  -9.4921444141471412e-05 0.0015485538895990915 0.0016306334621747688 -0.022019989041808685 0.0086108762233379817  -0.0014599151268780198 -0.015353330344692041 0.016290544671100804 -0.019688269188511853  0.010636564466535737 0.0012479490162015661 0.0034965398016225894 -0.010557779113760546  0.014112875314449953 0.0063268405616046415 -0.014440141008557107  0.0003794723091387162 0.0069809008873217065 -0.0011425267628115243 0.0136186468176831 -0.011000673120261695  -0.00049437341708551249 0.0012185203926511152 0.0038764729524037936 -0.0073276848486275806 -0.0035181022438960708  0.018784868231052368 0.00043464149261101398 -0.018519044574418331 -0.0057019053703687211  0.0053259878278970945 0.0089850981533755644 -0.016620876274694753 0.00021971172784844841  0.0043687103180390765 0.014390899161812066 -0.019779808147075074 -0.00089600550223565287  0.011174937093286416 0.0014309445591273715 -6.5337895905770443e-05 -0.0091475962677865404  0.0038880799681741021 0.014541943574751049 0.0064172909824137042 -0.014619328004143029  -1.1938654727572385e-05 0.0081339743580894474 -0.0038101734207373287  0.013149365232982824 0.0008630132382173362 0.0030666395057323825 -0.011940271163376794  0.00012349559998552363 -0.00034745944050185162 0.002207365747613277 0.00097309960442402152 -0.0046398690335024643  0.00049266755221275547 0.0082263206396180344 -0.0030249154670077163 0.0013173692375730184  0.0069146155243688225 0.015520128642878462 -0.013018020886207182  
shrinkage=0.1


Tree=17
num_leaves=31
num_cat=0
split_feature=1 9 4 8 1 4 9 9 5 8 5 4 9 1 4 8 8 9 9 4 5 9 8 4 4 4 8 4 8 5
split_gain=7343.73 3685.01 1068.72 1075.21 870.193 758.192 448.462 278.783 249.813 237.446 193.435 186.055 112.652 112.036 86.9081 81.9808 78.2574 72.8476 69.5893 74.7713 62.891 61.8955 60.2742 73.3343 58.9019 58.7024 57.4971 89.1038 54.8924 53.7629
threshold=5.4138732270297307 6.679421601977551 5.5510178349084196 3.0000000000000004 6.6852363373681447 5.5510178349084196 7.0413885088913739 7.2264807709440779 10.094231870550106 3.0000000000000004 10.025240473324976 6.0124911652234827 6.3603544996165118 6.0810760527360186 6.2275238364393255 3.0000000000000004 3.0000000000000004 7.2264807709440779 6.0514929658566965 4.8789996228937618 9.0001438939403773 7.0413885088913739 3.0000000000000004 4.4248287033199567 4.8789996228937618 5.2176457913436565 3.0000000000000004 4.5695295849856103 3.0000000000000004 9.497547328764556
decision_type=2 2 2 2 2 2 2 2 2 2 2 2 2 2 2 2 2 2 2 2 2 2 2 2 2 2 2 2 2 2
left_child=1 5 3 20 6 9 12 16 21 29 -11 -4 -2 24 -7 -9 -6 -10 19 -12 -3 -5 -15 -24 28 -17 -14 -28 -8 -1
right_child=4 2 11 8 7 14 13 15 17 10 18 -13 26 22 -16 25 -18 -19 -20 -21 -22 -23 23 -25 -26 -27 27 -29 -30 -31
leaf_value=0.0067903439260934353 0.027467164415766562 -0.0029184244747909368 0.0012403836418253145 -0.0075059412425615485 0.039660387325119131 0.015674683513543775 0.006894517099568862 0.027325450878249415 -0.0022201042139009266 -0.00013112745700310119 0.0058707693215324852 0.010189495122873388 0.021959795775647172 0.016165446483153833 0.025673615275436268 0.014820170748797859 0.029756375226866024 -0.0068557171834769106 0.0037126546932351335 0.015227156325139027 0.00029108696300196053 -0.010844627986269785 0.003984986898366882 0.014959161959637797 0.014111535742602264 0.026641975998749418 0.0073882585752919443 0.023606719888406708 -0.0017476852967649324 0.012743855288977025
leaf_weight=144590 17715 507868 48804 68367 14152 28061 15644 14336 40666 131375 25768 44337 13923 20410 12594 17351 18288 203755 72435 12776 69396 295667 13816 10888 5494 5542 9743 5193 13862 16946
leaf_count=144590 17715 507868 48804 68367 14152 28061 15644 14336 40666 131375 25768 44337 13923 20410 12594 17351 18288 203755 72435 12776 69396 295667 13816 10888 5494 5542 9743 5193 13862 16946
internal_value=0 -0.00208768 -0.00481397 -0.00562418 0.0183234 0.00575526 0.0133867 0.0273004 -0.00855729 0.004445 0.00246548 0.00550034 0.0211899 0.00885025 0.0187721 0.0213955 0.034077 -0.00608446 0.0055393 0.00897209 -0.00253259 -0.0102176 0.0121441 0.00882173 0.00460458 0.017682 0.0173367 0.0130271 0.00283439 0.0074149
internal_weight=1.91976e+06 1.7234e+06 1.27886e+06 1.18572e+06 196357 444545 126688 69669 608455 403890 242354 93141 46574 80114 40655 37229 32440 244421 110979 38544 577264 364034 45114 24704 35000 22893 28859 14936 29506 161536
internal_count=1919762 1723405 1278860 1185719 196357 444545 126688 69669 608455 403890 242354 93141 46574 80114 40655 37229 32440 244421 110979 38544 577264 364034 45114 24704 35000 22893 28859 14936 29506 161536
is_linear=1
leaf_const=0 0.060780032266137596 0 0.046976969340067856 0 0 0.04323669351792319 0 0 0 0 0 0.020373041836290896 0 0 0.13382505993106406 0 0 0 0 0 0 0 0 0 0.0072046490744241964 0 0 0 0 0
num_features=5 2 5 3 5 3 3 4 3 5 5 4 3 3 3 3 4 3 5 5 4 5 5 4 4 3 4 4 4 4 5
leaf_features=1 4 5 8 9  1 9  1 4 5 8 9  1 4 9  1 4 5 8 9  1 8 9  1 4 9  1 4 8 9  1 8 9  1 4 5 8 9  1 4 5 8 9  1 4 5 9  1 4 9  1 8 9  1 8 9  1 4 9  1 4 8 9  1 8 9  1 4 5 8 9  1 4 5 8 9  1 4 5 9  1 4 5 8 9  1 4 5 8 9  1 4 8 9  1 4 8 9  1 4 9  1 4 8 9  1 4 8 9  1 4 8 9  1 4 8 9  1 4 5 8 9  
leaf_coeff=0.00024929360480583919 0.00073238333172227505 -0.00041433797659827802 0.016381306053215285 -0.0038456435762707743  0.0095400827429486419 -0.01501987956157862  -2.049695402785261e-05 0.00056192263700536042 -0.00052164404313290451 0.018526715403965711 -0.005081583113214095  0.00054157756657903218 0.0057167614921647576 -0.010808326601899322  0.00014804091760121097 0.0012067656522980032 -0.00039921583653050878 -0.001367447400934907 -0.0002811322216075496  0.015794815137723583 0.015950786598563839 -0.016185469040750532  0.00033028283286967719 0.0082801802985837721 -0.012080056723035248  0.01419376345396149 0.0011009849614507725 -0.046178268774951903 0.0021430279859636415  0.01530009229260827 -0.05220014418164283 0.0030087130141112084  0.0003288166000607551 0.0014027591112122596 0.0035863921412674585 -0.025514781539916955 0.0077798287897621783  0.00018956257722933445 0.00087777737177908164 -0.00030305449087201928 0.0082664305657087021 -0.0052129176914939256  0.0019056110264495552 0.00079768642151845093 0.0016230409929254286 -0.0025994380409187557  0.00048549335226160951 0.012618750582808503 -0.012342535716610216  0.01565798854015682 -0.023668884729514162 -0.003928589043004394  0.0079678100987079069 -0.051670715949558146 0.0092888777862242481  -0.0025530070150206544 -4.1756078923071987e-05 -0.017197152042051658  0.016611683925861698 0.00099127529966547279 -0.0079937501249531806 -0.0099889711318311928  0.012701587778433904 0.0056941565214483347 -0.012996126914451445  0.00022939610627115554 0.00060258771904992965 0.0027650561540127241 -0.0030173446964312234 -0.0037031256967090089  0.00015387510108249292 0.0019017470398212223 0.0011713852714445583 0.0076388254512252734 -0.0074987229297692089  0.00069721891290801534 0.0038247399790714456 0.00085171986786924947 -0.002539615609356716  -0.00048585148271671071 0.0010783912464253087 0.0034537592724555263 -0.0065003882144981434 -0.0031371822370436678  0.00034759826831904538 0.001371708503795116 -0.00050671385987040578 0.0054570372061348849 -0.0043512720961530254  0.01719411610926273 0.00027138661269030808 -0.016824339207187934 -0.0052920053978116506  0.0047575772358645525 0.0080009852101518165 -0.014814008130269941 0.00021613273278688896  -0.00051309722617745026 0.0075695808239629519 -0.004308812806499418  0.0041144124744345147 0.01264341206334807 -0.017053617912245047 -0.0011315237229155173  0.0096001637341548429 0.0012648716182229987 0.00036227517419646916 -0.0080515389121348594  0.0034267177835611839 0.013071635048627251 0.0058248387086464962 -0.013106757949401526  -0.011293223431586053 0.0010311079725850764 0.030455102377467826 -0.0081391522332292972  0.00048148664919013057 -0.012190775971708968 0.016952081567499933 -0.029952484293406557 -0.007615536360188635  
shrinkage=0.1


Tree=18
num_leaves=31
num_cat=0
split_feature=1 9 4 8 1 5 9 4 9 8 5 4 8 4 1 5 4 8 8 4 1 5 5 8 8 4 4 5 5 1
split_gain=5948.42 2984.86 865.822 827.577 704.856 615.143 363.255 246.725 225.814 191.327 158.354 118.278 92.3249 101.478 90.7495 86.5794 70.1795 66.4044 63.3886 59.2476 57.0711 50.9417 49.6558 49.0744 48.8221 59.4163 47.6146 45.085 43.2428 58.7439
threshold=5.4138732270297307 6.679421601977551 5.6954128126540526 3.0000000000000004 6.6852363373681447 11.90026054599854 7.0413885088913739 4.863673427408628 7.2264807709440779 3.0000000000000004 9.9586147378815664 6.0879098011795767 3.0000000000000004 4.3372693810700085 6.0810760527360186 9.2541179931768625 6.0764941372188597 3.0000000000000004 3.0000000000000004 5.344720891341141 6.2015223456153068 9.0001438939403773 10.357885671627534 3.0000000000000004 3.0000000000000004 4.3882378946731615 5.1676349844808334 9.0837562134262324 11.228989699649746 7.2664780635385222
decision_type=2 2 2 2 2 2 2 2 2 2 2 2 2 2 2 2 2 2 2 2 2 2 2 2 2 2 2 2 2 2
left_child=1 5 3 21 6 9 12 15 18 27 -11 -4 20 -14 22 -5 -7 -10 -6 -12 -2 -3 23 -8 -16 -26 -19 -1 29 -20
right_child=4 2 11 7 8 16 14 -9 17 10 19 -13 13 -15 24 -17 -18 26 28 -21 -22 -23 -24 -25 25 -27 -28 -29 -30 -31
leaf_value=0.0057108913693845395 0.018992114050412665 -0.0026265822617046915 0.0019017206157795254 -0.0097167080369934163 0.035694352333453937 0.012905003907637833 0.0056378019537669469 -0.0031875117068578501 0.024592902089508636 -0.00018566670133161864 0.0038562161861211519 0.0095833420377386819 0.0097125390584915285 0.023122326032232843 0.01454890303524034 -0.0071193305080918274 0.021262445987769545 0.013286070416317273 0.019069234276168898 0.0097390595887390536 0.029084387427049753 0.00026197828597454277 0.010557635172325023 -0.0031566130382267204 0.0035327615148235494 0.013397329836414102 0.023828856895106155 0.0095731151624414701 0.040022903710974021 0.031146590258995119
leaf_weight=121279 12089 507868 40242 263283 14152 20635 15058 107753 14336 128033 93817 39938 14991 9050 20410 250380 19583 17187 8208 20941 10444 69396 8976 10966 13668 11036 5706 40257 2173 7907
leaf_count=121279 12089 507868 40242 263283 14152 20635 15058 107753 14336 128033 93817 39938 14991 9050 20410 250380 19583 17187 8208 20941 10444 69396 8976 10966 13668 11036 5706 40257 2173 7907
internal_value=0 -0.00187891 -0.00433257 -0.00500553 0.016491 0.00517974 0.012048 -0.00753802 0.0245703 0.00400653 0.00223218 0.00572797 0.019071 0.0147605 0.00796522 -0.00845064 0.0169744 0.0192559 0.0306693 0.00492972 0.0236699 -0.00227933 0.00414411 0.00193201 0.0109297 0.00793955 0.0159138 0.00667341 0.0267807 0.0249951
internal_weight=1.91976e+06 1.7234e+06 1.27886e+06 1.19868e+06 196357 444545 126688 621416 69669 404327 242791 80180 46574 24041 80114 513663 40218 37229 32440 114758 22533 577264 35000 26024 45114 24704 22893 161536 18288 16115
internal_count=1919762 1723405 1278860 1198680 196357 444545 126688 621416 69669 404327 242791 80180 46574 24041 80114 513663 40218 37229 32440 114758 22533 577264 35000 26024 45114 24704 22893 161536 18288 16115
is_linear=1
leaf_const=0 0 0 0.030095902541113162 0 0 -0.012522084821796398 0 0 0 0 0 0.021918694918124971 0 0 0 0 -0.042353464906409503 0 0 0 0 0 -0.0039047789252663282 0 0 0 0 0 0 0
num_features=4 3 5 3 5 3 4 4 4 3 4 5 3 4 4 3 5 4 4 4 5 3 5 3 4 4 4 4 4 4 4
leaf_features=1 5 8 9  1 8 9  1 4 5 8 9  1 4 9  1 4 5 8 9  1 8 9  1 4 5 9  1 5 8 9  1 4 8 9  1 8 9  1 5 8 9  1 4 5 8 9  1 4 9  1 4 8 9  1 4 8 9  1 8 9  1 4 5 8 9  1 4 5 9  1 4 8 9  1 5 8 9  1 4 5 8 9  1 8 9  1 4 5 8 9  1 5 9  1 5 8 9  1 4 8 9  1 4 8 9  1 4 8 9  1 5 8 9  1 5 8 9  1 5 8 9  
leaf_coeff=0.000152177470445896 -0.00029912744766186217 0.01255268681745072 -0.002673703651558279  0.0088177832834418508 0.026383772335384848 -0.013047288166226245  -1.8447258952450711e-05 0.00050573037388569196 -0.00046947963897020912 0.016674043868543011 -0.0045734248032798241  0.00042604831439016087 0.007318010607988157 -0.0097343505569194022  0.00047046676809461255 0.00037849000906996639 -0.00022191137403581307 0.0083698979384294603 -0.0057961688897645303  0.014215333593946555 0.014355707934262796 -0.014566922101429826  0.0006474483503269735 0.0061747926500167255 0.005966405056621227 -0.013109211593606673  0.013125276303259712 6.887435482861963e-05 -0.038016584090829045 0.00074464180147231222  0.00027943672694923652 0.0054862629190606145 0.005887957067958461 -0.0076096832035692508  0.013770083058687278 -0.046980129874918931 0.0027078417452287341  0.0003294001406616872 0.00012414790854687417 0.0067682877800596397 -0.0044887921900350711  0.00039845847359031299 0.002369795882942938 -0.00010256770517190761 0.0095288746228815672 -0.0069776280713850008  0.000440705387214144 0.010960939586219888 -0.011244922356481269  0.0081337440322705977 0.00059337747158822731 0.0093216675803367895 -0.011990255238961557  0.0021831641154903486 0.010690920925379644 0.0062441659454201218 -0.010678627662033336  0.0071710290515062175 -0.046503644380067044 0.008359990046739086  -1.0257454632835346e-05 -8.0945887144216058e-05 0.0015905374099579818 0.0071121891266972886 -0.0069987366129433681  0.00052443771456571757 0.00085791000799506634 0.010823803347437889 -0.012192234413953075  0.014930994028339218 0.00086319333794611104 -0.0075558635686661553 -0.0087736948285623839  0.0017851960356558673 0.00078649067658715039 0.021595380186012748 -0.012613776755205653  0.00030413786861595293 0.0069929963683598387 0.0020976456789586263 0.0044122832124491749 -0.011218198812817893  2.9092489988780112e-05 0.060301581653494911 -0.013982070633933219  -0.0004372663348514376 0.00097055212029902862 0.0031083833448687552 -0.0058503493893463879 -0.0028234640131944324  -0.0015246592342116117 0.0063787952350856441 -0.0063963849305750387  -0.01131824615268584 -0.00011081669884696367 0.027268823549476198 -0.006246496053285356  0.015561245882085557 0.00018634560894683385 -0.015043140144921098 -0.0048892748103742893  0.0042985500769880504 0.0071611855064664959 -0.013299856524093913 0.00019260481911373973  0.0041356652386989601 0.011075083859748515 -0.014665760861606715 -0.0015498738755525211  6.7866279958743447e-05 0.0054929218546154518 -0.0027673688058301952 -0.005920845819069865  -0.0080537668031153142 0.017561314674227991 -0.021710150163219668 -0.0033189583931456214  0.014284475812154218 0.00026691376201399555 0.0082819606213970342 -0.016963482408667473  
shrinkage=0.1


Tree=19
num_leaves=31
num_cat=0
split_feature=1 9 4 8 1 4 9 9 4 8 5 4 9 1 4 1 1 9 4 9 4 4 8 9 5 8 8 4 5 8
split_gain=4825.88 2408.99 701.373 709.353 587.527 500.71 289.422 201.503 162.456 155.598 126.645 123.201 73.9831 70.9903 58.404 56.1769 55.654 51.6423 51.1582 48.8109 46.4459 46.2859 42.3325 40.46 40.1776 60.5162 36.9784 45.8924 35.4354 34.8601
threshold=5.3399361658330653 6.679421601977551 5.5510178349084196 3.0000000000000004 6.6522174514715386 5.5510178349084196 7.0413885088913739 7.2264807709440779 4.1820210059610323 3.0000000000000004 9.7997368500039528 6.0124911652234827 6.3603544996165118 6.0810760527360186 6.2275238364393255 7.2851637305456958 7.2060062339413085 7.2264807709440779 5.0139575654555903 6.0514929658566965 4.3882378946731615 2.8617925509761908 3.0000000000000004 7.0413885088913739 10.336438117053314 3.0000000000000004 3.0000000000000004 4.3241107269113215 9.0636368911077394 3.0000000000000004
decision_type=2 2 2 2 2 2 2 2 2 2 2 2 2 2 2 2 2 2 2 2 2 2 2 2 2 2 2 2 2 2
left_child=1 5 3 21 6 9 12 15 23 28 -11 -4 29 20 -7 -6 -9 -10 -12 -20 22 -3 -8 -5 25 -14 -15 -28 -1 -2
right_child=4 2 11 8 7 14 13 16 17 10 18 -13 24 26 -16 -17 -18 -19 19 -21 -22 -23 -24 -25 -26 -27 27 -29 -30 -31
leaf_value=0.0051091999189082429 0.026611618143632762 -0.0027590790256960683 0.00097481509978194656 -0.006128884731289877 0.024044142178328551 0.012677811140747508 0.0048306139964192606 0.014188590402081114 -0.0017778148044444643 -0.00033717913682887441 0.0029021290404863068 0.0082624805609661529 0.016220503478061244 0.012928842972491 0.020876386057936944 0.032284203510188028 0.021967826044285599 -0.0056471549573233757 0.012628306309374827 0.004823198951301848 0.0095164305311188531 -0.00091042463186715599 -0.0031556656412773027 -0.0088482480924354425 0.020833961648809962 0.0056498574701528345 0.0028244043340884934 0.011830189592825276 0.0085082109645388693 0.017622448121528127
leaf_weight=119918 8401 358365 48713 67514 21186 28032 16099 26501 41286 120082 85473 44287 12667 18952 12592 13575 14084 209641 11915 24462 9946 217720 11293 288567 6157 9461 12349 10444 41212 8868
leaf_count=119918 8401 358365 48713 67514 21186 28032 16099 26501 41286 120082 85473 44287 12667 18952 12592 13575 14084 209641 11915 24462 9946 217720 11293 288567 6157 9461 12349 10444 41212 8868
internal_value=0 -0.00170972 -0.0039166 -0.0045739 0.0147029 0.00463752 0.0104887 0.0216742 -0.00695933 0.00357102 0.00196756 0.00444523 0.0168379 0.00683133 0.0152191 0.0272621 0.0168882 -0.00501052 0.00423886 0.0073797 0.00366333 -0.00206042 0.00153808 -0.00833265 0.013689 0.0117009 0.00966488 0.00695095 0.00597856 0.0219955
internal_weight=1.91976e+06 1.71978e+06 1.27609e+06 1.18309e+06 199983 443686 124637 75346 607008 403062 241932 93000 45554 79083 40624 34761 40585 250927 121850 36377 37338 576085 27392 356081 28285 22128 41745 22793 161130 17269
internal_count=1919762 1719779 1276093 1183093 199983 443686 124637 75346 607008 403062 241932 93000 45554 79083 40624 34761 40585 250927 121850 36377 37338 576085 27392 356081 28285 22128 41745 22793 161130 17269
is_linear=1
leaf_const=0 0 0 0.042266594760018705 0 0.090544099355236093 0.039571958673664656 0 0.032778730414383971 0 0 0 0.017357238444535027 0 0 0.11763753673753855 0.006230823870473046 0.11425952512588539 0 0 0 0.050657479587056291 0 0 0 0.037496717929911938 0 0 0 0 0
num_features=5 3 4 3 4 2 3 4 2 4 5 5 3 4 3 3 2 2 4 4 5 3 4 4 4 3 4 4 4 5 3
leaf_features=1 4 5 8 9  1 8 9  1 4 8 9  1 4 9  1 4 8 9  1 9  1 4 9  1 4 8 9  1 9  1 4 8 9  1 4 5 8 9  1 4 5 8 9  1 4 9  1 5 8 9  1 8 9  1 4 9  1 9  1 9  1 4 8 9  1 4 5 9  1 4 5 8 9  1 4 9  1 4 8 9  1 4 8 9  1 4 8 9  1 5 9  1 5 8 9  1 4 8 9  1 4 8 9  1 4 5 8 9  1 8 9  
leaf_coeff=4.0043248805857193e-05 8.8784903761218731e-05 -0.00032972344345530424 0.011402226191508902 -0.0023965832538113577  0.011039712638921933 0.024499537262569506 -0.01465729577053594  0.00013226137146797809 -0.00097603495696128796 0.0095088874206002323 -0.0026957057104155524  0.00028592225997679853 0.004011695882104727 -0.0088395333769631709  4.0800408275387669e-05 0.00047470317806430629 -0.0006546222058204876 -0.00068115997551103651  -1.1780587456655667e-05 -0.010138083880517713  1.5709762183757638e-05 0.0057826688793227278 -0.0096399985587977358  0.011569997208319539 0.00031821038663206982 -0.033994155940806084 0.00078711470024686039  0.0055896431444665499 -0.0077406169279583999  1.6859183502038189e-05 0.004139426618105191 -0.020862477566717531 0.0088326052254942052  -4.6518026897900307e-05 0.00056621927158931882 -0.00029298540607239289 0.0068624699176010329 -0.0042308335573809112  0.00015321961892650235 0.00077024772567699804 0.00020162449052989475 0.0068349907747987442 -0.0047768069834542631  0.00030028723021478245 0.010113011937679772 -0.010017695672777195  0.01439947146863866 0.0004561063785095854 -0.031314345279076859 -0.0015583946421656948  0.0060063748398310191 -0.037969132578962221 0.0068517855451062822  -0.0023681282036552053 -0.001112223932256029 -0.014294640923393942  0.014874187174023491 -0.013341898438302736  0.010286051024291965 -0.023207336293421577  -7.7243416264735642e-06 0.0029106460965811157 -0.00072529544761366091 -0.0022472010472640138  -0.00026423535705950575 0.0012125923175776876 0.00065092568662388221 -0.00023361702949955545  0.00029467190785468085 0.0041609839858452345 0.00081674954407722215 0.0089401815796890105 -0.0095661949356777853  -0.0031361874265005696 0.0059039664887497794 -0.0072276383603195882  -0.00036747447001313167 0.0019345741591488387 0.018404810290515883 -0.0060110094206778713  -0.008524267736016073 -0.00044936324203739624 0.021936880313098331 -0.0055620336087713442  0.00046833804161245941 0.00051454048243171542 0.0034559384203362246 -0.0032536266123017301  0.003444615858797562 0.0034720075806088605 -0.01109112658008158  0.0059343777284738943 0.00035448346302806928 0.0004901712544739923 -0.0049633816307606445  0.014969708467698899 -1.7472347909762433e-05 -0.015222022241594147 -0.0043080716475042639  0.0037688825384408764 0.0063102164540545132 -0.011429978729637469 6.9177295181077625e-05  5.7147805534865306e-05 -0.0035223354303223434 0.0085535366002763725 -0.016591584383876957 -0.0043771251629729059  0.0017001287574853136 0.016667485792945413 -0.0096950101330548939  
shrinkage=0.1


Tree=20
num_leaves=31
num_cat=0
split_feature=1 9 4 1 8 5 4 9 9 8 4 9 1 4 8 8 4 4 4 4 4 4 5 1 1 5 8 4 8 9
split_gain=3909.6 1945.54 568.596 490.565 472.228 408.975 280.336 257.694 148.249 125.578 103.5 68.2036 66.4735 58.4212 51.8744 51.7226 49.8586 46.7194 45.6224 41.5385 40.0232 37.4752 37.2982 42.5145 36.3718 41.6626 33.9659 41.7712 33.2736 32.2283
threshold=5.2600927804663344 6.679421601977551 5.9545403518763083 6.6852363373681447 3.0000000000000004 11.90026054599854 4.863673427408628 7.0413885088913739 7.2264807709440779 3.0000000000000004 3.4811217321331038 6.3603544996165118 6.0695816581233011 3.2384861814448418 3.0000000000000004 3.0000000000000004 5.3821962081647756 6.0764941372188597 5.040188859666439 4.3882378946731615 5.1676349844808334 2.8617925509761908 11.114363968622387 7.2460115738484996 6.2431950830594518 10.336438117053314 3.0000000000000004 4.2121001622835372 3.0000000000000004 6.0514929658566965
decision_type=2 2 2 2 2 2 2 2 2 2 2 2 2 2 2 2 2 2 2 2 2 2 2 2 2 2 2 2 2 2
left_child=1 5 4 7 21 9 13 11 14 -1 -11 -2 19 -6 -5 -10 -8 -7 -12 28 -17 -3 23 -16 25 -13 -14 -28 -9 -20
right_child=3 2 -4 8 6 17 16 12 15 10 18 24 26 -15 22 20 -18 -19 29 -21 -22 -23 -24 -25 -26 -27 27 -29 -30 -31
leaf_value=0.0053619006587652829 0.020088453848861272 -0.0024955110795361179 0.0072084116699157701 0.029399365541727479 -0.0079973659598217232 0.010452262415514665 -0.0036968471078925765 0.0040752210830611903 0.020316021907118349 -0.00054576648816601439 0.0024960398912702644 0.0069588723010150962 0.011792422654899833 -0.0058579012871281038 0.014275692785785646 0.010247072157153994 8.06966507251924e-05 0.017272738995668026 0.011460112780258607 0.0086384272587019945 0.019912951170896757 -0.00083049334317361308 0.032883508143499683 0.024632549023404643 0.016512093972705841 0.018737090026523195 0.0024587934704573891 0.010617519321804223 -0.0028606364207169341 0.0047928639116647763
leaf_weight=160729 18664 357483 47392 14152 245128 20627 70698 16768 14336 108090 97927 13952 20753 266275 7754 17187 69080 19573 10074 10240 5706 217376 2426 8108 12632 3827 13233 11935 11773 25864
leaf_count=160729 18664 357483 47392 14152 245128 20627 70698 16768 14336 108090 97927 13952 20753 266275 7754 17187 69080 19573 10074 10240 5706 217376 2426 8108 12632 3827 13233 11935 11773 25864
internal_value=0 -0.0015537 -0.00353924 0.0131074 -0.00395469 0.00415536 -0.00579866 0.00956373 0.0199119 0.00319522 0.0017559 0.0153298 0.00622297 -0.0068834 0.0248536 0.0156059 -0.00182994 0.0137731 0.0036144 0.00317456 0.0126563 -0.0018659 0.0213358 0.0195697 0.0124093 0.00949418 0.0087974 0.00632777 0.00121422 0.0066618
internal_weight=1.91976e+06 1.71632e+06 1.27343e+06 203446 1.22604e+06 442884 651181 133777 69669 402684 241955 49075 84702 511403 32440 37229 139778 40200 133865 38781 22893 574859 18288 15862 30411 17779 45921 25168 28541 35938
internal_count=1919762 1716316 1273432 203446 1226040 442884 651181 133777 69669 402684 241955 49075 84702 511403 32440 37229 139778 40200 133865 38781 22893 574859 18288 15862 30411 17779 45921 25168 28541 35938
is_linear=1
leaf_const=0 0.060089125749252049 0 0.015033428404751704 0 0 -0.014979251923955418 0 0 0 0 0 -0.012108037824938835 0 0 0 0 0 -0.03674729438785107 0 0.055591771587609175 0 0 0 0 0.071572056895456634 -0.0048405458026763888 0 0 0 0
num_features=4 2 4 3 3 4 4 4 4 3 5 5 3 3 4 4 4 4 4 4 3 4 4 4 4 2 3 4 4 4 5
leaf_features=1 5 8 9  1 9  1 4 8 9  1 4 9  1 8 9  1 4 8 9  1 4 5 9  1 4 8 9  1 4 8 9  1 8 9  1 4 5 8 9  1 4 5 8 9  1 5 9  1 8 9  1 4 8 9  1 5 8 9  1 4 8 9  1 4 8 9  1 4 5 9  1 4 5 9  1 4 9  1 4 8 9  1 4 8 9  1 5 8 9  1 5 8 9  1 9  1 5 9  1 4 8 9  1 4 8 9  1 4 8 9  1 4 5 8 9  
leaf_coeff=0.00030050692286721778 0.00024869774636119142 0.011413523141019689 -0.0030904236179588821  0.0052998636044155672 -0.011820186399773648  7.3444265777927048e-05 -0.00088018203508411288 0.0085117643333241233 -0.0024127028656261377  0.00015367913544721696 0.0090380912303528408 -0.0088779299074687405  0.011606310360056306 0.012207522911626257 -0.012002212099280563  0.00048670193431026232 -0.00013582332545701849 0.0064617811726392915 -0.0045983653609678043  -0.00044111225637126776 0.004762070415292064 0.005406610129600864 -0.010738266067239266  -0.00023573544380142976 -0.0027096731165057401 0.01195619492828346 -0.0051624480939852727  0.0085537354609193181 0.000290566176585522 -0.02474588743130255 0.00057712760738226621  0.011260429608467605 -0.042845971835777166 0.0034545801177557679  3.2840617417642658e-05 -0.00037598014376220986 7.4694503793937272e-05 0.0054209876213295212 -0.0034840409913071638  -0.00015290237693825926 0.000395442276834046 0.00034693655827798265 0.0059880603362721723 -0.0042555665110092459  -0.0019882310316611473 0.00040023644886598848 0.004248110651746728  0.0057008606818445447 -0.038007571983740718 0.0069625039409444874  -0.00038435398023123557 0.00091326393073170036 0.0079905520970491757 -0.0056632668086731286  -0.00072485922174459491 0.00066061007752000675 0.021326182776565616 -0.010433337045590907  0.012435692907441176 0.00077959822493438584 -0.0077205339043246116 -0.0066550288290130773  0.00010163662540955678 0.0029454929889274838 0.011517512939124952 -0.0085813258359856894  0.00029568715854901841 -0.00087713820430552765 0.0096893471809060827 -0.0097332059757047062  -0.00064226527108822711 0.0043404007858677931 -0.0021579960778399967 0.0022146424908449092  -0.0038250640586271704 0.005353353426688412 -0.0071065474134961448  0.0028825761517447092 0.0099775131829187742 -0.014311207492454514 -0.00020910428341238687  -0.00042828193375295509 0.0017480883118695502 0.016483222841213153 -0.0053899581454456063  -0.0069439448021630275 0.015242115428542391 -0.019557928466116082 -0.0026530924029300354  0.011487441087865126 0.00021049667476345584 0.0068830129165522898 -0.013821630370308214  0.0012745699054093507 -0.0092706386663230951  0.010093561315715149 0.0034556327624727604 -0.010718929853418758  0.013503335116460392 -0.00021564252757117766 -0.013603037014979691 -0.0039735211039717555  0.0030625085549881082 0.0056409788932162731 -0.0097244325275070778 7.9487414683399049e-05  -0.0056302661297622071 -0.00034979778937914918 0.017301362509424933 -0.0053127782597091056  5.6389335183672923e-05 0.0081316270137669743 -0.0015509434665072598 0.0084159612658758938 -0.0084249469240514682  
shrinkage=0.1


Tree=21
num_leaves=31
num_cat=0
split_feature=1 9 4 1 8 5 4 9 9 8 5 5 8 1 8 5 5 8 4 4 5 1 4 8 5 1 4 5 4 6
split_gain=3169.34 1574.13 459.925 403.499 382.721 331.825 226.005 216.647 134.961 105.024 80.1617 63.7811 62.7075 62.1781 60.6977 47.7563 47.2343 47.4799 42.4591 40.3853 34.1757 44.0203 33.4891 32.5445 51.3674 31.3346 30.4214 27.9707 67.343 69.3051
threshold=5.2230512493957644 6.679421601977551 5.9545403518763083 6.3638894301961892 3.0000000000000004 11.864821005513019 4.863673427408628 7.2264807709440779 7.0413885088913739 3.0000000000000004 9.5391763832008447 10.336438117053314 3.0000000000000004 7.2060062339413085 3.0000000000000004 9.1892699400530926 10.336438117053314 3.0000000000000004 5.9750802605835984 5.3821962081647756 11.228989699649746 7.2664780635385222 5.0139575654555903 3.0000000000000004 10.887549071762306 7.2851637305456958 2.8617925509761908 9.497547328764556 2.524928003624769 7.1508321594623085
decision_type=2 2 2 2 2 2 2 2 2 2 2 2 2 2 2 2 2 2 2 2 2 2 2 2 2 2 2 2 2 2
left_child=1 5 4 8 26 9 15 12 11 27 -11 14 25 23 -2 -6 17 -10 -7 -8 21 -14 -12 -9 -25 -5 -3 -1 29 -29
right_child=3 2 -4 7 6 18 19 13 16 10 22 -13 20 -15 -16 -17 -18 -19 -20 -21 -22 -23 -24 24 -26 -27 -28 28 -30 -31
leaf_value=0.0043717964521859569 0.01377504229312174 -0.0022514162862267758 0.0064791593461798278 0.022684040348460895 -0.007169318614074909 0.0088436411196643194 -0.0033418273311156357 0.013347164181056921 0.0051613489256394874 -0.00051291835632262604 0.0022053142739263164 0.020088347314750277 0.013145947583564466 0.017847111735104473 0.0041388617676962674 -0.0052357916409760952 0.0088447439162702823 -0.0014835271833783404 0.015184078165877185 5.9642598491697711e-05 0.027232439141341009 0.022337848531162795 0.005804701993707766 0.0054330336327620852 0.014734151654885553 0.031472373860260375 -0.00075076830543945993 0.12463865865662804 0.008004311117518122 0.0056548058359246513
leaf_weight=143903 15200 357126 47352 16116 254823 20236 70614 20615 25616 107415 96963 7465 15275 14084 11469 256144 15140 18533 22092 69025 3249 7907 35245 20391 8377 5422 217279 101 16490 95
leaf_count=143903 15200 357126 47352 16116 254823 20236 70614 20615 25616 107415 96963 7465 15275 14084 11469 256144 15140 18533 22092 69025 3249 7907 35245 20391 8377 5422 217279 101 16490 95
internal_value=0 -0.00140433 -0.00319111 0.0117558 -0.00356491 0.00373291 -0.00522572 0.0158194 0.00690876 0.00284239 0.00151624 0.011918 0.0208911 0.0119861 0.009631 -0.00620006 0.00402483 0.00237194 0.0121529 -0.00166045 0.0176273 0.0162812 0.00316487 0.0103146 0.00814144 0.0248964 -0.00168377 0.0048212 0.00869692 0.0669679
internal_weight=1.91976e+06 1.7149e+06 1.27236e+06 204859 1.22501e+06 442540 650606 111436 93423 400212 239623 34134 47969 63467 26669 510967 59289 44149 42328 139639 26431 23182 132208 49383 28768 21538 574405 160589 16686 196
internal_count=1919762 1714903 1272363 204859 1225011 442540 650606 111436 93423 400212 239623 34134 47969 63467 26669 510967 59289 44149 42328 139639 26431 23182 132208 49383 28768 21538 574405 160589 16686 196
is_linear=1
leaf_const=0 0 0 0.013565949806059054 0 0 -0.011310984722319973 0 0 0 0 0 0.037976666711844589 0 0.093873224049161763 0 0 -0.015406137171322599 0 -0.031465889584853815 0 0 0 0 0 0 0 0 0 0 0
num_features=4 4 4 3 3 5 4 4 3 4 4 5 3 4 2 4 5 3 4 4 4 4 4 5 4 4 3 4 3 5 4
leaf_features=1 5 8 9  1 5 8 9  1 4 8 9  1 4 9  1 8 9  1 4 5 8 9  1 4 5 9  1 4 8 9  1 8 9  1 5 8 9  1 5 8 9  1 4 5 8 9  1 5 9  1 5 8 9  1 9  1 5 8 9  1 4 5 8 9  1 5 9  1 5 8 9  1 4 5 9  1 4 8 9  1 5 8 9  1 5 8 9  1 4 5 8 9  1 5 8 9  1 5 8 9  1 8 9  1 4 8 9  4 5 9  1 4 5 8 9  5 6 8 9  
leaf_coeff=8.4275194612657561e-05 -9.2631134181994645e-05 0.0093209078132327153 -0.0021305726677737446  0.010010450836573634 0.00048541290958913357 0.0011824075251396949 -0.0076060658298433559  4.1813494728159231e-05 -0.00079280246104447062 0.0076451876380204458 -0.0021668903797555927  6.4721578320166284e-05 0.008135369724754149 -0.0079955789475027583  0.00029426848708118819 0.045861677518380266 -0.010835905024340065  0.00024126151207981214 0.00018088391631436649 -0.0001630504324142912 0.0060080417391603193 -0.0041521152174350817  -0.0032532270200799299 0.0038118296177298561 0.0048965994189636326 -0.009675181714480896  -0.00028105749817624752 -0.0024561179427477712 0.01076715974867426 -0.0046367787443725387  0.0086267855063422161 -0.044139568219054584 0.0059694544505987327  0.0083161520792611222 0.00025131990508550292 -0.025820050968530951 0.00097132016222900575  -0.00017341113331685397 -0.00013414515164957737 0.0051613674013303856 -0.0031671470349285526  -0.00016645292053597097 0.00064230214776889736 0.00016260251447841048 0.0051611889524718624 -0.0036407982197945057  0.0032903585313864172 0.0038238805978098259 -0.012041843121004448  0.0023231596911910402 0.00042825304227183905 0.013133621267871832 -0.0087068228558667467  0.0082058787488104908 -0.018841688268264534  -0.0093398447470988809 0.00031569430386358088 0.027515847544947604 -0.0080015881566440471  -0.00034028270305761632 -0.00031130491495253538 0.0013342293655254772 0.0050095084057378619 -0.0050966282492787233  0.0018543090843699873 0.0038751589469490089 -0.0039945182853237783  0.0017909769977865503 1.3757064384906786e-06 0.0052218385997250044 -0.0044398893180272129  0.00025246931465279233 0.0013108612241172326 0.0075512281655271355 -0.0088137137990422342  1.4591016483001197e-05 0.0026556082341507308 0.010339665101217492 -0.0077119168854409116  0.0070024635945707629 0.014327029937965086 -0.042522598284193691 -0.0027849956696883284  0.010197449882187227 0.00022115823246339554 0.0066774889822399435 -0.012565196426864845  -0.00021262660891026438 0.0060564214211278333 -0.0017140168091103415 0.012988967737410562 -0.0092840917078371287  0.0013090522987710962 0.00024403589292173805 0.006170698739838088 -0.0039326245099395862  0.0085872325144728794 0.0086311621438873495 -0.034806189972192668 -0.00058727010048755803  0.012268890761018803 0.0099941597317993579 -0.012529808933223486  -0.00041624357153768464 0.001573546243544044 0.014844248726454179 -0.0048534026388096013  7.5051023653049924 -1.840601374994185 -0.15903184275380228  8.0237747655033571e-05 -0.0063470410340908502 0.0084240732589566988 -0.010230353391385096 -0.004802376344691695  -0.25892498032046801 -0.63161085959244978 3.5990892690493697 -0.031667174593498791  
shrinkage=0.1


Tree=22
num_leaves=31
num_cat=0
split_feature=1 9 4 8 4 9 1 4 1 8 8 1 1 4 4 9 1 5 8 5 1 1 4 4 4 9 4 9 1 9
split_gain=2571 1338.78 394.395 393.905 271.01 216.9 115.663 101.708 89.0255 80.3816 78.3229 77.8121 70.7213 67.3906 61.6227 44.9097 44.8708 52.7802 34.4962 54.7166 31.4432 31.0026 30.0509 29.6975 29.6497 29.3252 28.3105 27.8409 25.751 25.2108
threshold=6.0695816581233011 6.679421601977551 5.5510178349084196 3.0000000000000004 5.5510178349084196 7.2264807709440779 4.6395599436855051 4.1820210059610323 4.8559213341406453 3.0000000000000004 3.0000000000000004 4.7664292796317111 7.1510934607486316 3.4175922930736511 6.2412495553129679 6.0514929658566965 7.1510934607486316 11.114363968622387 3.0000000000000004 10.640639656647275 7.2851637305456958 4.8081027000528378 6.2393002351051399 4.9870196042435371 3.3842466058243152 7.2264807709440779 3.9796379800581989 6.0514929658566965 4.3107766033702406 7.0413885088913739
decision_type=2 2 2 2 2 2 2 2 2 2 2 2 2 2 2 2 2 2 2 2 2 2 2 2 2 2 2 2 2 2
left_child=1 4 3 8 6 10 9 28 29 -1 20 25 18 -11 21 -8 17 -12 24 -20 26 -4 -6 -15 -7 -9 -2 -25 -5 -3
right_child=5 2 14 7 22 12 15 11 -10 13 16 -13 -14 23 -16 -17 -18 -19 19 -21 -22 -23 -24 27 -26 -27 -28 -29 -30 -31
leaf_value=0.0042428608337075329 0.018554747136084987 -7.8224537524280893e-05 0.0016416569106827716 -0.006152328011283445 0.0096774311257371622 0.0095530740021480161 0.018201933294676363 -0.0012924056087407212 0.0044426781042219057 -0.00056685771893831289 0.009568355947221132 0.0046640695392854547 0.015675612045205005 0.0018960391564819717 0.008042466967493403 0.0074186987159201717 0.019802381168285324 0.022628417419937423 0.0033592419188822604 0.011185645540162721 0.028325136428458339 0.011346570121245693 0.015691241756275103 0.0091644497771022296 0.018876427799938724 -0.0042238546073574169 0.030253110822799856 0.0033292117080366054 -0.0024669873316112891 -0.0018544886535246244
leaf_weight=158384 19304 96116 69627 348467 29613 25035 5400 40862 25873 104522 18650 11528 15687 97280 22929 13563 9969 3710 24170 14170 5422 3455 11550 12068 3949 206989 2317 25356 20051 473746
leaf_count=158384 19304 96116 69627 348467 29613 25035 5400 40862 25873 104522 18650 11528 15687 97280 22929 13563 9969 3710 24170 14170 5422 3455 11550 12068 3949 206989 2317 25356 20051 473746
internal_value=0 -0.00103578 -0.00265216 -0.00313641 0.00362421 0.0129297 0.00285933 -0.00488405 -0.00129442 0.00249544 0.0175448 -0.00336702 0.00962886 0.00133852 0.00351951 0.0104894 0.0142229 0.0117353 0.00821992 0.00625179 0.021516 0.00210046 0.0113649 0.00281698 0.0108234 -0.00374056 0.0198084 0.00521088 -0.00595181 -0.00155489
internal_weight=1.91976e+06 1.77738e+06 1.31964e+06 1.22363e+06 457736 142383 416573 627897 595735 397610 59372 259379 83011 239226 96011 18963 32329 22360 67324 38340 27043 73082 41163 134704 28984 247851 21621 37424 368518 569862
internal_count=1919762 1777379 1319643 1223632 457736 142383 416573 627897 595735 397610 59372 259379 83011 239226 96011 18963 32329 22360 67324 38340 27043 73082 41163 134704 28984 247851 21621 37424 368518 569862
is_linear=1
leaf_const=0 0 0 0.012177200884477202 0 0.033152554058870014 0 3.165355839766562 0 0 0 0 0 0.071619473350187951 0 0.016177822265080976 0.013583297601113032 0 0 0 0 0 0.064836565433387255 0.12671774296545665 0 0 0 0 0 0 0
num_features=4 4 4 3 4 3 4 3 4 4 4 4 4 2 4 3 3 3 4 4 4 3 3 3 3 4 4 4 4 4 4
leaf_features=1 4 8 9  1 4 8 9  1 4 8 9  1 4 9  1 4 8 9  1 4 9  1 4 8 9  1 4 9  1 4 8 9  1 4 8 9  1 4 8 9  1 5 8 9  1 4 8 9  1 9  1 4 8 9  1 4 9  1 4 9  1 8 9  1 5 8 9  1 5 8 9  1 5 8 9  1 8 9  1 4 9  1 4 9  1 4 9  1 4 8 9  1 4 8 9  1 4 8 9  1 4 8 9  1 4 8 9  1 4 8 9  
leaf_coeff=-0.00050575322994107915 0.00047265547234180764 0.0094370687382917331 -0.0024796740205907499  0.0053587439136900507 0.0009306167855400616 0.015500014392890905 -0.0074508166283683511  -0.00049114967262330891 0.00016571657408586822 -0.012513064483300695 0.0035197670593660746  -0.00074939426660038328 0.0065099516022574027 -0.00667350259095989  -0.00038609341646060337 0.00043856332504316789 0.0055436819300584972 -0.0040164538752181398  0.0018771200665600174 0.0035113179599118639 -0.0070497207222642196  0.0079831752300430388 0.0015707188435977626 -0.0086999163355301334 -0.0035266458885715225  -0.0061713048526140573 0.0015618352988470364 -0.52935106934746734  -0.00080967428302192168 0.0029546285638421821 -0.019812335623536372 0.0091493962238025969  0.0034258713123329607 0.00089060539546488018 0.01496277858284998 -0.0062687850101982084  -0.00077717202916058282 -0.00031624696721049036 0.004353656099920067 -0.0027255911589779192  0.0094196760064580668 0.00050841754632158719 -0.0024601954835881124 -0.0068706530996332843  0.00013012056858184088 0.0076323167212640763 0.010009617431705566 -0.0099523751961006837  0.0076775135726244066 -0.015506921383308737  -0.0010417780527273511 0.00025164203455389707 0.0055400716573485555 -0.0033665189518514273  0.00078626931860822924 0.0063677034293000648 -0.0068296386088206873  0.00083595410790273663 0.0014423647964382502 -0.002199611939373014  0.0073963638329533126 0.0062745065621584223 -0.0093316054174982458  0.0097232494995905874 0.01361502384539528 -0.041513552557340641 -0.0051382789257349518  0.0039594691565895011 0.00019355295758872321 0.0016926256451775146 -0.0040621512305950352  0.0059121222279316099 0.0066662554942763632 -0.026939094946763477 0.00054599144158515853  0.011042001624382715 0.0089947441998489818 -0.011276828109252257  -0.00041979899400450553 0.00067100146021079618 -0.0074949063569498264  -0.00093901580950495338 -0.0070375618763762306 -0.010558351725112658  -0.0015115000258958385 0.00022196584867995028 0.0013750750055281813  0.0046422049822179455 0.0079123727274197815 -0.061723143562892352 0.010906856180226044  -0.00062893018098996866 0.0019285537267985599 -0.0017463028241401447 -0.00085286722681168217  -0.0042621917974162348 0.010933432497967882 0.030390701105866925 -0.0078685352786353139  -0.00089719279860779599 0.0031508177861875987 0.0087824844650526753 -0.0074155369867863648  -0.00036574283307717182 -0.00079737208504865396 0.01040482905221758 -0.005619843849353501  -5.5153857834333575e-05 0.0003173799664268118 -0.0022735526019232568 0.00025754001844955358  
shrinkage=0.1


Tree=23
num_leaves=31
num_cat=0
split_feature=1 9 5 8 1 5 9 5 4 1 8 4 8 9 8 4 8 5 4 4 9 8 4 4 5 5 6 7 9 1
split_gain=2084.39 1031.02 304.518 281.564 275.997 220.021 162.637 99.274 87.8077 68.3386 65.5127 58.693 52.7118 44.3686 40.9092 38.1939 31.2706 50.8249 29.1398 27.252 26.6978 25.2642 25.052 23.2375 21.5391 59.3889 250.262 24.4364 20.3668 19.878
threshold=5.173316863805991 6.679421601977551 11.864821005513019 3.0000000000000004 6.2719327192022343 11.935406635759234 6.679421601977551 10.702963529755291 3.5408542930527882 7.2060062339413085 3.0000000000000004 4.9870196042435371 3.0000000000000004 7.2264807709440779 3.0000000000000004 5.9545403518763083 3.0000000000000004 10.841285339928397 2.8617925509761908 3.1984648276080736 6.0514929658566965 3.0000000000000004 6.3017023852040754 2.8617925509761908 9.497547328764556 9.5391763832008447 6.8596425165218067 5.7546300559679597 6.0514929658566965 5.8791343840901709
decision_type=2 2 2 2 2 2 2 2 2 2 2 2 2 2 2 2 2 2 2 2 2 2 2 2 2 2 2 2 2 2
left_child=1 5 3 23 8 10 14 18 12 16 24 19 20 -10 -6 -4 -8 -18 -5 -12 -2 -11 -7 -3 -1 26 -26 -28 -13 -14
right_child=4 2 15 7 6 22 9 -9 13 21 11 28 29 -15 -16 -17 17 -19 -20 -21 -22 -23 -24 -25 25 -27 27 -29 -30 -31
leaf_value=0.0035043429371216608 0.016035024272871821 -0.0018655530913123993 0.0006824472327632532 -0.006015638327803852 0.022194255333161175 0.0088168463639983589 0.01124010234743384 -0.0020411971146731753 0.013853479623630524 0.019837709380114865 -0.00068716114581768512 0.0084213439240851222 0.0016714609581524155 0.0062264947783631057 0.015263302233606606 0.0055106944552940455 0.0045218386215040403 0.012366202352412202 -0.0044504935468326345 0.0016419725553096431 0.0043906098435424713 0.012475881762612703 0.014778615086823736 -0.00055321911913651779 0.010118991013708197 0.004605067265285724 0.12038239741251489 0.05132286592171742 0.0033930388695469454 -0.0045279774854225614
leaf_weight=143696 2104 356645 25631 202936 15348 28785 28902 135604 12718 7897 90488 11150 10771 19055 19131 45412 27224 11857 287441 112929 30682 11378 9334 217038 2514 13813 242 65 29022 9950
leaf_count=143696 2104 356645 25631 202936 15348 28785 28902 135604 12718 7897 90488 11150 10771 19055 19131 45412 27224 11857 287441 112929 30682 11378 9334 217038 2514 13813 242 65 29022 9950
internal_value=0 -0.00114557 -0.00259265 -0.00296937 0.00947784 0.00301429 0.0125339 -0.00443598 0.00511532 0.0102363 0.00232892 0.0012957 0.00264265 0.0092794 0.0183486 0.00376875 0.00874616 0.00690178 -0.00509821 0.000605881 0.00513788 0.015492 0.0102767 -0.00136907 0.00389869 0.00730537 0.0205274 0.105761 0.00478868 -0.00130544
internal_weight=1.91976e+06 1.71274e+06 1.27071e+06 1.19966e+06 207017 442038 121737 625981 85280 87258 403919 243589 53507 31773 34479 71043 67983 39081 490377 203417 32786 19275 38119 573683 160330 16634 2821 307 40172 20721
internal_count=1919762 1712745 1270707 1199664 207017 442038 121737 625981 85280 87258 403919 243589 53507 31773 34479 71043 67983 39081 490377 203417 32786 19275 38119 573683 160330 16634 2821 307 40172 20721
is_linear=1
leaf_const=0 0 0 -0.025670183415616069 0 0 -0.0090476897214557539 0 0 0.033884913881480828 0 0 0 0 0.0092127820477060137 0 -0.0067822500355731565 0 0 0 0 0 0 0.21565079900610729 0 0 0 0 0 0 0
num_features=4 4 5 4 5 3 4 3 4 3 3 5 4 3 3 3 4 4 4 5 5 4 3 4 5 5 4 5 5 5 3
leaf_features=1 5 8 9  1 4 8 9  1 4 5 8 9  1 4 5 9  1 4 5 8 9  1 8 9  1 4 5 9  1 8 9  1 5 8 9  1 4 9  1 8 9  1 4 5 8 9  1 4 5 9  1 4 8  1 4 9  1 8 9  1 4 5 9  1 5 8 9  1 5 8 9  1 4 5 8 9  1 4 5 8 9  1 4 8 9  1 8 9  1 4 5 9  1 4 5 8 9  1 5 6 8 9  1 5 8 9  5 6 7 8 9  5 6 7 8 9  1 4 5 8 9  1 4 8  
leaf_coeff=2.798867756222609e-05 -0.00011500499360336744 0.0074664889077294743 -0.0016525052571912725  -0.0076640136364062531 0.00052708026345591461 1.6212701075011866 -0.54050360032124445  -0.00020665412825310349 -0.00038120290716004356 -0.00024581923573097005 0.0062436487902587604 -0.0015900250445799458  0.00087167981830388319 -0.0087452781366283705 0.009805504657218923 -0.0056299560921126536  0.00044843343630437824 -0.00067076493020757776 8.5596096439730101e-05 0.0046560469743624827 -0.0032913636978312514  0.0054904269787746651 0.01469101038130134 -0.0071063969735373437  0.0001081100707446936 0.0034487933449138808 0.003236313172360639 -0.0066827617058437209  0.0051698020663335509 0.004887056638028753 -0.004522748810693855  -0.00016336667184646626 0.0027239146690674751 0.0011326967795759479 -0.0050616303033747204  0.0021649815917461623 0.0045651191337806709 -0.0081670148470821321  0.0082448349667021865 0.0033870973340867751 -0.0069539152295760688  4.3233733716979696e-06 -0.0010205981671421291 0.00014769304666830546 0.0039049965891911342 -0.0024345507908075659  -0.00068044687624991835 0.0032427254559611821 -0.0022142665321418066 0.0028211813665073751  0.0063104399900518532 -0.0010951907186506579 -0.0081885959272598018  0.0024631931335342473 0.0028872765555216897 -0.0042226063522825541  0.0062119976535035572 0.0059591603436029324 -0.0081880632451706969  7.2718104606928077e-05 0.0036657486664143368 0.0027903367160131867 -0.0062364109283350906  0.0014385548826461592 0.00021967520889365732 0.0073777907171962203 -0.0048446178170161508  0.008012383196127626 0.00782903436846385 -0.01319780469741616 -0.010800378462568361  -0.00048173549431805438 -0.0010820292367645008 0.0017007927195030277 0.0030408427993879883 -0.0039435262103694416  -0.00034776288952151579 0.00016708405674251692 0.00036483831654370307 0.0037911523378994618 -0.0028480016640314966  0.0048067127628453783 0.00022340755132316259 0.0047781833198710551 -0.0046436551860460805  0.0020626435335053374 0.011420448263759653 -0.0067084390271364928  -0.0016881500662408013 -0.042127884427532084 0.010513776528374309 -0.010072029242670588  -0.00055320655367943096 -0.0014853029042833851 0.0027131444082854929 0.0043198479953366229 -0.003921144856815717  -0.0006170293734883023 -0.19642803473264731 0.016076098937538807 0.8890845691430882 0.00026813726646892635  6.8960747290424884e-05 0.0095489056343294968 -0.035766605607632854 -0.0026853608913551155  -2.8783662809921911 0.17839184958682353 -0.010391087731046156 13.408869729382197 -0.075974099228599823  -6.4419805781161585 0.48823189155841007 0.33257006714579945 27.954660129712376 0.034112436074909172  -0.00020131604802468077 0.0055716954986063444 -0.0011763714240387469 0.0061277232441714347 -0.0057573765837588553  0.01975247226518384 -0.0006617744829832046 -0.031057914969730406  
shrinkage=0.1


Tree=24
num_leaves=31
num_cat=0
split_feature=1 9 5 1 8 5 9 5 4 8 8 8 5 8 1 4 4 4 9 5 1 4 4 8 5 4 5 6 4 5
split_gain=1691.94 828.135 245.988 241.058 227.083 179.872 132.7 77.5246 75.4179 55.3687 45.9453 44.9676 43.2258 39.0188 36.6306 30.7055 29.1999 28.6576 24.7649 23.9227 27.1426 23.9131 23.503 20.3537 29.2819 19.033 17.7779 22.8014 32.8829 148.069
threshold=4.9308638091439496 6.679421601977551 11.864821005513019 6.2719327192022343 3.0000000000000004 11.864821005513019 7.2264807709440779 10.702963529755291 3.5408542930527882 3.0000000000000004 3.0000000000000004 3.0000000000000004 9.4560669945259814 3.0000000000000004 7.2060062339413085 6.2412495553129679 4.135134555718313 5.2857353797162627 6.0514929658566965 11.114363968622387 7.3294217126440531 2.8617925509761908 5.9750802605835984 3.0000000000000004 10.661239656562463 2.8617925509761908 9.0636368911077394 6.7805467106289585 2.249904835165133 9.5391763832008447
decision_type=2 2 2 2 2 2 2 2 2 2 2 2 2 2 2 2 2 2 2 2 2 2 2 2 2 2 2 2 2 2
left_child=1 5 4 8 25 9 13 21 10 26 18 16 -11 -5 23 -4 -10 -13 -2 20 -15 -6 -7 -8 -25 -3 -1 -28 -29 -30
right_child=3 2 15 6 7 22 14 -9 11 12 -12 17 -14 19 -16 -17 -18 -19 -20 -21 -22 -23 -24 24 -26 -27 27 28 29 -31
leaf_value=0.0028477355192246374 0.014623433236334272 -0.0017070164759606385 0.0019555022011195056 0.018156034868696946 -0.0054386184114516836 0.0064192606000980403 0.0095433650783460708 -0.0018935287457051968 0.010580108399512156 -0.00049235648544826297 -0.0011638555314136176 0.0042397650449636426 0.0022273706079188817 0.0092945250173859222 0.012998110808824771 0.0064361974019392174 0.023661824381994472 0.011324642970927674 0.0038886742830223451 0.019767181685608964 0.016585129122233668 -0.0040167053271333557 0.011138378707098393 0.003359047066974743 0.0095637115005176247 -0.00051656136828330697 0.004489191849049428 0.0026392016614474145 0.054671493438210816 0.00049527488532389446
leaf_weight=118836 2295 354464 48483 23277 201476 20235 23361 134659 5050 102630 22788 19423 135712 17193 14084 22342 2577 8086 33800 4039 7264 286405 22058 20386 12133 216227 36487 1841 808 1343
leaf_count=118836 2295 354464 48483 23277 201476 20235 23361 134659 5050 102630 22788 19423 135712 17193 14084 22342 2577 8086 33800 4039 7264 286405 22058 20386 12133 216227 36487 1841 808 1343
internal_value=0 -0.00105637 -0.00235694 0.00834302 -0.0026968 0.0026804 0.0112805 -0.00401763 0.00453953 0.00202099 0.00235171 0.008206 0.00105626 0.0151186 0.00844037 0.00336895 0.0150001 0.0063223 0.00457121 0.0126374 0.0114599 -0.0046039 0.00888053 0.00729164 0.00567404 -0.00125597 0.00346426 0.00527423 0.0124495 0.020846
internal_weight=1.91976e+06 1.70401e+06 1.26406e+06 215756 1.19323e+06 439950 121737 622540 94019 397657 58883 35136 238342 51773 69964 70825 7627 27509 36095 28496 24457 487881 42293 55880 32519 570691 159315 40479 3992 2151
internal_count=1919762 1704006 1264056 215756 1193231 439950 121737 622540 94019 397657 58883 35136 238342 51773 69964 70825 7627 27509 36095 28496 24457 487881 42293 55880 32519 570691 159315 40479 3992 2151
is_linear=1
leaf_const=0 0 0 -0.039661198883592874 0 0 -0.0094757488296124855 0 0 0 0 0 0 0 0 0.064278196366717569 0.013318661847705471 0 0 0 0 0 0 -0.020639132996194576 0 0 0 0 0 0 0
num_features=4 4 5 4 3 5 4 3 4 3 4 3 3 4 4 2 4 3 3 4 4 4 5 4 4 4 5 5 5 5 5
leaf_features=1 5 8 9  1 4 8 9  1 4 5 8 9  1 4 5 9  1 8 9  1 4 5 8 9  1 4 5 9  1 8 9  1 5 8 9  1 4 8  1 5 8 9  1 4 8  1 4 8  1 5 8 9  1 5 8 9  1 9  1 4 5 9  1 4 8  1 4 8  1 4 8 9  1 5 8 9  1 5 8 9  1 4 5 8 9  1 4 5 9  1 5 8 9  1 5 8 9  1 4 5 8 9  1 5 6 8 9  4 5 6 8 9  4 5 6 8 9  4 5 6 8 9  
leaf_coeff=-0.00032696879395052692 -0.00029605594493417581 0.0060919904530940096 -0.0010862093582219678  -0.0055906118302843314 0.00042584980337903036 1.4285081725101918 -0.47735044189030307  -0.00037555948942664778 -0.00033154734411530999 -0.00023357966549709605 0.0055987373685074011 -0.0014147452409427608  6.7858965712996874e-05 -0.00074076146634598499 0.0067096509955803189 -0.0048570101038589719  0.0056252093090483849 0.014975014325444392 -0.0077379834793918972  0.0003670721299100059 -0.00060388689474497818 8.5312763726332066e-05 0.0040794269034105215 -0.0029097593343397677  -0.0037891316253720886 0.00239559672983789 0.0039553944669343368 -0.0072638146209587978  0.0056911789382343876 -0.031325376125073488 0.0046708726895076328  -0.00046532246890389954 0.0023942976807408006 0.0011370671882350968 -0.0045285278207489732  0.0086798354837727132 0.0068824953415571599 -0.032550085490348837  -0.00049843713777930827 -0.00015886840426453672 0.0037694272722236691 -0.0022468295205234413  -0.0034253091890498635 -0.00074340997903243129 0.0047651253159747501  -0.0011226228467766219 0.0044440404161187885 -0.0023829747377717148  -0.00047053759585719213 0.0014179568160516997 0.0010808121922827318 -0.0027299512499111113  0.001807338576934131 0.00028967002299640004 0.0091446192301865466 -0.0062163779172792928  0.0060151168071111982 -0.013203791518625963  -8.5649701433210268e-05 0.0051501879491600462 -9.0082651117739948e-05 -0.0053924732843343651  0.012343589276014555 0.011443463434161317 -0.049634385527005526  -0.00028605899368407963 0.0030650087911469727 -0.0011978877310955484  0.0029587674021934853 9.1117572794847945e-05 0.0083384813391646165 -0.0041620794668765894  0.0063931693877325724 0.010511533460508661 -0.031798995712501645 -0.0028663807008078024  0.0074203772280651671 0.00012813289425535196 0.006113501893938356 -0.0098820405049864675  -0.00059582560811690462 -0.00099390771261970157 0.0015341939141894191 0.0027285446535485038 -0.0035372812577297631  -0.00066956427231894548 -0.0002705540596505962 0.0058624621801179446 -0.0062622444942230793  0.0011725202805313085 0.00010356447267829208 0.0045517706184980966 -0.0031128272314063566  0.0056537503246545003 0.0053418669282446875 -0.023758391489289467 0.00077405390098377329  -0.00070655355979516493 -0.00144115177817003 0.0024670440362927724 0.0039808907603733346 -0.0035381601043628754  -0.00041772342769426894 0.001466302599320668 -0.0041719258837544021 0.015895302582954064 -0.0025389336624721094  -16.842222921605565 14.704876645102813 -14.727754498481492 3.2972272668848706 0.001500057370482244  -0.43823902484502714 0.4933209816644592 -0.13978082300680369 -1.2222140067957186 -0.0078555905295246472  11.411933289998878 -10.820200741165513 10.654884526698224 -0.6112914004036023 0.00052816450987467343  
shrinkage=0.1


Tree=25
num_leaves=31
num_cat=0
split_feature=1 9 4 8 4 9 1 4 1 8 8 1 1 4 4 9 5 1 9 9 7 4 8 4 4 1 4 4 5 9
split_gain=1373.92 717.775 214.106 212.727 148.844 117.312 72.988 54.0246 50.7979 43.1079 42.7451 39.6984 37.4845 36.7662 33.3643 31.9306 26.7799 33.2836 18.9648 22.0639 21.1003 18.5554 24.4097 22.7152 19.8768 17.2841 20.6228 16.9284 16.9224 16.7919
threshold=6.0695816581233011 6.679421601977551 5.5510178349084196 3.0000000000000004 5.5510178349084196 7.2264807709440779 4.4716224665663962 4.1820210059610323 4.5053345884235583 3.0000000000000004 3.0000000000000004 4.5900436644025815 7.1510934607486316 3.2384861814448418 5.9545403518763083 6.0514929658566965 11.114363968622387 7.2060062339413085 7.5038750479758836 7.2264807709440779 5.6088223426869908 6.1664671725598819 3.0000000000000004 3.1567740231385479 4.2413008733233104 7.2851637305456958 3.9796379800581989 4.9870196042435371 10.025240473324976 7.2264807709440779
decision_type=2 2 2 2 2 2 2 2 2 2 2 2 2 2 2 2 2 2 2 2 2 2 2 2 2 2 2 2 2 2
left_child=1 4 3 8 6 9 10 -5 -3 25 -1 29 21 -12 -4 -8 17 -11 19 -16 -20 22 23 -7 -24 26 -2 -15 -10 -9
right_child=5 2 14 7 -6 12 15 11 28 16 13 -13 -14 27 18 -17 -18 -19 20 -21 -22 -23 24 -25 -26 -27 -28 -29 -30 -31
leaf_value=0.0030669734215276884 0.013456105610590165 -0.001153859193945317 0.00071114252426594652 -0.0043600164164771726 0.0083914913341532962 0.0066315527636298353 0.014295152037790321 -0.00089763628305820355 0.0026166050185870114 0.0069171692620011707 -0.00053815146781975543 0.003065291838884791 0.011426578585589068 0.0013226738037115607 0.0082078938998903801 0.0054570769821332445 0.017506663522620449 0.014421530621536005 0.045930717643564462 0.00280709247312683 0.010055042102365467 0.016465899418615548 0.001842742266389395 0.014061748338610026 0.0065081138505788186 0.020840499029211063 0.023440574755249841 0.0038072060511310513 0.014666169902652897 -0.0031188172629696108
leaf_weight=157791 19304 566443 47207 368518 41163 24019 5707 40760 28076 19269 98248 12314 15687 103051 9560 14408 4535 8525 174 36234 2836 1652 19553 4965 17135 5422 2317 37368 1216 206305
leaf_count=157791 19304 566443 47207 368518 41163 24019 5707 40760 28076 19269 98248 12314 15687 103051 9560 14408 4535 8525 174 36234 2836 1652 19553 4965 17135 5422 2317 37368 1216 206305
internal_value=0 -0.000757175 -0.00194072 -0.00229751 0.00265495 0.00945188 0.0020881 -0.00358182 -0.000943872 0.0128459 0.00178995 -0.00247618 0.00702435 0.000945662 0.00260656 0.0079646 0.0103815 0.00921891 0.00443996 0.00393457 0.0121289 0.00599859 0.00573528 0.00790436 0.00402169 0.0157921 0.0145261 0.00198385 0.00311682 -0.00275237
internal_weight=1.91976e+06 1.77738e+06 1.31964e+06 1.22363e+06 457736 142383 416573 627897 595735 59372 396458 259379 83011 238667 96011 20115 32329 27794 48804 45794 3010 67324 65672 28984 36688 27043 21621 140419 29292 247065
internal_count=1919762 1777379 1319643 1223632 457736 142383 416573 627897 595735 59372 396458 259379 83011 238667 96011 20115 32329 27794 48804 45794 3010 67324 65672 28984 36688 27043 21621 140419 29292 247065
is_linear=1
leaf_const=0 0 0 0.045142230084347902 0 0.011024389921729494 0 2.3375964622944596 0 0 0 0 0 0.047895694917792754 0 -0.40368498548700704 0.011415740159506527 0 0 -16.833691142033786 -0.047991086861713939 7.9740773273631937 -0.23379992656282411 0 0 0 0 0 0 0 0
num_features=4 4 4 3 4 3 4 3 4 5 4 4 4 2 4 3 3 4 4 4 3 4 3 4 4 4 3 4 4 5 4
leaf_features=1 4 8 9  1 4 8 9  1 4 8 9  1 4 9  1 4 8 9  1 4 9  1 4 8 9  1 4 9  1 4 8 9  1 4 5 8 9  1 5 8 9  1 4 8 9  1 4 8 9  1 9  1 4 8 9  1 4 9  1 4 9  1 5 8 9  1 5 8 9  1 4 7 9  1 4 9  1 4 7 9  1 4 9  1 4 8 9  1 4 8 9  1 4 8 9  1 8 9  1 4 8 9  1 4 8 9  1 4 5 8 9  1 4 8 9  
leaf_coeff=-0.00062466719567721811 0.0003867692814327202 0.0067228140099364177 -0.0017730230450486496  0.0028321836574359549 0.00080410968175968496 0.013450238488825761 -0.0050336738099164618  -0.0003634189908395499 0.0002233371602635946 0.0076003328892449325 -0.0023080682536246845  0.00083350435696062967 -0.0013439540666951189 -0.0050721318150013239  0.00033190135157849072 0.0001587286459982136 0.0043860675906662655 -0.0030629604510629353  0.0013822637241854064 0.0056246519128622559 -0.0058381314866553071  0.0053993117995699618 0.0013755788686643734 0.00073689515683099675 -0.0041598177003578487  -0.004220394945664019 0.0012434845170853138 -0.39117953646928072  -0.0008084037782416537 0.0020673345096045128 -0.018286612113215028 0.0089493120894871946  0.0015841620960602911 0.0048567395842521732 -0.0017685093762118661 0.013262188911288676 -0.0044300938521380393  0.0063898040395647532 0.00039861944269381435 -0.0014316662461254738 -0.0047937407221894995  -0.0008059800569651279 -0.00048450053383915947 0.0034967133862803704 -0.00212794594344487  -0.00022491698771670844 0.0058337461131786287 0.0087105876375984433 -0.0080068266651278641  0.0055998791258033975 -0.010718691085907041  -0.0010619503926311427 -1.7881855804746798e-05 0.0040533538930498823 -0.002326864081359248  0.00049963456726789259 0.004179879890194505 0.055253643922634411  0.00059866059175295305 0.0009830134481640608 -0.0017884065912181059  0.0048588811244625225 0.010227467922414869 -0.028587733976576324 -0.0030038070467939271  0.0073245723924425972 0.00014096952401987002 0.0034248712352425771 -0.0084040558150878294  -0.0041194174183374344 0.086381309050216265 -0.060215025905461066 2.2191525400150569  0.00015892408347657484 0.0045167428800743535 0.0030241300239687522  -0.00042466077640668232 0.011363014424711083 0.017750353598216861 -1.0827769718365745  0.0031214322415111795 0.027696286514303382 0.0071930680672863904  0.003016165580722663 -0.00028996713846162012 0.0015019327163876995 -0.0032100872036103568  0.0045793721320282147 0.0061914740452582613 -0.056721834977639676 0.010017337293915319  0.0033050175653569214 0.00211306322496356 -0.0067096348735901758 9.2570293159610631e-05  0.0086738338807925922 0.0056298857826227794 -0.0086383020344372955  -0.0040156929884845203 0.0091298999988296721 0.022397470854922122 -0.0054641695427262611  -0.0010235536148911761 0.0013042032725561093 0.0098553772165164144 -0.0067162347195688817  0.0045542518983660799 0.015830546209559284 -0.010729256509684461 0.052170617812348045 -0.010094493815761042  -0.0006062987311907166 0.0012424573468316881 -0.0023057245166405948 3.8877344595178442e-05  
shrinkage=0.1


Tree=26
num_leaves=31
num_cat=0
split_feature=1 9 5 1 8 4 9 9 5 1 8 5 5 8 8 1 4 4 8 4 8 8 4 8 4 4 4 4 4 5
split_gain=1116.93 542.98 162.952 159.642 149.833 119.516 88.5268 55.6759 50.9407 37.0889 35.5292 33.4771 30.3494 22.3259 21.2466 29.6022 20.8639 20.7553 19.3598 17.9606 21.8536 17.6881 17.0607 16.7348 16.2751 19.7595 14.8942 14.5593 13.8891 13.6583
threshold=4.8940944640863338 6.679421601977551 11.864821005513019 6.2719327192022343 3.0000000000000004 5.5702492679694311 6.679421601977551 7.0413885088913739 10.702963529755291 7.1510934607486316 3.0000000000000004 10.336438117053314 9.3378096762532845 3.0000000000000004 3.0000000000000004 5.8791343840901709 4.1971736807086968 5.9545403518763083 3.0000000000000004 6.1409609789068069 3.0000000000000004 3.0000000000000004 2.8617925509761908 3.0000000000000004 6.3017023852040754 6.463808880305316 4.5798392285869785 2.8617925509761908 4.9870196042435371 9.0001438939403773
decision_type=2 2 2 2 2 2 2 2 2 2 2 2 2 2 2 2 2 2 2 2 2 2 2 2 2 2 2 2 2 2
left_child=1 5 4 7 27 10 13 11 22 19 29 14 -12 -5 -2 -16 18 -4 -9 20 -8 -11 -6 -13 -7 -26 -22 -3 -14 -1
right_child=3 2 17 6 8 24 9 16 -10 21 12 23 28 -15 15 -17 -18 -19 -20 -21 26 -23 -24 -25 25 -27 -28 -29 -30 -31
leaf_value=0.0022308766401651099 0.0076573014533579224 -0.0014154202411511046 0.00047227071498255174 0.016286653820208188 -0.0044456834395347851 0.0062570401277591897 0.0080887904244058822 0.0024103121479443798 -0.0015419556452060767 0.014586022626222146 -0.00050060984267470687 0.022890331799434463 0.0012080840179681618 0.011166447388272771 0.0063792885292625031 -0.0038339113809803208 0.0048344405977222317 0.0040354888724373206 -0.001897914805691227 0.015911688767284583 0.0027096609160995647 0.0087155441536931905 -0.0032441637268481095 0.010583875083800126 0.011824177795688048 -0.015384983788837087 0.0068721702591892052 -0.0003738616838935675 0.0034402608548790813 0.0043053965746871342
leaf_weight=115404 15603 354159 25614 15348 201282 30846 28189 26307 134495 8610 96178 1345 106356 19131 6626 4964 16977 45185 17283 1884 21579 12708 286229 6192 9060 275 14288 216094 37776 43775
leaf_count=115404 15603 354159 25614 15348 201282 30846 28189 26307 134495 8610 96178 1345 106356 19131 6626 4964 16977 45185 17283 1884 21579 12708 286229 6192 9060 275 14288 216094 37776 43775
internal_value=0 -0.000861152 -0.00191474 0.00675612 -0.00219153 0.00216553 0.00915572 0.00369076 -0.00326491 0.0074606 0.00164265 0.00688273 0.000875114 0.0134457 0.00524821 0.00200497 0.00186043 0.00274637 0.000702143 0.00628835 0.00600531 0.0110865 -0.00374024 0.01278 0.0073642 0.0110226 0.00436784 -0.00102073 0.00179312 0.00280138
internal_weight=1.91976e+06 1.70273e+06 1.26306e+06 217034 1.19226e+06 439670 121737 95297 622006 87258 399489 34730 240310 34479 27193 11590 60567 70799 43590 65940 64056 21318 487511 7537 40181 9335 35867 570253 144132 159179
internal_count=1919762 1702728 1263058 217034 1192259 439670 121737 95297 622006 87258 399489 34730 240310 34479 27193 11590 60567 70799 43590 65940 64056 21318 487511 7537 40181 9335 35867 570253 144132 159179
is_linear=1
leaf_const=0 0 0 -0.021230918008233603 0 0 0.032223866755856534 0 0 0 0 0 0 0 0 0 0 0.012423617996412874 -0.0057563283630486239 0 -0.08487988516429823 0 0 0 0 -0.032966441236203535 0 0 0 0 0
num_features=5 4 5 4 3 5 3 4 4 4 3 5 4 5 3 4 4 3 4 4 3 4 3 5 4 3 3 4 5 5 5
leaf_features=1 4 5 8 9  1 5 8 9  1 4 5 8 9  1 4 5 9  1 8 9  1 4 5 8 9  1 4 9  1 4 8 9  1 4 8 9  1 5 8 9  1 8 9  1 4 5 8 9  1 5 8 9  1 4 5 8 9  1 8 9  1 5 8 9  1 5 8 9  1 4 9  1 4 5 9  1 4 8 9  1 4 9  1 4 8 9  1 8 9  1 4 5 8 9  1 5 8 9  1 4 9  1 4 9  1 4 8 9  1 4 5 8 9  1 4 5 8 9  1 4 5 8 9  
leaf_coeff=-0.00031764960362130613 -8.0155517662783293e-05 -0.00027158363997247529 0.0046683345138915479 -0.00074036937061452426  0.0023910618925946747 0.0003114364589920642 0.01048154771004235 -0.0043627868185306179  -0.00035534097085042457 -0.00032054387405718726 -0.00020917990390263813 0.004260777251048964 -0.0010384618155682812  0.00023123019578562832 -0.0080401088801866413 0.0081461062596118513 -0.0040887345815850962  0.0037829562189325653 0.01083669957227933 -0.004964656628431108  0.00027913098626397326 -0.00055832385022909947 7.6199755174211081e-05 0.003230684474655732 -0.0023108699911068343  -0.0011365193694714893 0.00091036384597185114 -0.0049451086852822183  0.004643608449306713 0.0015005948025272394 -0.0030199535703829385 -0.0024920018507906152  0.0024703695263678413 0.00024753249813657535 -0.01965587579709336 0.0037017840636679013  -0.00046865920187628708 0.0018780356380660793 0.0010681751262358041 -0.0036526663868774456  0.0062019671179703202 -0.0061687979683568983 -0.0028197548216184034  -0.00049304841443823368 -0.000161704112793791 -0.00013154928305078722 0.0031749012571364089 -0.0018530194803413613  0.0064402745124765076 -0.044309631082563077 0.23243731775550885 -0.0026562460786619725  -0.00048508064940218837 0.00036310588600034781 -5.0151386955854527e-05 0.0030128835084810568 -0.0018720996664070124  0.0042976625038692448 0.0049227775983629492 -0.0060731439770611573  0.0017550180350969545 -0.0002114891871144893 0.013268220254898645 -0.0084346415587969407  0.02709513090535276 0.00051253968126282817 -0.042208316870974552 -0.00032111383841237906  0.0011751567907346773 0.0024436117101382273 -0.0036183103401402406  -0.00038822224440816512 0.0021263278877779791 0.0023661261847596651 -0.0045185414241203153  0.00055347765939427749 -0.00060400036314212655 0.0034690136954601773 -0.0024760198610909614  0.0060397146271430561 0.02190377661203087 -0.010775727489651388  -0.00038415423209383351 8.2507732203139159e-05 0.0067865197527099859 -0.0029998690580529622  0.0010712654345595763 0.010318383126431031 -0.0055827566878210895  -0.00056360368794472232 -0.00099483086778765352 0.0013801851839362611 0.0021159518461335127 -0.0028917327508379389  -0.00035862702209713205 0.008672003225294057 -0.0064648708783538568 -0.0087185868599521932  -0.0049497855674748518 0.016915957831849938 -0.010110831963144218  0.0041695449637638715 0.015150726859214104 -0.019864518224854067  0.004957041490682771 0.0019820803502649683 0.0013602072824074442 -0.0057463856493017223  -0.00067236480129761154 -0.0013510645363555771 0.0022260604634785569 0.0029554391275228744 -0.0029825431497118027  -0.00060125463055588253 0.0011784539276585848 -3.7751175685607488e-06 0.0088366897959250689 -0.006021289086594806  -0.00047482164724152838 -0.0016821137945070008 0.0041510809103454237 -0.0091975022955811166 -0.0016987013056095181  
shrinkage=0.1


Tree=27
num_leaves=31
num_cat=0
split_feature=1 9 4 9 8 5 1 1 5 4 8 4 9 9 8 8 1 1 4 8 5 1 5 7 8 4 4 4 4 4
split_gain=905.523 439.048 132.63 131.114 125.894 97.1787 65.0473 52.3719 34.8425 28.4588 27.9074 26.4095 21.4962 26.3818 20.9562 19.1034 29.3185 17.6384 17.253 16.8943 14.9147 15.1365 14.8859 14.8084 14.6181 14.032 12.3555 16.0236 11.8332 11.7904
threshold=4.8559213341406453 6.679421601977551 5.6954128126540526 7.2264807709440779 3.0000000000000004 11.935406635759234 6.3534997185584592 6.2431950830594518 10.702963529755291 4.3372693810700085 3.0000000000000004 3.2384861814448418 7.2264807709440779 7.5038750479758836 3.0000000000000004 3.0000000000000004 5.8791343840901709 7.2060062339413085 3.7726948748059121 3.0000000000000004 11.114363968622387 7.3294217126440531 12.269903885284515 5.5814578329127711 3.0000000000000004 3.2384861814448418 6.3017023852040754 6.463808880305316 4.9870196042435371 2.8617925509761908
decision_type=2 2 2 2 2 2 2 2 2 2 2 2 2 2 2 2 2 2 2 2 2 2 2 2 2 2 2 2 2 2
left_child=1 5 4 7 29 10 18 9 25 15 -1 -12 -4 22 -9 -2 -17 -8 19 -5 21 -16 -14 -15 -11 -6 -7 -28 -13 -3
right_child=3 2 12 6 8 26 17 14 -10 24 11 28 13 23 20 16 -18 -19 -20 -21 -22 -23 -24 -25 -26 -27 27 -29 -30 -31
leaf_value=0.0025156406591118527 0.0066865100415751666 -0.0012763060860969489 0.0056141104336528474 0.0023292552217769979 -0.0039079729048111045 0.0057457608283726343 0.0054609756338988846 0.013233778390907447 -0.0015026649637520113 0.021185339388368224 -0.00044807045747654526 0.0011126779957100008 -0.00046137623736265047 0.040832897260913562 0.0067413161246023187 0.0054987472636812704 -0.0051190427990891567 0.0094663885978697616 0.0042198142142974718 -0.0016200307883736905 0.014825432349911145 0.012162287209363817 0.0027094632390567887 0.0082517095493297582 0.0094049080009619302 -0.0028345354738399378 0.010656017974851831 -0.013846485181288285 0.003138473150013422 -0.00033870896662684146
leaf_weight=159040 15416 353892 15211 27612 242499 28768 50115 23894 125893 1249 98737 103553 33968 145 17705 6425 4369 14084 21472 17824 4101 7264 26245 3678 6724 244618 9054 275 39962 215970
leaf_count=159040 15416 353892 15211 27612 242499 28768 50115 23894 125893 1249 98737 103553 33968 145 17705 6425 4369 14084 21472 17824 4101 7264 26245 3678 6724 244618 9054 275 39962 215970
internal_value=0 -0.00077784 -0.00172563 0.00606404 -0.00199097 0.00194464 0.00406576 0.00907032 -0.00298565 0.00601886 0.00148642 0.000810725 0.00223484 0.00143214 0.0110397 0.00442745 0.00120107 0.00633968 0.0018839 0.000779998 0.00923636 0.00831839 0.000920695 0.00948746 0.0112504 -0.00336892 0.00677129 0.00993373 0.00167676 -0.000920969
internal_weight=1.91976e+06 1.70151e+06 1.26212e+06 218254 1.18287e+06 439389 131107 87147 613010 34183 401292 242252 79247 64036 52964 26210 10794 64199 66908 45436 29070 24969 60213 3823 7973 487117 38097 9329 143515 569862
internal_count=1919762 1701508 1262119 218254 1182872 439389 131107 87147 613010 34183 401292 242252 79247 64036 52964 26210 10794 64199 66908 45436 29070 24969 60213 3823 7973 487117 38097 9329 143515 569862
is_linear=1
leaf_const=0 0 0 -0.41050569963001637 0 0 -0.0077525021583198855 0.0022784192979258934 0 0 0 0 0 -0.094710691049876783 -14.153140578232707 0 0 0 0.041602874714146768 0.0076366121215414758 0 0 0 -0.10831564047805955 4.0135910553392025 0 0 -0.045961259582077224 0 0 0
num_features=4 4 4 3 4 5 4 2 3 5 4 5 5 4 3 4 4 4 2 3 4 4 4 4 4 4 5 4 4 5 4
leaf_features=1 5 8 9  1 4 8 9  1 4 8 9  1 4 9  1 4 8 9  1 4 5 8 9  1 4 5 9  1 9  1 8 9  1 4 5 8 9  1 4 8 9  1 4 5 8 9  1 4 5 8 9  1 4 5 9  4 7 9  1 5 8 9  1 4 8 9  1 4 8 9  1 9  1 4 9  1 4 8 9  1 5 8 9  1 5 8 9  1 4 5 9  1 4 7 9  1 4 8 9  1 4 5 8 9  1 4 5 9  1 4 5 9  1 4 5 8 9  1 4 8 9  
leaf_coeff=-0.00014913666794790436 0.0001303231024956629 0.0051167369605567004 -0.0013822752852501675  0.0015452285846519833 0.00081883352567921482 0.011369627108697955 -0.0040192441147350435  -0.00017539075131102418 -0.00056184012003742355 0.0034733266451913991 -0.00095524307611243313  -0.0012579233800908086 0.0038220618859554859 0.056340067899614613  0.0025674450170060656 0.0001159739561191843 -0.017154103322084779 0.0029430163846836167  5.8555147491729832e-05 -7.0053665069761553e-05 -5.021571802999031e-05 0.0028965906722843828 -0.0020457931504529905  -0.00076756174257859306 0.0017789857461551152 0.0024128032155363854 -0.0042109440925685252  0.002742064510280251 -0.0020620474007799318  0.0039469652448843153 0.011683543810146448 -0.0057021020798225137  -0.00046247083583066448 0.00069173216445218573 0.00087381021430260608 0.0020272636934199006 -0.0031208027687191111  0.010119083948467096 0.00546017952848894 -0.020206584332843038 -0.0033443218363329308  -0.00021659138237990934 -0.00067397780696242459 0.00016767171174562751 0.0024528985126578643 -0.001607983156077969  -0.00056205777932312147 -0.0002366191303207005 0.00012622982105347792 0.0032054214567083907 -0.0018950190537604938  -0.00058426617891951533 0.00023950294323041855 0.0039241310117559712 0.0062262398281590419  0.080298778846042751 0.191874334279305 1.680925914848922  0.00035037512818367482 0.00021269464494890757 0.0081360591824075189 -0.0044407221232536818  0.0016872363509650504 -0.00051454658834030199 0.012209940211228698 -0.0078726415933475288  0.013585243521943772 0.0011020049357014312 -0.022179712095875461 -8.966214743262314e-05  0.0044198065071221039 -0.0089448239295364836  0.001474382599383195 0.0019298392426633727 -0.0029079324990171074  0.00079861611671084578 -0.00091042010238870591 0.0059668077193045128 -0.0039665122996053624  0.0050400453008883905 0.008001944008984985 -0.024757885633537847 -0.002053824950012384  0.0056464658037132191 0.00010137238820063129 0.0044630999414481563 -0.007474563751275998  0.0005121079996136535 -0.00045916300837798299 0.0064825121123313068 0.0044249867139914299  -0.0020800873187411641 0.0083152107240067608 0.0039761546510590053 -0.54258153886767102  -0.00019337330446514043 0.0069689562775742397 0.0061391995966609166 -0.0075612052239843134  -0.00046519220557885381 -0.0013169318173883587 0.0014590474464751342 0.0021618879833663839 -0.0027940375431144918  -0.0041650121985760792 0.012037437893931725 0.0029641045909215794 -0.0091922489275241947  0.0037527989799351017 0.017030718671514934 -0.0070100857312240805 -0.0066930772877412895  -0.00078597593894844879 0.0036548321432014253 -0.0015403774275837834 0.0088169123762862796 -0.0053570907728068386  -0.00055911596111021778 0.00089714854213334978 0.0085954328085932289 -0.0027846957235042715  
shrinkage=0.1


Tree=28
num_leaves=31
num_cat=0
split_feature=1 9 4 8 4 9 1 8 1 4 8 1 9 4 4 5 1 9 7 1 4 9 9 9 9 5 7 1 9 5
split_gain=735.359 381.122 116.157 124.803 80.1841 63.576 40.3098 37.4019 28.8431 23.8957 22.493 22.1384 21.9428 20.2991 18.8631 18.0888 19.6907 16.237 14.5073 13.9247 14.8667 13.6052 16.128 12.9867 13.1585 12.0179 11.8847 10.1827 10.013 9.99308
threshold=6.0695816581233011 6.679421601977551 5.3821962081647756 3.0000000000000004 5.5510178349084196 7.3076206186416277 4.3107766033702406 3.0000000000000004 4.5053345884235583 5.9545403518763083 3.0000000000000004 4.3502571242716384 6.0514929658566965 3.1984648276080736 3.2384861814448418 11.270165759139514 7.3294217126440531 7.5121052670435509 5.6729460361374562 8.0819387425566926 3.9796379800581989 7.5121052670435509 7.2264807709440779 7.5018068656510044 7.2264807709440779 10.025240473324976 5.583614406353985 7.2060062339413085 7.0413885088913739 9.497547328764556
decision_type=2 2 2 2 2 2 2 2 2 2 2 2 2 2 2 2 2 2 2 2 2 2 2 2 2 2 2 2 2 2
left_child=1 4 3 8 6 7 10 19 28 21 29 14 -8 -12 -5 16 -9 -7 -16 20 27 22 -4 24 -11 -10 -25 -2 -3 -1
right_child=5 2 9 11 -6 17 12 15 25 23 13 -13 -14 -15 18 -17 -18 -19 -20 -21 -22 -23 -24 26 -26 -27 -28 -29 -30 -31
leaf_value=0.0019489226144936277 0.0089652154944499952 8.810339826971142e-05 0.0030198726613962648 -0.0035461702578087327 0.0061428607952385382 0.0034715991202499477 0.010863588337731576 0.004729612921070929 0.0019515582249695876 0.006130066111642565 -0.00051656953680279257 -0.00017099090338565764 0.0037373332512455264 0.0013906242625210052 -0.0029081693566231403 0.011870616726819012 0.010042613310435758 0.0076338169719588241 -0.0015507712776986155 0.021054099436435214 0.017336939832055441 0.0056076243119816275 -0.0007858681262894572 0.037309001199901104 0.0019587660020536982 0.012105955844009787 0.0081643646892760532 0.012831155950650916 -0.0010344155373966594 0.0045933893680147886
leaf_weight=141332 26037 95600 14115 239803 41163 45293 6028 30823 28076 9560 89319 32085 15257 148740 203119 5887 9016 11818 128576 1305 2976 4657 52749 147 36193 1216 2904 9228 470843 15897
leaf_count=141332 26037 95600 14115 239803 41163 45293 6028 30823 28076 9560 89319 32085 15257 148740 203119 5887 9016 11818 128576 1305 2976 4657 52749 147 36193 1216 2904 9228 470843 15897
internal_value=0 -0.000553943 -0.00141637 -0.00171354 0.00193241 0.00691492 0.00151636 0.00864423 -0.000686735 0.00154562 0.00128809 -0.00272699 0.00575552 0.000675051 -0.00287049 0.00669657 0.005932 0.00433289 -0.002382 0.0108963 0.0105496 0.000381517 1.75243e-05 0.00325159 0.00283035 0.0023731 0.00956858 0.00997684 -0.000844965 0.0022163
internal_weight=1.91976e+06 1.77738e+06 1.31964e+06 1.19932e+06 457736 142383 416573 85272 595735 120325 395288 603583 21285 238059 571498 45726 39839 57111 331695 39546 38241 71521 66864 48804 45753 29292 3051 35265 566443 157229
internal_count=1919762 1777379 1319643 1199318 457736 142383 416573 85272 595735 120325 395288 603583 21285 238059 571498 45726 39839 57111 331695 39546 38241 71521 66864 48804 45753 29292 3051 35265 566443 157229
is_linear=1
leaf_const=0 0 0 -0.26029140842687187 0 0.0091058599670034834 0.031127700376077885 2.0673209302593025 0 0 -0.32421135167019205 0 0 0.0082162081893883965 0 0 0 0 0 0 0 0 0 -0.0072341781720830058 -21.645782439317557 -0.036887040162278596 0 3.8859103861264885 0 0 0
num_features=5 4 4 3 4 3 2 3 4 5 3 4 4 3 4 5 4 4 2 5 3 4 3 3 3 3 5 4 4 4 5
leaf_features=1 4 5 8 9  1 4 8 9  1 4 8 9  1 4 9  1 4 8 9  1 4 9  1 9  1 4 9  1 5 8 9  1 4 5 8 9  1 4 9  1 4 8 9  1 4 8 9  1 4 9  1 4 8 9  1 4 7 8 9  1 5 8 9  1 5 8 9  1 9  1 4 7 8 9  1 8 9  1 4 8 9  1 4 9  1 4 9  4 7 9  1 4 9  1 4 5 8 9  1 4 7 9  1 4 8 9  1 4 8 9  1 4 5 8 9  
leaf_coeff=-0.00069632758684971265 0.00040194297552523521 -0.00026019642786286881 0.0045129127199272645 -0.00091649913093929671  0.0020711565163735956 0.00063550698631470448 0.0087056650253678931 -0.0033706263988670495  -0.00065760547196579708 -0.00013285241931068614 -0.021507463169632503 0.0062335409654323826  0.00046457221801846083 0.0013742061343629431 0.036638039982913997  -0.00014520777679858862 -9.1121130923974011e-05 0.002588759864205592 -0.0018700231659055434  0.0010217159109894708 0.0039077046998156287 -0.0042372380181920025  0.0021789887730897738 -0.0056980614750486332  -0.0025165031478715074 0.00092002378750519762 -0.34732777129393072  0.0036388364426676286 0.00028548806299776361 0.00049839537950568946 -0.0033778678108660198  0.00076612385737194271 0.0043157641564460173 -0.0015886909494787329 0.010530226542287125 -0.0031546620136668757  0.0002531368457931116 0.0029602471048047808 0.044674927952019064  -0.0008572897687492419 -0.00058737063588985968 0.0023982242047917769 -0.0013981885871884314  -0.00066819701135100319 0.00036805727927604432 0.0091675463465735515 -0.0046499787540057406  0.00038598104112680387 0.0006768070738872201 -0.0012655579359888592  -0.001021712443820247 0.00091801944157996894 0.0032485773823473399 -0.0024645701823514002  -0.00064473392341347696 0.00016856002801370342 0.00089249496163350543 0.0029591624822153054 -0.0027742426102273401  0.0039948117434988831 0.0087989328029794318 -0.0207515089206745 -0.0051982984704757491  0.0056891247034922656 0.00012835456730089722 0.0030386868272633373 -0.0068459452180684721  0.0054436378977531959 -0.0037870569834701053  -0.0010194715352311368 0.0007779693925800905 0.007001792297489518 -0.007522240218523369 -0.0020537198090279764  0.012041161455178574 1.6189190169768609e-06 -0.011643590945876525  -0.0010917320740222961 0.0068577190071354155 0.012647774821223125 -0.0047077438234516935  -0.00049429547537159784 0.0085937699152077943 -0.0055896743173807556  0.00058663934287467518 -0.00024974941938031846 0.0010414873749462928  0.08034388295939153 0.16905871651596271 2.6947882633365228  6.1866638837565496e-05 0.0031385507088552258 0.0025838411549088391  0.0030559306364777773 0.013590335450877112 -0.009449293123856518 0.03426573670034827 -0.0048596885327388158  -0.0003865950844158306 0.0095060178962228306 0.0043094875675706136 -0.52716584926820365  -0.0034750564802943475 0.00057957651027616686 0.03265137737549715 -0.0038176672313764651  -0.00021323089841728747 0.00025278376642791925 -0.0063707593566764593 0.0015033978850015118  -0.00084512309944274357 -0.0072016184528141628 0.0051341415204847474 -0.003585044779738489 -0.0018492298975724799  
shrinkage=0.1


Tree=29
num_leaves=31
num_cat=0
split_feature=1 9 1 5 8 5 9 4 4 8 1 8 8 5 1 1 9 9 4 8 7 4 5 4 8 9 8 4 7 4
split_gain=597.891 286.371 90.2088 88.1701 81.619 65.2772 50.3414 33.8412 25.0059 22.6987 21.0005 20.2256 19.9618 15.2021 14.6146 14.1936 12.9664 15.1518 12.815 15.2683 12.6186 12.4714 12.4633 12.4103 11.9729 11.8201 10.8072 10.5773 10.6229 10.4089
threshold=4.6774800307930642 6.679421601977551 6.2431950830594518 11.829402698483454 3.0000000000000004 11.829402698483454 6.679421601977551 3.6505739029280164 4.863673427408628 3.0000000000000004 7.1510934607486316 3.0000000000000004 3.0000000000000004 9.1892699400530926 8.0819387425566926 5.8791343840901709 7.5038750479758836 7.2264807709440779 6.1409609789068069 3.0000000000000004 5.5876144381198438 5.344720891341141 7.364230257830731 4.0859410030639109 3.0000000000000004 6.0514929658566965 3.0000000000000004 2.8617925509761908 5.6795668445828928 6.3216667670889342
decision_type=2 2 2 2 2 2 2 2 2 2 2 2 2 2 2 2 2 2 2 2 2 2 2 2 2 2 2 2 2 2
left_child=1 5 7 4 -3 12 14 11 27 23 18 25 -1 -14 24 -13 17 -5 19 22 -10 -11 -8 -9 -4 -2 -12 -6 -29 -7
right_child=2 3 6 16 8 29 10 9 20 21 26 15 13 -15 -16 -17 -18 -19 -20 -21 -22 -23 -24 -25 -26 -27 -28 28 -30 -31
leaf_value=0.0020197537264161798 0.0091883420239585682 -0.00075257657231285469 0.011664118396039695 0.0046156943053951658 -0.0032771978280132872 0.004423517959155022 0.0047335686535167551 0.0066859564045320579 -0.0025283848129662501 0.0025659445847827441 0.010864886000837265 0.00086215839037322444 -0.00046727963080630446 0.0011916788162372291 0.025948480032048783 -0.0040878080449777282 0.0087874117626905533 0.00095911954624064281 0.012561087612114727 0.0029535393939498274 -0.00027638218525011314 0.0072335119918971458 0.0093444706363944169 0.015510677557326625 0.0079264333584960142 0.0021786006904019614 0.0062761892115203027 -0.0027947583018656588 -0.0015733364292693092 0.0082216171946073273
leaf_weight=158496 2576 568201 15458 14108 200172 35186 21240 3769 37912 20376 8610 15221 88503 146958 555 9352 2661 57596 1933 37112 72390 7961 8097 2761 19234 36360 12708 192000 113179 9077
leaf_count=158496 2576 568201 15458 14108 200172 35186 21240 3769 37912 20376 8610 15221 88503 146958 555 9352 2661 57596 1933 37112 72390 7961 8097 2761 19234 36360 12708 192000 113179 9077
internal_value=0 -0.000640302 0.00486396 -0.00140707 -0.00161687 0.00156124 0.00664732 0.00259891 -0.00241456 0.00510207 0.00538907 0.00122466 0.00115214 0.000568124 0.00984942 -0.0010217 0.00193294 0.00167856 0.00453475 0.00430127 -0.00105042 0.00387725 0.00600618 0.0104172 0.00959186 0.00264236 0.00812949 -0.0027123 -0.00234178 0.00520239
internal_weight=1.91976e+06 1.69644e+06 223323 1.25822e+06 1.18385e+06 438220 124947 98376 615653 34867 89700 63509 393957 235461 35247 24573 74365 71704 68382 66449 110302 28337 29337 6530 34692 38936 21318 505351 305179 44263
internal_count=1919762 1696439 223323 1258219 1183854 438220 124947 98376 615653 34867 89700 63509 393957 235461 35247 24573 74365 71704 68382 66449 110302 28337 29337 6530 34692 38936 21318 505351 305179 44263
is_linear=1
leaf_const=0 0 0 0 -0.34040992307600393 0 -0.0068565647455272943 0 0 0 0 0 0 0 0 -0.049624871616288146 0 10.346154799172655 -0.088933681248370533 -0.094702649959651816 0 0 0 0 0 0 0 0 0 0 0.16845410086654056
num_features=4 4 4 3 3 5 4 5 3 6 3 3 3 4 4 2 3 3 3 3 4 6 3 5 3 3 4 3 6 6 4
leaf_features=1 5 8 9  1 4 8 9  1 5 8 9  1 8 9  1 5 9  1 4 5 8 9  1 4 5 9  1 4 5 8 9  1 4 8  1 4 5 7 8 9  1 4 8  1 8 9  1 4 8  1 5 8 9  1 5 8 9  1 9  1 4 8  1 5 9  1 5 9  1 4 9  1 4 8 9  1 4 5 7 8 9  1 4 8  1 4 5 8 9  1 4 8  1 8 9  1 4 8 9  1 8 9  1 4 5 7 8 9  1 4 5 7 8 9  1 4 5 9  
leaf_coeff=-0.00026403050472832392 0.00011567961713266282 0.0039989968051707516 -0.0010858517146379975  -0.0055305187978625277 0.00033827865458677667 1.0410487589077093 -0.34680234134430066  -0.00020748209038561166 -1.902945725692877e-05 0.0054643023208363678 -0.0015721967023458073  0.00040851974645061685 0.01606096571967406 -0.0036600341450141907  -0.00064505421851361881 0.0046474878412738896 0.041292289142288045  0.00018186237726283266 -0.00048340025752997389 7.5815266998628683e-05 0.0023591142204844929 -0.0016908878487650548  -0.00091597679385653225 0.0016663768652581013 0.0020581349258719686 -0.0037358236098273601  0.004053973449782311 0.0025061283595425423 -0.00041968427787155777 -0.0017775434575050043 -0.0025601800008200116  0.0054398969351111773 0.0051448695085056784 -0.021843803442290269  -0.00033676291287395232 -0.00067440504465348663 0.00035960001920925665 0.0065679413646250852 -0.002680939471852817 -0.0038989167679432061  -0.0010573718866422666 0.0025712555251220961 -0.00082718048281109628  0.0044914360315405416 -0.010513380401994255 -0.00031980573984640164  0.0035444736376707866 -0.00085107477418877987 -0.0044057513315025497  -0.00060368666376048655 -0.00022810821224442731 0.002612402077895887 -0.0014290819820270253  -0.00059205136941283291 0.0006485950052144547 0.00078774773628940151 -0.0013833319222389619  0.018465411005285405 -0.012667670115581587  0.0087367248946968352 -0.00065974894121359766 -0.014152516280095284  -0.0017638662667664564 0.017785490626241084 -1.4045322946214585  -0.00055693544360989333 0.0044591032708402702 0.0047762723401424626  0.004361083466667459 0.018894187317029323 -0.0057351249848355936  0.0012384777945228576 0.00058730784648326805 0.0045484645973077774 -0.0034244594355815395  -0.0010161079574659761 0.0064430429081988655 -0.0034689670543087054 0.011122825904632972 -0.013092632729991095 -0.00079884151975120334  0.00066999132262592911 0.001126229146290747 -0.00077896075128389706  0.0028359973919034084 0.0028151445960168278 -0.0006032119063467845 -0.022163775467100778 0.0042355029977745318  0.0074183082199455802 0.010063467071754317 -0.035909664875505599  0.0013725017105385836 0.0070536672893919856 -0.0047002856393961959  0.0011791931641674577 -0.0001353052904538986 0.0053043344639841731 -0.0020874854111290419  0.0002608624253653824 0.009595932292494426 -0.0046855444300121013  -0.00049999631535519926 -0.00010305106062636072 0.00021996420530358968 0.00060275158111073874 0.0028015564183185406 -0.0025916913599020931  -0.00075909477104778972 0.00016659167055609603 0.00031010079650596394 0.00416230559988054 -0.0041170524920986834 -0.0017483645702335516  -0.0020614916296730875 -0.034196263840001961 0.0077123042195502483 -0.0060611078477739617  
shrinkage=0.1


Tree=30
num_leaves=31
num_cat=0
split_feature=1 9 9 5 8 4 1 1 8 4 7 8 5 4 4 1 1 4 9 4 1 4 8 5 9 4 8 8 5 8
split_gain=484.8 231.809 77.4696 71.5497 70.61 53.3014 39.4899 26.679 19.2631 18.3361 16.457 15.3283 13.9812 12.9663 12.5276 12.514 12.0805 11.6523 11.561 10.9152 10.1598 9.99516 9.97799 10.2989 9.74278 9.54071 9.53478 9.37345 9.18057 9.02703
threshold=4.5900436644025815 6.679421601977551 7.0413885088913739 11.667318972418608 3.0000000000000004 5.344720891341141 6.2719327192022343 6.2431950830594518 3.0000000000000004 4.3372693810700085 5.5930214235819902 3.0000000000000004 10.841285339928397 6.2412495553129679 4.8559213341406453 6.7996129651804988 8.4707131097874875 6.0124911652234827 6.0514929658566965 6.463808880305316 5.9725357258298626 4.0517471391904856 3.0000000000000004 11.114363968622387 7.0413885088913739 3.1984648276080736 3.0000000000000004 3.0000000000000004 8.9836279578803069 3.0000000000000004
decision_type=2 2 2 2 2 2 2 2 2 2 2 2 2 2 2 2 2 2 2 2 2 2 2 2 2 2 2 2 2 2
left_child=1 5 7 4 28 8 21 9 -1 18 24 15 -13 -5 -12 -8 22 -7 20 -19 -2 27 -9 -24 -6 -10 -23 -4 -3 -11
right_child=2 3 6 13 10 17 11 16 25 29 14 12 -14 -15 -16 -17 -18 19 -20 -21 -22 26 23 -25 -26 -27 -28 -29 -30 -31
leaf_value=0.0018125438696807228 0.010244014037749065 -0.00083268452587897154 0.0014571212389508567 0.00075275533141312364 -0.0015690806154645153 0.0031289417191561831 0.004516211867570211 0.0095014073777639693 -0.00042768231665776661 0.016193837559415319 -0.0020422106485271131 0.0021035968998002279 0.0061970008344662576 0.0035303277623028925 -0.00043418477118454971 0.0087004333795596602 0.02284607483920726 0.0063098533304840184 0.002344329371216018 -0.013776434272745232 0.00058248635954913971 0.011497294651651613 0.0059352504009159623 0.011346986395858958 -0.0030441976538412375 0.00090959063165279945 0.0024412479329544226 -0.0014367454560606356 0.00038930636380067618 0.0072337727333418511
leaf_weight=158286 3846 497288 28468 68445 55017 36407 17272 22968 89681 1331 242211 29532 11630 22277 60563 12194 550 21430 22539 274 1518 1243 24676 4101 240501 131696 17976 18445 70153 7244
leaf_count=158286 3846 497288 28468 68445 55017 36407 17272 22968 89681 1331 242211 29532 11630 22277 60563 12194 550 21430 22539 274 1518 1243 24676 4101 240501 131696 17976 18445 70153 7244
internal_value=0 -0.000579798 0.0043555 -0.00127024 -0.00148076 0.00140185 0.00286229 0.00665588 0.000970162 0.00458021 -0.00223871 0.00450659 0.00326016 0.00143479 -0.00172056 0.00624778 0.00810376 0.00422228 0.00333733 0.00605628 0.00750982 0.00110621 0.00794706 0.00670647 -0.00276957 0.000367854 0.00302695 0.000319326 -0.000681609 0.00862454
internal_weight=1.91976e+06 1.69423e+06 225533 1.25646e+06 1.16573e+06 437774 136760 88773 379663 36478 598292 70628 41162 90722 302774 29466 52295 58111 27903 21704 5364 66132 51745 28777 295518 221377 19219 46913 567441 8575
internal_count=1919762 1694229 225533 1256455 1165733 437774 136760 88773 379663 36478 598292 70628 41162 90722 302774 29466 52295 58111 27903 21704 5364 66132 51745 28777 295518 221377 19219 46913 567441 8575
is_linear=1
leaf_const=0 1.8805357384961099 0 0 -0.014888562347662317 0 0.031452790819179198 0 0 0 0 0 0 0 0.004735602193105138 0 0 -0.096841476669681015 -0.015355873730555913 -0.013048731883367993 0 0 0 0 0 0 0 0 0 0 0
num_features=4 3 4 4 4 5 3 3 3 4 4 6 4 4 4 6 3 2 3 3 3 3 4 4 4 5 4 4 4 4 4
leaf_features=1 4 8 9  1 4 9  1 5 8 9  1 4 8 9  1 4 5 9  1 5 7 8 9  1 4 9  1 8 9  1 8 9  1 4 8 9  1 4 8 9  1 4 5 7 8 9  1 5 8 9  1 5 8 9  1 4 5 9  1 4 5 7 8 9  1 8 9  1 9  1 4 9  1 4 9  1 4 9  1 4 9  1 4 8 9  1 5 8 9  1 5 8 9  1 5 7 8 9  1 4 8 9  1 4 8 9  1 4 8 9  1 5 8 9  1 4 8 9  
leaf_coeff=-0.00032802268627947582 0.00025042705400670948 0.003969841112152395 -0.0010560519092694066  -0.0024053177261912141 0.00040518033165115597 -0.31552345128729942  -0.00037953256087772157 -0.00016621403701973759 0.005601330386612347 -0.0014576290859580343  0.0010110330773798492 9.2158024939768832e-05 -0.014235559201979699 0.0032703011084709746  -0.00049792954523211481 -0.001312868945357415 0.0036688662808607832 -0.002838624835320225  -0.0006761335257186974 0.00046925232037364761 -0.00060142617071950457 -0.01014786969669217 0.00544185661780432  -0.0012198523608713935 -0.00065139019952518149 -0.0038917133565868015  -0.0037564099621789637 -0.0061364454499198478 0.0056123045799303384  0.001452823889117022 0.013286629961482888 -0.0041280998680627515  -0.00046028247841109477 -0.00053821356309469083 0.00193083894748895 -0.0011077478006969177  0.0053579810418815134 0.0091896550660336418 -0.017055099096530312 -0.0033948656268347754  -0.00069108151470208951 4.8454392885348421e-05 0.00060435916054176028 0.0028718486734227474 -0.0033165538410480978 -0.0015222198076040529  0.0022737529011897075 6.9574197667751289e-05 -0.00074881621515494607 -0.0014572047943048007  0.0044828650372503919 0.0037185883263803122 -0.024556659899182168 0.0041784042161644667  -0.00021819890221959072 0.0032957203646242664 -0.00027342245283445976 -0.0026375930384779701  -0.00092786692420965267 0.0061942725171212831 -0.0039828317601806832 0.0097967057366904614 -0.010404431846047446 -0.00028900860038288956  0.0036010401817677009 -0.027545911915524357 0.0051405397783582888  0.025513706436974815 -0.015618824753351392  -0.0017024203701432761 0.0073730608208972372 -0.003885933287607557  -0.00093491768711225778 0.00032201074168910983 0.0029975442794255795  0.0034537645230767636 0.014889824804646424 -0.019263519331362035  0.028071207414496691 0.0011096968033011696 -0.029417972651000393  0.0099732117224159873 0.0094498585497307282 -0.085699282138705257 0.011365364688890623  0.0025478782162012357 0.00011010437642754011 0.0030090641152788148 -0.0037031120756673367  0.0040213005395670354 0.0058698419983437833 -0.019170218968301535 -0.0011591818793867503  0.00019950644772823712 1.403520029289243e-07 2.2487327891959793e-05 -0.0020984819932028387 0.00070284860485045906  -0.00058518362543724428 0.00040756203412836115 0.0023883534392712181 -0.0016338693379968627  0.0001557394593001471 0.0027783100687599678 0.001337774651829804 -0.0024288140161683458  -1.8154607644089301e-05 -0.00066913445039716373 0.0028946474819765201 -0.0016616081613065603  -0.0007322332332949117 0.0021376004306147729 -0.014691829651156585 0.001373925334168058  0.00054010624287270171 0.0051939288972915505 0.00423459700787836 -0.0059785014549284645  
shrinkage=0.1


Tree=31
num_leaves=31
num_cat=0
split_feature=1 9 4 8 4 9 1 8 1 9 9 9 8 9 4 4 4 1 5 1 4 1 4 5 4 5 5 5 7 4
split_gain=393.811 204.621 63.2243 67.1921 44.5609 35.7836 24.9886 20.9491 15.2498 14.8295 18.6033 13.8751 12.126 12.0186 11.4051 11.23 10.9939 12.0636 9.58456 9.15506 9.10018 10.2824 8.6741 8.05746 12.5328 23.7049 114.432 47.6462 57.478 18.6514
threshold=6.0695816581233011 6.679421601977551 5.3821962081647756 3.0000000000000004 5.5510178349084196 7.3076206186416277 4.2121001622835372 3.0000000000000004 4.3882378946731615 7.5038750479758836 7.2264807709440779 6.0514929658566965 3.0000000000000004 7.5121052670435509 4.9732735209982879 4.1820210059610323 5.3302974810274764 7.3294217126440531 12.217202972735192 4.3107766033702406 3.9796379800581989 7.2287511646834544 2.8617925509761908 8.9836279578803069 2.8029010331479989 9.3378096762532845 9.5391763832008447 9.497547328764556 5.7546300559679597 2.602003343538398
decision_type=2 2 2 2 2 2 2 2 2 2 2 2 2 2 2 2 2 2 2 2 2 2 2 2 2 2 2 2 2 2
left_child=1 4 3 8 6 7 12 20 22 10 -4 -8 23 -7 -14 -5 17 -9 -12 -17 21 -2 -3 -1 25 -25 27 -27 -29 -30
right_child=5 2 9 15 -6 13 11 16 -10 -11 18 -13 14 -15 -16 19 -18 -19 -20 -21 -22 -23 -24 24 -26 26 -28 28 29 -31
leaf_value=0.0011601056492527091 0.0065662800154660545 -0.00092720046194833732 0.0033290207448917995 -0.0023446578638377804 0.004555227450867701 0.0023822249693250443 0.0084073319742658699 0.0032990820727297901 0.0016744416913370053 0.0051556339912094814 -0.00056753693408120008 0.0028149690112065583 0.00017200674837250575 0.0059631858950924968 0.002064668384617109 -0.0016082552367023492 0.0086436796617408232 0.0074816029537216888 0.0016440008881624124 0.0011683940031989005 0.013360815549329406 0.01030325726728254 -0.00012001514433564799 0.0023219610599819287 0.0021040730044186925 0.014582090562498066 -0.0023283558099812065 0.089288144994799687 0.079002591036260131 -0.0082034975006466827
leaf_weight=113140 26352 350586 23675 368518 41163 45293 6185 30083 30513 8575 58643 15694 199850 11818 37872 222521 6696 8947 29432 12544 2976 10218 214636 3656 38143 284 1284 328 32 105
leaf_count=113140 26352 350586 23675 368518 41163 45293 6185 30083 30513 8575 58643 15694 199850 11818 37872 222521 6696 8947 29432 12544 2976 10218 214636 3656 38143 284 1284 328 32 105
internal_value=0 -0.000405377 -0.0010373 -0.00125654 0.00141644 0.00506035 0.00110629 0.00635774 -0.000503128 0.00114796 0.000840436 0.00439588 0.000923938 0.00312323 0.000473531 -0.00200016 0.00490011 0.00425786 0.000171492 -0.00146008 0.00804317 0.00761043 -0.000620682 0.00160604 0.00275711 0.00713553 0.0157919 0.0468552 0.0665661 0.0121658
internal_weight=1.91976e+06 1.77738e+06 1.31964e+06 1.19932e+06 457736 142383 416573 85272 595735 120325 111750 21879 394694 57111 237722 603583 45726 39030 88075 235065 39546 36570 565222 156972 43832 5689 2033 749 465 137
internal_count=1919762 1777379 1319643 1199318 457736 142383 416573 85272 595735 120325 111750 21879 394694 57111 237722 603583 45726 39030 88075 235065 39546 36570 565222 156972 43832 5689 2033 749 465 137
is_linear=1
leaf_const=0 0 0 -0.24439953370891773 0 0.0096417781990645324 0.00088655100488495015 1.5192008702550084 0 0 -1.2753481030347757 -0.021359210732608602 0.011029928439570114 0 0 0 0 0 0 -0.084751796557796411 0 0 0 0 0 0 0 0 0 0 0
num_features=5 4 4 3 4 3 2 3 4 4 3 4 3 4 2 4 4 4 4 4 4 4 4 4 5 5 4 4 5 5 5
leaf_features=1 4 5 8 9  1 4 8 9  1 4 8 9  1 4 9  1 4 8 9  1 4 9  1 9  1 4 9  1 4 8 9  1 4 8 9  1 4 9  1 4 5 9  1 4 9  1 4 8 9  1 9  1 4 8 9  1 4 8 9  1 4 8 9  1 4 8 9  1 4 5 9  1 4 8 9  1 4 8 9  1 4 8 9  1 4 8 9  1 4 5 8 9  1 4 5 8 9  4 5 8 9  4 5 8 9  4 5 7 8 9  4 5 7 8 9  4 5 7 8 9  
leaf_coeff=-0.00061627047563226137 -0.00017738360535497213 -0.00018937619566686688 0.0021332754705278845 -0.00017823720414213986  0.00084010709492653298 0.00051677473620557188 0.0070071590356721282 -0.0020017509112216117  -0.00035732817026421843 -0.00049235306390968956 0.0013503638863358704 -0.00034519423297427746  0.00025431970269352292 0.0026128928820487122 0.033299751708810277  0.00012186050948126745 3.9103492921420228e-05 0.0024209332279470533 -0.0016621064541835651  0.00081740723739010543 0.0023970164519043105 -0.0031220061356985076  0.001545658075848877 -0.0011930640568550645  -0.002068046218650288 0.00077954663171047049 -0.25502551404642876  0.0023628161665669718 0.00056812704213975911 0.00045924654568074708 -0.0022744759474549571  0.00054149939860768795 0.0002375530632081388 0.0087467491905110616 -0.0026097738413782159  -0.00052508628856848814 0.0086438395756331943 0.16388767671305687  0.00041759423226016626 -0.0017452376661418322 0.0027167263754932949 -0.0001849075496374475  0.00011421619566625019 0.00046382970515571888 -0.0015304686311891304  -0.00079443609545807909 0.00027024163200941459 0.0014920500044237591 -0.0010438904299070824  0.0042187895669913546 -0.0029286898070663096  -0.0007264619208516912 0.00012583587872265768 0.0069175790446749826 -0.0041496084680824772  -0.00042857501375077097 -0.00027795799977508028 0.0026425278825693791 -0.0014715071291202088  0.0029999272930177818 0.0052561399838168439 -0.0052434164233615913 -0.003118722069828106  0.0038191407786947462 0.00022463133441704837 0.0036382661532863292 -0.0054439147525972235  0.00041315692286093554 -0.00091017841208673733 0.0050403638973637761 0.003942955370828294  -0.00037480712822938745 0.0029121867950635929 0.008237736836025444 -0.0059508748089209364  -0.00029462414237157249 0.0052051957037915824 0.0080877916418515394 -0.0036198247645534034  0.0044918783115719283 0.00089556256458723235 0.00076499709424044944 -0.003733891980775983  -0.000649438964079059 0.00053692002661241971 0.0070093289725575714 -0.0021618904210187807  -0.0027986795486409782 0.0068508439458152661 0.008829533849765597 -0.051417705891453204 0.0014537315100520143  -0.00085364128917455326 0.0047819267374199425 -0.0040112927034364641 0.014849536690714338 -0.00096541160359564504  -0.016427908050333253 -0.057805241794232388 0.16189344543231457 0.045466395223769142  -0.047760129013869848 -0.1696754444083852 0.86568459211334092 0.0023185489785087833  -0.15609928103189283 -3.6396732662733999 0.034196162716222035 17.658325591036419 -0.05241593281540418  1.1460399013317328 -6.2619515261435481 2.2068647339613108 22.284119442596378 -0.092562761893589141  0.01580968289810122 -0.38478973281949608 -0.026295368873748795 1.807151973098587 0.025248022522835357  
shrinkage=0.1


Tree=32
num_leaves=31
num_cat=0
split_feature=1 9 9 4 8 4 1 4 1 4 8 7 5 8 4 1 1 4 4 4 4 8 1 4 4 4 4 9 7 5
split_gain=321.077 151.805 51.6789 47.4405 38.3241 35.5281 25.8929 22.5166 18.1946 13.896 11.6914 10.3213 10.1164 9.9914 9.53435 8.75927 8.73725 8.08952 8.16729 7.47523 7.02553 6.99863 17.9998 6.97865 6.94384 26.7758 11.1952 8.91859 7.49248 8.08154
threshold=4.5053345884235583 6.679421601977551 7.0413885088913739 5.9545403518763083 3.0000000000000004 5.5702492679694311 6.2719327192022343 5.3636340903656388 6.2353901579610387 3.5408542930527882 3.0000000000000004 5.6392887823560462 10.841285339928397 3.0000000000000004 3.2384861814448418 8.0819387425566926 6.788408362650876 6.463808880305316 6.3216667670889342 3.7726948748059121 2.8617925509761908 3.0000000000000004 5.8791343840901709 2.249904835165133 6.1081352352533109 6.2275238364393255 6.0879098011795767 7.5038750479758836 5.611098810394096 12.481632157775154
decision_type=2 2 2 2 2 2 2 2 2 2 2 2 2 2 2 2 2 2 2 2 2 2 2 2 2 2 2 2 2 2
left_child=1 5 8 4 20 13 19 11 9 21 16 -6 -12 -1 -15 -10 -8 18 -7 -4 -3 -2 -23 -13 26 -26 -5 -27 29 -29
right_child=2 3 6 24 7 17 10 -9 15 -11 12 23 -14 14 -16 -17 -18 -19 -20 -21 -22 22 -24 -25 25 27 -28 28 -30 -31
leaf_value=0.0014606392444157152 0.0034955391079414251 -0.00083132183177173449 0.00019991846190322437 0.0013226503727242621 -0.0022485672230624022 0.0033220408539559911 0.0037024359164249949 1.5741316073913625e-05 0.0064080454961715112 0.0060012965268775795 0.0015770153302841112 -0.002783034423775282 0.0050589793459900681 -0.00032009136826194112 0.0009633402728370246 0.015857461922334188 0.0071904703450929412 -0.013187532317944062 0.0067738020786465934 0.0024586211258636049 -0.00010563290937723533 0.0033691982642882279 -0.006197676328230462 -0.001175353880745991 -0.0052369816662514047 0.0022282169053979418 0.0070761784686918369 0.02319533570032371 0.0078818756123651117 0.089377130780901232
leaf_weight=157948 13400 351391 46380 7284 334818 30999 17068 69445 51562 15365 29532 31075 11630 98290 140796 1000 12398 273 8801 21419 215052 5297 3128 205925 5256 27075 6313 152 669 21
leaf_count=157948 13400 351391 46380 7284 334818 30999 17068 69445 51562 15365 29532 31075 11630 98290 140796 1000 12398 273 8801 21419 215052 5297 3128 205925 5256 27075 6313 152 669 21
internal_value=0 -0.000474976 0.00352119 -0.00103417 -0.00115518 0.00112987 0.00230939 -0.00168462 0.00539018 0.00369751 0.00364939 -0.00189112 0.00256082 0.000843448 0.000435712 0.00658782 0.00517005 0.00396766 0.00408533 0.000913486 -0.000555812 0.00207563 -0.000182752 -0.00138615 0.00209077 0.00131067 0.00399398 0.00254342 0.0126788 0.031229
internal_weight=1.91976e+06 1.69158e+06 228179 1.25448e+06 1.20771e+06 437107 138427 641263 89752 37190 70628 571818 41162 397034 239086 52562 29466 40073 39800 67799 566443 21825 8425 237000 46770 33173 13597 27917 842 173
internal_count=1919762 1691583 228179 1254476 1207706 437107 138427 641263 89752 37190 70628 571818 41162 397034 239086 52562 29466 40073 39800 67799 566443 21825 8425 237000 46770 33173 13597 27917 842 173
is_linear=1
leaf_const=0 0 0 0.0038375099626859924 0.10990708223077945 0 0.026514247607107678 0 0 0.01997986223366013 0.021948556341624584 0 0 0 0 0 0.0012466259331546327 0 0 -0.037652506231074773 0.0059849692584322163 0 0 0 0 -0.13994225989499684 0.016575515173818899 -0.063582225027494138 -25.658715538354592 3.0521708659594879 28.570102050155402
num_features=4 4 4 3 3 5 3 3 4 2 3 4 5 4 4 4 2 3 3 3 3 4 4 4 5 3 3 3 4 4 4
leaf_features=1 4 8 9  1 4 8 9  1 4 8 9  1 4 9  1 4 9  1 4 7 8 9  1 4 9  1 8 9  1 4 8 9  1 9  1 4 9  1 5 8 9  1 4 7 8 9  1 5 8 9  1 4 8 9  1 4 8 9  1 9  1 8 9  1 4 9  1 4 9  1 4 9  1 4 8 9  1 4 8 9  1 4 8 9  1 4 7 8 9  1 4 9  1 4 9  1 4 9  4 5 7 9  1 4 7 9  4 5 7 9  
leaf_coeff=-0.00033955116727920378 0.00020702793045679937 0.0031715577046786958 -0.00084263498416576883  5.4135530481904534e-05 -0.00014137314570175641 0.00719232031486099 -0.0016752397959797216  -0.00027314220060529646 -0.00044162338496677621 0.0012178892913312644 -0.00031197972724110738  0.00023172800187467246 -0.00031721595412302785 -0.00063310218426011484  -0.0010751627865955558 -0.015170475526602445 -0.0022986181876462732  -9.1721437461960928e-05 0.00016649070213965939 -0.00012956690134661208 0.0023459874149510899 -0.001569623761071437  -0.0014823763242863969 -0.0011731871000364436 -0.0025486538014830363  -0.0040149462887982155 -0.0075308124188154585 0.0061078251280406448  -0.00062323446820660236 -0.00073751682335014535 0.0064300306389423372 -0.0029308424190842698  0.0006861403845906278 -0.0027936620342483122  0.00076919013381659962 0.0022153821521493865 -0.0046387857643038991  0.0018119403307100157 4.3384872838704223e-05 0.0006988324798015811 -0.0018705296542341544  -0.00071217012886231473 -0.00022496750236098846 0.0016982962014263914 -0.00084812548658312896 -0.0012212938807055985  0.0037481961013719799 0.0031985594950270646 -0.021689849418003605 0.0039636607440552757  -0.00044313281730667346 -0.00035150484836432919 0.0016680886097932613 -0.0009828257580584449  -0.00059432075260923759 0.00050311303367509518 0.0023693344738124236 -0.0016944925270128476  0.013889856142180258 -0.015492332524682163  0.0027756731494287482 -0.028184116372250403 0.0059378473104686694  0.0030421409543173409 0.013180321750363079 -0.017210436525439833  -0.0044734273689208239 0.013376423154616646 -0.0065644785977252429  0.00087247186606872475 0.0012155495841819188 -0.0019545847085668199  -0.00051698447734550683 0.0004863067325984211 0.0062775145079967181 -0.0019389330642442027  0.0034298580538315222 -0.0010918501875953168 0.0036306774729624181 -0.0043254703031421872  0.0037618457936657249 -0.00020525828321673047 -0.0080754480612447391 0.00052709082859077056  -0.00070705990344088049 0.00048178674238136721 0.0030485318556661509 -0.0032827506123579656 -0.0010172867509142592  0.0010245278481739951 0.022881947190796836 -0.00093343184888219357  -0.00029489580802733454 0.0034441313724401291 -0.0050199999652412513  -0.004354781259010565 0.010073183825443267 0.001267520056156002  -0.11791753725947274 0.0076797289404353826 -0.11052816333497822 3.5901996542932468  -0.0016320807825259465 0.009544876448393325 0.013375020033720375 -0.42338344350573609  0.1029663381273167 -0.62836485321786317 -0.020071911039121915 -2.7980145804584029  
shrinkage=0.1


Tree=33
num_leaves=31
num_cat=0
split_feature=1 9 4 9 4 8 1 9 4 7 8 1 8 4 9 4 8 8 1 8 5 5 4 7 7 4 7 7 6 5
split_gain=260.344 123.009 49.9177 42.5263 24.6071 28.7975 23.8812 16.7907 13.1306 12.4717 12.1751 11.3444 11.1156 10.1172 9.43645 8.7368 8.6236 7.24133 12.8256 7.1437 7.04353 39.0333 128.201 21.2216 13.3269 19.8971 34.403 7.47977 12.8255 6.80507
threshold=4.4248287033199567 7.0413885088913739 5.3636340903656388 7.3076206186416277 5.9545403518763083 3.0000000000000004 6.2353901579610387 6.3603544996165118 3.6762205501217919 5.5738334336280539 3.0000000000000004 6.0695816581233011 3.0000000000000004 4.863673427408628 7.5121052670435509 6.0124911652234827 3.0000000000000004 3.0000000000000004 5.8678824850335358 3.0000000000000004 9.497547328764556 9.5391763832008447 2.6735537653587351 5.2261499505317355 5.72624194839356 2.8029010331479989 5.6128616676816723 5.7060071480255177 6.5382001192154382 10.640639656647275
decision_type=2 2 2 2 2 2 2 2 2 2 2 2 2 2 2 2 2 2 2 2 2 2 2 2 2 2 2 2 2 2
left_child=1 2 7 6 5 -3 8 19 17 -7 -8 -5 -9 -11 -13 -4 -10 -2 -19 20 -1 22 -22 -24 25 26 -25 -27 -29 -12
right_child=3 4 15 11 -6 9 10 12 16 13 29 14 -14 -15 -16 -17 -18 18 -20 -21 21 -23 23 24 -26 27 -28 28 -30 -31
leaf_value=0.001334582776404645 0.0026792038635530327 -0.0006379897763678288 0.0021550385558246283 0.00035182631790874302 0.0014070742332668448 -0.0022676414476773682 0.0068341369787382747 0.00045167692513048749 0.008399048213830319 -0.0016309962879156375 0.0035331952161065496 0.0018549485774663069 -0.00069323433909547732 -0.00029178544459266566 0.0050279968179085272 0.0043017944896668004 0.0035895142788670308 0.0020831088355937623 -0.0044093031183444322 0.00053640010621919156 0.089196494308726823 0.00089678334884485075 0.085320716496956148 -0.0002261355274421131 0.00046557148816702093 0.0072798312547422521 0.10778025706609091 0.00031888046104348069 0.090660801827907575 0.0064484584156454267
leaf_weight=77378 20798 470153 49688 42361 37386 229959 35376 164748 4863 218138 30270 45293 174740 76087 11818 30653 15974 8197 4839 149169 214 8596 35 58 1299 662 60 33 30 10887
leaf_count=77378 20798 470153 49688 42361 37386 229959 35376 164748 4863 218138 30270 45293 174740 76087 11818 30653 15974 8197 4839 149169 214 8596 35 58 1299 662 60 33 30 10887
internal_value=0 -0.000430353 0.000638753 0.00315119 -0.00111153 -0.00120623 0.00433343 0.000313593 0.00273718 -0.0017159 0.0054737 0.00159181 -0.000137628 -0.00128467 0.00251155 0.0029741 0.00471198 0.00152098 -0.000326893 0.000958485 0.00167101 0.00404033 0.0153418 0.0080819 0.00681983 0.0166113 0.0546924 0.0104132 0.0433388 0.00430435
internal_weight=1.91976e+06 1.68909e+06 657363 230676 1.03172e+06 994337 131204 577022 54671 524184 76533 99472 339488 294225 57111 80341 20837 33834 13036 237534 88365 10987 2391 2177 2142 843 118 725 63 41157
internal_count=1919762 1689086 657363 230676 1031723 994337 131204 577022 54671 524184 76533 99472 339488 294225 57111 80341 20837 33834 13036 237534 88365 10987 2391 2177 2142 843 118 725 63 41157
is_linear=1
leaf_const=0 0 0 0.017692039185050846 -0.06510985428259701 -0.062825931904974652 0 0 0 0 0 0 -0.0096229405920212237 0 0 0 0.0040681919885088291 0 0 0 0 0 0 0 0 0 0 0 0 0 0
num_features=5 4 4 3 2 3 5 3 4 4 5 4 2 4 5 2 3 4 4 4 4 4 5 4 5 6 6 5 7 4 4
leaf_features=1 4 5 8 9  1 4 8 9  1 4 8 9  1 4 9  1 9  1 4 9  1 4 7 8 9  1 8 9  1 4 8 9  1 4 8 9  1 4 7 8 9  1 5 8 9  1 9  1 4 8 9  1 4 7 8 9  1 9  1 4 9  1 4 8 9  1 4 8 9  1 4 8 9  1 4 8 9  4 5 8 9  1 4 5 8 9  4 5 7 9  4 5 7 8 9  1 4 5 7 8 9  1 4 5 7 8 9  4 5 7 8 9  1 4 5 6 7 8 9  5 6 7 9  1 5 8 9  
leaf_coeff=-0.00030350039451240295 0.00045936670739657877 -0.00013285563636299195 -0.0040552146416589887 0.001563424008792258  0.00034459087309471879 -0.00024938368457437591 0.0091008001892121989 -0.0025284809403627764  -0.00014625418244699605 0.00020881655804077457 -0.0076427376026504852 0.0019156371143071562  -0.0010826750675344431 -0.0011273190189339478 -0.001395529097213999  -0.00034965797708745447 0.009047611113498456  -0.00080815790114999999 0.001812971091285265 0.0071626831518273098  0.00013477373530673686 7.7058986698751519e-05 -1.7726761184355245e-05 -0.0023061944511823642 0.00091589623063228489  0.0021657052266696787 0.0049940798046918646 -0.0026893065467286982  -0.00056016254785050629 -0.0001816925323804686 0.0077081311215531304 -0.0021035413403118763  0.0033666968246803745 0.0083230249557886271 -0.0062718342435438505 -0.0048241633902726738  -0.000524256788830899 0.00045989855604281729 0.0028711549625612177 -0.006662749118511258 0.00093106980036345994  0.00204492761117709 -2.5867709823378018e-05 0.0024245593050853833 -0.0030375558533532136  0.0012433997626139616 0.00042660859244563203  -0.00070571023682841324 0.00030582363653797119 0.0027483401781117412 -0.0018441029320246827  -0.00080554923003101683 0.00063315384810569235 0.0069829373999331342 -0.017538086158492127 0.0036498904750449594  0.0034079138835143574 -0.0023376965360174307  -0.0011948936851235367 0.0014534766529828325 -0.0013696091147352707  -0.00054112871072750505 0.0031530319892872139 0.0038467095977732235 -0.0035678590744425923  0.0034442300507374624 -0.00095151622050867091 0.0036112290541512773 -0.0043760145591909549  0.0051276352294182094 -0.00029182852065922499 -0.013668629080809193 0.0028716944698788495  -0.00042014821811047159 0.00026855237801937077 0.00029592754512973722 -0.00024607961823526204  0.040938539251664713 -1.2932674607367745 6.3536870503475713 -0.065024308556317578  -7.5777317431883692e-05 0.0047229072955884722 0.00045344288778002839 -0.0078750156160158017 -0.00078783386382383922  -0.10906436016779253 -5.1538954896095674 0.074042879621492835 7.7332341914327118  -0.14390273738354373 -5.6965138943929894 -0.0035717853733088223 27.583496171573643 -0.072938116222279123  -0.00056206964320094509 0.00043151077388834465 -0.062321208568846487 -0.025424871378478587 0.37569133698471974 -0.0016717471044159216  -0.0018311610397644036 -0.0044759396618213546 -0.16232001831530157 -0.015199803670917401 0.79729764883778886 0.0092875585377534264  1.6421137803705279 -4.7053108128656547 -0.9756276656210503 23.318959284031919 -0.11217219039590419  -0.00010277288907940275 0.077364909932464351 -0.072018367175614634 0.069827939424204996 0.19935823715562126 -0.56200848103103362 -0.0040900251194483156  -27944.488623046876 27975.275341796878 2753.2688903808594 10448.508325195313  0.0030148789619488556 0.0027214485664705532 -0.0065512292945548722 -0.0027160635854211802  
shrinkage=0.1


Tree=34
num_leaves=31
num_cat=0
split_feature=1 9 4 9 4 8 1 9 8 7 4 1 8 4 9 4 8 4 4 4 5 9 7 5 1 8 1 4 4 4
split_gain=210.888 99.7104 40.3881 34.4197 19.948 23.2885 18.9281 13.6693 10.5687 10.079 9.66869 9.46954 9.02215 8.23259 7.47669 7.08124 6.71634 6.64881 17.0699 7.306 6.49259 6.44641 7.02448 7.23211 6.26462 6.11199 11.3808 6.09483 16.4487 8.83376
threshold=4.4716224665663962 7.0413885088913739 5.3636340903656388 7.2924214500199414 5.9545403518763083 3.0000000000000004 6.2136070970868564 6.3603544996165118 3.0000000000000004 5.5738334336280539 3.7494348669884658 6.0695816581233011 3.0000000000000004 4.863673427408628 7.5121052670435509 6.0124911652234827 3.0000000000000004 2.8617925509761908 2.602003343538398 3.2384861814448418 9.0001438939403773 7.5018068656510044 5.5876144381198438 12.419149699170658 6.1147871526576338 3.0000000000000004 5.8791343840901709 6.1081352352533109 6.2275238364393255 6.0879098011795767
decision_type=2 2 2 2 2 2 2 2 2 2 2 2 2 2 2 2 2 2 2 2 2 2 2 2 2 2 2 2 2 2
left_child=1 2 7 6 5 20 10 -1 -8 -7 25 -5 17 -11 24 -4 -12 18 -9 -19 -3 27 23 -23 -13 -2 -27 29 -29 -6
right_child=3 4 15 11 21 9 8 12 -10 13 16 14 -14 -15 -16 -17 -18 19 -20 -21 -22 22 -24 -25 -26 26 -28 28 -30 -31
leaf_value=0.00086548677989682849 0.0025097122694008661 -0.00069921991749100076 0.0019392495395420392 0.0003094548518581472 0.00010821615345426092 -0.0020381501987165097 0.0062002665270805123 0.00080075864789782246 0.0038459151496269351 -0.0014673524493071088 0.0079333688861123255 0.0076052165186945454 -0.00062351227488323478 -0.00026010752265058414 0.0045251971232061925 0.0038715162347401975 0.0032982895337452887 0.002010165262199702 -0.0020858954256414465 -1.6427743300432459e-05 0.00052391332290773688 0.018497625036980027 0.0049585308621303663 0.081813251404535214 0.0014768089261528372 0.0018931793035754018 -0.004337166905245232 -0.0057190843778257708 0.0012264033377248577 0.005927913587463916
leaf_weight=237704 20508 422127 49726 42018 5322 230189 35147 61949 41675 218245 3944 1733 174875 76212 11818 30660 15077 40769 30606 31559 48371 128 2120 21 44481 8463 4486 4085 20629 5115
leaf_count=237704 20508 422127 49726 42018 5322 230189 35147 61949 41675 218245 3944 1733 174875 76212 11818 30660 15077 40769 30606 31559 48371 128 2120 21 44481 8463 4486 4085 20629 5115
internal_value=0 -0.000386052 0.000576157 0.00284544 -0.000999077 -0.00108431 0.00392306 0.000283815 0.00492306 -0.00154242 0.00245917 0.00145279 -0.000123139 -0.00115489 0.00228061 0.00267623 0.00425937 0.000407557 -0.000153797 0.0011259 -0.000573472 0.00126756 0.00643361 0.0274213 0.00170662 0.00143571 -0.000265237 0.000934091 7.83772e-05 0.00296035
internal_weight=1.91976e+06 1.69041e+06 657848 229350 1.03256e+06 995144 129300 577462 76822 524646 52478 100050 339758 294457 58032 80386 19021 164883 92555 72328 470498 37420 2269 149 46214 33457 12949 35151 24714 10437
internal_count=1919762 1690412 657848 229350 1032564 995144 129300 577462 76822 524646 52478 100050 339758 294457 58032 80386 19021 164883 92555 72328 470498 37420 2269 149 46214 33457 12949 35151 24714 10437
is_linear=1
leaf_const=-0.00043864385296252809 0 0 0.015872653979265652 -0.056711392279766674 0.14496444718606299 0 0 0 0 0 0 -0.83371994567860386 0 0 0 0.0036511356942149579 0 0 0 0 0 -20.594927295017989 1.7336034580366686 103.88515762090684 -0.028448068117785399 0 0 -0.15261698158778927 -0.014120394735726904 -0.39167527941026492
num_features=3 4 5 3 2 3 5 3 4 3 5 4 2 4 5 2 3 4 4 4 4 5 4 4 4 2 4 4 3 3 3
leaf_features=1 4 9  1 4 8 9  1 4 5 8 9  1 4 9  1 9  1 4 9  1 4 7 8 9  1 8 9  1 4 8 9  1 8 9  1 4 7 8 9  1 4 8 9  1 9  1 4 8 9  1 4 7 8 9  1 9  1 4 9  1 4 8 9  1 4 8 9  1 4 8 9  1 4 8 9  1 4 5 8 9  4 5 7 9  1 4 7 9  4 5 7 9  1 9  1 4 8 9  1 4 8 9  1 4 9  1 4 9  1 4 9  
leaf_coeff=-0.00021145777303026617 8.4968443661469911e-05 0.00017604358654592646  0.00044965035187049531 -0.00030414837582261393 0.0082384037709685391 -0.0023720139598160774  -0.00022535266845405394 2.1991055633042295e-05 -8.2252683249079735e-05 -0.0071794785453334958 0.00193493930716242  -0.0009346495849069438 -0.0010090689087782767 -0.0012531932571213768  -0.00031975965529023323 0.0078938829173203825  -0.0010940035672213112 -0.016923172695028743 -0.0057850746337143825  0.00014042196274747232 6.9352651581051913e-05 -1.7420053547214168e-05 -0.002074262510964786 0.00082450470573558476  0.0019103365572381654 0.004102294220758829 -0.0022569454496715658  -0.00040666434196826116 -0.00062579507055741045 0.0060883717499867988 -0.0014829336722866683  0.0015203961465423952 0.002024678098319166 -0.0021878655555983783  -0.0004575906743104488 0.00041379356880937479 0.0025815697167155096 -0.005993288399641728 0.00083814843108989125  0.0022669924377736392 0.0076229787938820962 -0.0019580220787377201 -0.0049212644270316469  0.18385847415297576 -0.037550476916155165  -0.00061117420572823124 0.0002739284735069376 0.0024814799531204914 -0.001663819772821329  -0.00068714401357243852 0.00058244155746484778 0.0062996213800682113 -0.015812979972209939 0.0032794279160282881  0.0030671225026893904 -0.0021039268882221407  -0.0010275455759596638 0.0013080897369944112 -0.0012310803762166868  -0.00065035620619460538 0.0029093046994326552 0.0035915499267488386 -0.0032054648348578854  -0.0015008138870685882 -0.0018003034789855655 0.0035279408702169946 8.3925492107894684e-05  -0.0002463789916668527 -8.994021984793239e-05 -0.0011361408271472583 6.5126354999645036e-05  -0.00059352172735827708 0.0045267710601328056 0.009389862071242561 -0.005076406238144089  -0.00065414713331652633 0.00057602262775147681 0.0012953243471033717 -0.019656391535659526 0.0035236183462307395  -0.064591377189572086 -0.0086011022934258108 0.0047439255633065615 2.8111899970521339  -0.0015019382276875604 0.0057564721373978504 -0.00074503401503989153 -0.23412110344215764  0.063492568434048741 -0.28856571921096474 1.7953565881383839 -14.717322019813583  0.0022306361377375963 0.0020155716232928  0.0028984624559740459 -0.00076603458834905271 0.0034463258535384345 -0.0039103505105577809  0.0034443945074705247 -0.00036846479501280314 -0.011628897101220571 0.0032009091218783594  0.00074265124766387247 0.024295747771850531 -0.00044735768758528142  -9.8597912053494108e-05 0.0030909728524070703 -0.00062110996962019274  -0.0037701358055791446 0.045583882185746917 0.016162568561101411  
shrinkage=0.1


Tree=35
num_leaves=31
num_cat=0
split_feature=1 9 5 9 5 8 1 9 1 9 9 4 8 4 7 8 1 4 4 4 8 0 5 4 6 9 9 8 6 9
split_gain=171.532 80.433 33.2405 28.2236 16.538 22.0083 16.3023 10.1043 9.56214 8.93138 8.93032 8.08353 8.39678 13.3857 7.91448 7.81011 7.70814 7.14112 6.79358 9.87276 8.49425 7.65 6.51766 6.45045 5.67929 6.24632 6.09712 5.51277 5.82581 6.74287
threshold=4.2555875595453383 7.0413885088913739 11.751871496508834 7.3076206186416277 11.751871496508834 3.0000000000000004 6.2015223456153068 6.3603544996165118 8.4707131097874875 7.5038750479758836 6.0514929658566965 5.7945356795747589 3.0000000000000004 4.1026092131977068 5.6213530003044605 3.0000000000000004 5.9725357258298626 4.2555875595453383 2.8617925509761908 2.602003343538398 3.0000000000000004 1.0000000180025095e-35 10.640639656647275 3.3497501700808394 5.7272202484528396 6.603745375804027 6.3204042442512467 3.0000000000000004 7.2345018017286149 6.3204042442512467
decision_type=2 2 2 2 2 2 2 2 2 2 2 2 2 2 2 2 2 2 2 2 2 2 2 2 2 2 2 2 2 2
left_child=1 2 7 6 5 -3 10 27 15 -6 16 12 13 -5 -7 23 -2 -12 19 20 -9 -20 -17 -8 26 -26 -24 -1 -29 -30
right_child=3 4 -4 11 9 14 8 18 -10 -11 17 -13 -14 -15 -16 22 -18 -19 21 -21 -22 -23 24 -25 25 -27 -28 28 29 -31
leaf_value=0.0014096952055615321 0.0071830533832141861 -0.00052090318049750732 0.0026805070204922012 0.0017085322240143884 0.000358257269122789 -0.0018431220219151186 0.0047704846937435515 0.00071702136818910115 0.014349752103580575 0.0058509129095947396 0.00092105255693121035 0.0046471142411770999 0.00019177644187340237 0.010533988450881231 -0.0010379447009087146 0.0026071299201552837 -0.00054093634521575399 0.0036394579860869209 0.00047396630931504892 -0.001897908829432836 -0.0010045971836845418 -0.0023225429652126714 -0.014957670471968427 0.0083702842062488604 0.011397270067825137 0.0048765188465758899 0.0053559576190492647 0.00048735112881347287 -0.0094715336293124709 0.0020774785011408604
leaf_weight=88034 5662 468724 63805 40876 64001 269315 29602 61668 956 3104 34825 6635 52612 1794 223298 30653 1674 13375 187322 40516 53539 10321 276 5984 1764 8785 318 148223 1254 847
leaf_count=88034 5662 468724 63805 40876 64001 269315 29602 61668 956 3104 34825 6635 52612 1794 223298 30653 1674 13375 187322 40516 53539 10321 276 5984 1764 8785 318 148223 1254 847
internal_value=0 -0.000353701 0.000511952 0.00252612 -0.000905468 -0.00101142 0.00348071 0.000278119 0.00440984 0.000612325 0.00217009 0.0012722 0.00103719 0.00207959 -0.00147814 0.00428704 0.00542052 0.00167538 -6.12684e-05 -0.000555239 -8.30492e-05 0.000327931 0.00336004 0.00537581 0.0054312 0.00596692 -0.0040827 0.000781262 0.000413234 -0.00481565
internal_weight=1.91976e+06 1.68397e+06 655529 235791 1.02844e+06 961337 133874 591724 78338 67105 55536 101917 95282 42670 492613 77382 7336 48200 353366 155723 115207 197643 41796 35586 11143 10549 594 238358 150324 2101
internal_count=1919762 1683971 655529 235791 1028442 961337 133874 591724 78338 67105 55536 101917 95282 42670 492613 77382 7336 48200 353366 155723 115207 197643 41796 35586 11143 10549 594 238358 150324 2101
is_linear=1
leaf_const=0 1.5678413064219059 0 -0.028503169257138694 0 -0.054345667270708733 0 0 0 -0.091666446623429473 3.9681309119798245 0.00048936688641481045 -0.32379493183166236 0 0 0 0 0 0.020358244844665307 0.011898387409259926 0.00086260684454231296 0 0.0031372844361200695 0 0 0 0 0 0 0 0
num_features=4 2 4 3 4 3 5 4 5 2 3 3 3 4 4 5 4 2 3 3 4 5 5 4 4 5 5 5 5 3 3
leaf_features=1 5 8 9  1 9  1 5 8 9  1 5 9  1 4 8 9  1 5 9  1 5 7 8 9  1 4 8 9  1 4 5 8 9  1 9  1 5 9  1 4 9  1 4 9  1 4 8 9  1 4 8 9  1 5 7 8 9  1 5 8 9  1 9  1 4 9  4 5 9  1 4 5 9  1 4 5 8 9  0 1 4 5 9  1 5 6 9  1 4 8 9  1 5 6 8 9  1 5 6 8 9  1 5 6 8 9  1 5 6 8 9  5 6 9  5 6 9  
leaf_coeff=-0.00030076855503769059 0.0003898719656881787 -0.0047744350215398693 0.0012639848020809419  0.00016813664207853131 -0.26516967277857478  -0.00018574160943092522 5.3823952687620181e-05 -0.0060069577191292469 0.0015007261623275704  -0.00083734340762666175 0.0032238905514455855 -0.0012757069274382249  0.0015073593410962261 0.00021783945633053748 -0.05685479305392676 0.01433744357232385  -0.00064922132399324462 0.0024248162018879584 0.003402740291619244  -2.6370811958678285e-05 -1.356246132459358e-05 4.8702884724321184e-05 -0.0021266613052159044 0.00088325489630509686  0.0019621514297089612 0.00030318633212433194 0.00066296566883243817 -0.0015218387420903312  -0.0008490238223580319 0.00026961872449395469 -0.00054472014107281364 0.0061217873292218174 -0.0011694190140569606  0.018241617683042222 -0.0078752712667448325  -0.0017825490056392113 0.0095480237059170758 -0.54260749615204984  -0.0002295136100527645 -0.00022331502607375597 0.00029774271936446885  0.0008670306257379135 0.0061590340934628346 0.038262131862829563  0.0010843289409455143 0.00018301473886547272 -0.019124349327986147 0.0093269114848641976  0.0037270531683391006 0.0037754380800682609 -0.12624665093330806 0.029873565454681741  -0.00061397174375798591 0.00054563482967629037 0.0020333420449099903 -0.0055138531920665207 0.00054254768317161248  0.00087368649939804097 -2.1903901825509089e-05 0.0034727180897442091 -0.0025785560753115336  0.012717447427866624 -0.013228087872603034  0.0011486728034201588 0.0013267264206880736 -0.0042934527004147242  -0.00051620755097454005 0.00030062229461710888 -0.0018001556367334805  -0.00056099913643471516 -0.0015838363395296541 0.00084532869551130492 -0.0008154497594047073  -0.00056411287141747049 -0.0014032487896670734 0.00022444722363437771 0.00073972706831524357 -0.00044786859918946045  0.00024667448494909429 0.00097429489109677472 0.0023707170811540835 -0.0015519537999201028 -0.00042410002618495927  -0.0018268907416748804 0.01088068746916151 -0.0086746328820282766 -0.013423009038278623  -0.00075016803145653568 0.0022942415425173004 0.010073636726281166 -0.0023907490326110729  0.0024994288399187606 0.0036417345184564299 -0.012533650737665748 -0.0066079692275124559 0.0086299021930654977  0.003142170932029462 0.0026197526573482513 -0.0057700756834831784 0.0082856177314337039 -0.0064175048015831853  0.0036913483053734016 0.0017058901474511724 -0.0028598781436527613 0.004480002322250343 -0.0057257009777331724  -0.00055710018089636282 0.00015464142073393826 -5.9579031144756363e-05 0.00060080982836621113 -0.00048529873025114916  -0.00022402754129444702 -0.014532137736986785 0.016831627762906011  -0.0012908366293466591 -0.0038102770923863719 0.0063627315050773349  
shrinkage=0.1


Tree=36
num_leaves=31
num_cat=0
split_feature=1 9 4 4 8 8 4 8 9 1 1 1 1 5 1 1 1 1 9 5 4 5 5 4 4 7 5 4 7 6
split_gain=139.259 72.4191 28.5645 14.3635 21.3616 13.6848 14.2206 12.6235 12.5339 11.7128 12.9247 12.0392 10.7722 10.3348 11.2578 8.13352 7.50669 7.31059 6.85151 6.53647 5.93973 14.0017 43.9201 83.5315 20.7427 24.676 18.3339 13.2157 13.014 12.0676
threshold=6.0695816581233011 7.0413885088913739 5.344720891341141 5.3821962081647756 3.0000000000000004 3.0000000000000004 3.3842466058243152 3.0000000000000004 7.5121052670435509 6.1036759135142775 6.2719327192022343 6.0924398260614181 4.1190041246092024 10.640639656647275 7.3616929901185424 7.6398827302766898 7.2287511646834544 8.4707131097874875 6.3603544996165118 9.0001438939403773 2.8617925509761908 9.497547328764556 9.5391763832008447 2.6735537653587351 2.8029010331479989 5.7546300559679597 9.5193312890754243 2.602003343538398 5.6128616676816723 6.5610895968884506
decision_type=2 2 2 2 2 2 2 2 2 2 2 2 2 2 2 2 2 2 2 2 2 2 2 2 2 2 2 2 2 2
left_child=1 2 7 4 19 6 9 12 -5 11 -11 -2 20 14 -7 -16 -12 -17 -9 -3 21 27 23 -23 25 26 -25 -1 -28 -22
right_child=5 3 -4 8 -6 13 -8 18 -10 10 16 -13 -14 -15 15 17 -18 -19 -20 -21 29 22 -24 24 -26 -27 28 -29 -30 -31
leaf_value=0.00075336632142900027 0.0068105471049521374 -0.00052434893334841483 0.0022924634405178789 8.4580922298651859e-05 -0.0013263542694965914 0.00068867148121473372 0.0077193479617929869 0.00040523575239382795 0.0043449949214835921 -0.00089490587189787474 0.0031235452398092993 0.02817889463849892 0.0032795406220743669 0.003889559936054875 0.0064045057118309323 7.9251686545749939e-06 0.0061395380945891394 0.015741999363349867 -0.00049977751819544583 0.00064640530392411349 0.0011879178400881314 0.079997858798531732 -0.0026266419716428915 0.11653065803019624 -0.0059501327703028557 -0.007259652646733266 0.010853824433353212 -0.0013316095570837258 0.082578524412252968 0.018378542312761634
leaf_weight=104340 930 441776 83699 89165 496142 44772 9347 154129 7485 6562 33948 368 16867 23915 6813 4509 10903 316 182942 53459 101731 214 1463 38 405 102 72 42901 39 410
leaf_count=104340 930 441776 83699 89165 496142 44772 9347 154129 7485 6562 33948 368 16867 23915 6813 4509 10903 316 182942 53459 101731 214 1463 38 405 102 72 42901 39 410
internal_value=0 -0.000241054 0.000560875 -0.00074914 -0.000862587 0.00300919 0.00412455 0.000321575 0.000414526 0.0034871 0.00325025 0.0128688 0.000833022 0.00214748 0.00140892 0.00417976 0.00385671 0.00103838 -8.59514e-05 -0.00039797 0.000669085 0.000267664 0.007954 0.0257465 0.00804865 0.0306363 0.0565785 0.000145876 0.0360544 0.00125692
internal_weight=1.91976e+06 1.77738e+06 689352 1.08803e+06 991377 142383 62058 605653 96650 52711 51413 1298 268582 80325 56410 11638 44851 4825 337071 495235 251715 149574 2333 870 656 251 149 147241 111 102141
internal_count=1919762 1777379 689352 1088027 991377 142383 62058 605653 96650 52711 51413 1298 268582 80325 56410 11638 44851 4825 337071 495235 251715 149574 2333 870 656 251 149 147241 111 102141
is_linear=1
leaf_const=0 0 0 0.00075559347355511628 -0.01849948849127676 0 0 0 0 0 0 0 0 0 0 0 0 0 0 0 0 0 0 0 0 0 0 0 0 0 0
num_features=5 3 5 3 3 4 3 3 4 3 3 3 3 4 3 3 2 3 2 4 5 5 4 4 5 3 5 5 5 5 4
leaf_features=1 4 5 8 9  1 4 8  1 4 5 8 9  1 4 9  1 4 9  1 4 8 9  1 5 8  1 4 8  1 4 8 9  1 4 9  1 4 8  1 4 8  1 4 8  1 4 8 9  1 5 8  1 5 8  1 8  1 4 8  1 8  1 4 8 9  1 4 5 8 9  1 4 6 8 9  4 5 8 9  4 5 8 9  4 5 7 8 9  4 5 9  4 5 7 8 9  4 5 7 8 9  1 4 5 8 9  4 5 7 8 9  4 6 8 9  
leaf_coeff=-0.00059347521448028205 -7.1421497683916979e-05 -0.00025592906645006481 0.0022913667261236447 -0.00026624032790184549  0.46283500108547743 -0.0014894644838241878 -1.4031090926851904  -8.2586907561457144e-06 7.7130184318030201e-05 -0.00015874579159574944 -0.0054833629088228975 0.0015560400201401594  0.00042267340571115877 0.0016197509516417297 -0.0012450488064901456  0.00015069604601646608 0.0016254843987040303 0.0012054489860992669  9.2987511303814889e-05 0.00015717831019782669 -0.001343888375581237 0.00046951849142091718  0.00027009576477916023 2.8262124061058903e-05 -0.00030035180305444388  0.00083391212473875602 0.0041203263016378559 -0.0071327675576199571  0.00017166782266241087 0.00018498005328782414 0.0006028592449188741 -0.00043725378723546982  -0.00036700867827544963 0.0014043847258955466 -0.00042165619919503077  -0.0079794397281609981 0.0021179392682876856 0.023579744181684251  -0.0013636758278773977 0.00035998936047071384 0.0060327760492771892  -0.044802654584054837 -0.011220743245173283 0.1526806296198629  0.00069213252044180308 0.00051229927632926787 0.0079977429331662183 -0.0026758755012443961  0.0024217665142076683 0.0021395827062318687 -0.0091770484101329156  -0.0027411008662397763 -0.00034697732686796439 0.0068014588613635853  0.0035766367301833207 -0.0069677246271976556  0.0026085388333898507 0.0017025781320005485 -0.0069575865608545234  0.03153306311216042 -0.065547943562710029  2.1694522835762585e-06 0.00017693256023770685 0.0015914829307860591 -0.0010893271465936439  -7.7962531221091255e-05 0.00075670891822848807 0.0016126893914581776 -0.021883532227848869 0.0036244899728674618  -0.00066013186241735086 -0.0002652489031561525 -0.00040822416763815623 0.0064093952281784276 -0.0012428635487819917  0.036836192887696483 -1.1639797054341217 5.718817730967749 -0.058665880081940715  -0.035131605404872424 -0.11776780316339433 0.60163872493834658 0.0021849130636696136  0.42005931021960807 0.1384099717042318 -0.080076591985863393 -0.48930221141563379 -0.15163807641498581  0.018120149954278731 0.0037779668220503382 -0.015305521856018701  -0.081388472092296035 -0.26777804298536695 -0.006206099783887354 1.3056120711243127 0.031611960884908009  0.052023121402080721 -9.7959522381463522 0.029966509152423271 46.631449805931823 -0.026965671370653511  -0.00029103960290249311 -0.0035925509240773341 0.00039996299085856281 0.0066929011813250845 -0.0012464272877760641  -2.944767564969152 -11.553032598652715 3.94923332701801 46.759134405802257 0.37855203255680864  -0.50941045878174751 -0.46579781025165823 2.3068943055184863 0.00098058630399435755  
shrinkage=0.1


Tree=37
num_leaves=31
num_cat=0
split_feature=1 9 4 9 5 8 1 9 1 9 1 7 9 4 9 1 1 6 8 8 7 5 4 8 5 1 4 4 4 1
split_gain=115.036 52.769 22.4625 20.6239 11.1165 14.5688 10.8142 8.37802 6.67161 6.233 6.22227 6.2078 6.01977 5.59445 5.35623 5.20558 8.22847 6.64622 5.20074 5.0096 4.77168 6.65115 4.57462 5.90642 4.1041 4.01718 4.01483 9.01431 5.55426 3.9436
threshold=4.2121001622835372 7.0413885088913739 5.5702492679694311 7.2924214500199414 11.751871496508834 3.0000000000000004 6.2015223456153068 6.3603544996165118 8.0819387425566926 6.0514929658566965 5.9725357258298626 5.6151307380580553 7.5038750479758836 4.2555875595453383 7.5121052670435509 7.6884552516289064 7.3616929901185424 5.749035043701995 3.0000000000000004 3.0000000000000004 5.5814578329127711 12.419149699170658 5.4183177007383536 3.0000000000000004 8.9836279578803069 5.8678824850335358 2.8617925509761908 2.602003343538398 3.2384861814448418 6.7339967759051547
decision_type=2 2 2 2 2 2 2 2 2 2 2 2 2 2 2 2 2 2 2 2 2 2 2 2 2 2 2 2 2 2
left_child=1 2 7 6 5 24 9 -1 15 10 -2 -7 -6 -11 -5 16 17 18 -8 26 21 -14 23 25 -3 -16 27 -9 -28 -19
right_child=3 4 -4 14 12 11 8 19 -10 13 -12 -13 20 -15 22 -17 -18 29 -20 -21 -22 -23 -24 -25 -26 -27 28 -29 -30 -31
leaf_value=0.00067123278751933437 0.0061042547651099397 -0.00052794563325771725 0.0022917203381092569 0.00062408203356567615 0.00029886212950680177 -0.001535756862368373 0.0035479860060324514 0.00057286276623959602 0.009620230673789875 0.00073982562183203069 -0.00082948607154649664 -0.00082376797707954552 0.013950032256825857 0.0031346625185972991 0.0013123417432482336 0.00016593222499329164 0.0062825541916862572 0.0036532575389383991 0.0011791873285374186 -0.00044676090953168525 0.0039225677772849942 0.075832592844963076 0.0050021527524351352 0.00045823485297465447 0.00042802047615570702 0.0070250602647300708 0.0016430297794835784 -0.0015274836855766539 -0.000128810740678815 0.0063936573477056322
leaf_weight=249195 5705 418114 57887 80903 63966 263112 19673 61603 1828 34804 1674 229078 132 13553 2196 4394 10603 15496 17525 183897 2942 20 5087 12747 50313 2801 40697 30576 31298 7943
leaf_count=249195 5705 418114 57887 80903 63966 263112 19673 61603 1828 34804 1674 229078 132 13553 2196 4394 10603 15496 17525 183897 2942 20 5087 12747 50313 2801 40697 30576 31298 7943
internal_value=0 -0.000290453 0.000410883 0.00206302 -0.000737561 -0.000824459 0.00288637 0.000228592 0.00365068 0.00182412 0.00453127 -0.00120438 0.000507236 0.00141103 0.00100581 0.00350641 0.00371244 0.00326303 0.00243198 -8.83079e-05 0.00481521 0.0220925 0.00235847 0.00160055 -0.000425267 0.00451453 0.000313208 -0.000123827 0.000872767 0.00458192
internal_weight=1.91976e+06 1.68283e+06 655153 236932 1.02768e+06 960617 133198 597266 77462 55736 7379 492190 67060 48357 103734 75634 71240 60637 37198 348071 3094 152 22831 17744 468427 4997 164174 92179 71995 23439
internal_count=1919762 1682830 655153 236932 1027677 960617 133198 597266 77462 55736 7379 492190 67060 48357 103734 75634 71240 60637 37198 348071 3094 152 22831 17744 468427 4997 164174 92179 71995 23439
is_linear=1
leaf_const=-0.00050979224705862693 1.4116488076047973 0 0.0022932330985813822 -0.00015110639271256334 -0.046363505325176746 0 0 0 -0.0080044062979723659 -0.0012194357282474756 0 0 -15.629906957445201 0.016841801642652855 0 -0.084865461291816935 0.09998652306429108 0.081930074895464611 0 0 -0.98579523673979574 195.27220417521895 0 0 0 0 0 0 0 0.090157096815914883
num_features=3 2 4 3 2 3 5 4 4 2 3 2 5 3 3 3 2 2 3 4 4 4 3 3 3 4 3 4 4 4 3
leaf_features=1 4 9  1 9  1 5 8 9  1 4 9  1 9  1 5 9  1 5 7 8 9  1 6 8 9  1 4 8 9  1 9  1 4 9  1 9  1 5 7 8 9  5 7 9  1 4 9  1 4 9  1 9  1 9  1 6 9  1 6 8 9  1 4 8 9  1 5 7 9  5 7 9  1 4 9  1 4 9  1 5 8 9  1 4 9  1 4 8 9  1 4 8 9  1 4 8 9  1 6 9  
leaf_coeff=-0.00037672437801164753 0.00012365229258412913 0.00013678911001592243  0.00012592604877792457 -0.23879119734629059  -0.00027090410291085728 -5.8211555209249522e-05 -0.0054064372917924436 0.0014591424389604592  -0.0012212618933741606 0.001005150920499176 -0.00092397283868722591  0.00061988656271988463 -0.0004082253891191101  -0.0006368742822819379 0.002031081280485647 0.002964545161342791  -6.0935308191792384e-05 -3.0431388243668674e-05 5.1916316378791338e-05 -0.0017364986451241294 0.00073246312781058984  9.5315691845399713e-05 0.00032062108821498685 0.0042525604858387744 -0.00085589023713523733  -0.00037786457484930775 -0.00044800843610681414 0.0046729313743158587 -0.0011525947989360352  0.0081932787798264083 -0.0075186457807496334  -0.00027572440289480306 -0.00023448538718269139 0.00055960245368084081  0.01252685833207039 -0.013080221815469351  -0.0005790206457083534 0.00046256221436975753 0.0018802013912496765 -0.0048120691891368143 0.0004214350438441095  0.001301365538108712 0.074261818140581679 2.0268148423085224  0.0009739515538030874 0.0010250458619884106 -0.0034975662274296716  5.8440958479610841e-05 0.00068507459641939698 -0.00012296471769805695  0.0098818074532432305 0.0011524745595487781  -0.00874618243733849 -0.0041331375267726683  -0.0050307361713452185 -0.0053706728619008718 -0.0020389282966223779  -0.0022837070099730817 -0.00040985590092770097 0.0049032052040460022 -0.00039529900732260259  -0.00063349159478443863 0.00022705058714445373 0.0012560870886848541 -0.00090405631191294857  -0.0015557192361846718 0.002277190186837075 0.0029945786355028759 0.12596835218137131  -0.32491039681626721 2.3845602155837695 -27.207426243741068  0.00055360332443203934 0.0044098974328140809 -0.0032918083187889469  0.0006790860664536429 0.00068634138028753696 -0.00084925625921494427  -0.00070680555664967527 0.001441121618160303 -0.015604801478982822 0.002495659400653061  0.0013000831646591494 0.0021263509499393931 -0.0010223354409961249  -0.0013495980319666353 -0.0015659108386207573 0.0019748416016424743 0.00037684339125387822  -0.00024251255064611926 0.000301622588983172 -0.002035086335871128 0.00025254188602055196  -0.00050351714114996399 0.0041401908288211066 0.0075770675569951876 -0.0043680462210012707  -0.0017698933041048193 -0.0059031966594034202 -0.005366613051362901  
shrinkage=0.1


Tree=38
num_leaves=31
num_cat=0
split_feature=1 9 4 9 5 8 1 5 1 8 8 6 8 7 9 5 4 6 4 5 4 6 5 5 4 7 7 5 5 6
split_gain=93.1946 42.7015 18.6401 16.849 9.00204 11.812 8.52043 7.46633 8.88238 8.22462 7.01335 6.57577 5.39135 5.0802 4.86722 4.65879 6.14465 4.45075 31.3331 102.275 6.00163 9.80422 30.9627 25.6533 7.71071 7.12424 5.65041 18.8905 8.12574 6.18142
threshold=4.166635176627655 7.0413885088913739 5.344720891341141 7.0413885088913739 11.751871496508834 3.0000000000000004 6.6852363373681447 10.292603064623696 7.2287511646834544 3.0000000000000004 3.0000000000000004 5.5858685367919128 3.0000000000000004 5.5993499495201569 7.5038750479758836 9.1670674583797176 1.7005986908310777 6.937418885832872 2.249904835165133 9.5391763832008447 2.8617925509761908 6.5382001192154382 9.5193312890754243 9.497547328764556 2.602003343538398 5.4284635715889005 5.9465496797209676 9.3994306351091268 9.497547328764556 6.9681151594426796
decision_type=2 2 2 2 2 2 2 2 2 2 2 2 2 2 2 2 2 2 2 2 2 2 2 2 2 2 2 2 2 2
left_child=1 2 10 7 5 -3 -5 8 9 -2 17 -9 -8 -7 -6 16 -12 20 -19 26 24 -22 23 -23 -1 -24 27 -20 -29 -30
right_child=3 4 -4 6 14 13 12 11 -10 -11 15 -13 -14 -15 -16 -17 -18 18 19 -21 21 22 25 -25 -26 -27 -28 28 29 -31
leaf_value=0.00055427909156772494 0.0029594136006521454 -0.00038332251460856351 0.0017866734384150427 0.00072043913029217811 0.00026884964732790123 -0.001405365609108264 0.003948813616544331 -0.010617663595650601 0.0047966968465759513 0.00062278732629529859 0.00034835158112712575 0.0049043243497156087 0.0015042067078845952 -0.00076251820606121129 0.0043393551715603992 0.00017915475554663724 -0.0010822850781065615 0.00076655334677965046 0.15329852820588993 -8.7501093892767887e-06 0.00098809251130112588 0.019734371577699982 0.057318999428302056 0.15282464708600726 -0.0010464599980783966 0.0021385561039492691 0.017104126811027527 0.021159008733536069 0.1097744176217488 0.06384476507703464
leaf_weight=94179 34562 468080 81223 107113 63941 246792 14882 277 13247 26702 45607 18577 22909 244943 3079 188032 87854 10182 26 808 101804 30 25 28 44222 365 20 38 35 180
leaf_count=94179 34562 468080 81223 107113 63941 246792 14882 277 13247 26702 45607 18577 22909 244943 3079 188032 87854 10182 26 808 101804 30 25 28 44222 365 20 38 35 180
internal_value=0 -0.00026227 0.000368857 0.00185092 -0.000664645 -0.000742885 0.00117591 0.00289853 0.0024487 0.00194099 0.000168034 0.00467628 0.00246689 -0.00108515 0.000455855 -0.000141555 -0.0005934 0.000563087 0.00250368 0.0184815 0.000472055 0.00105305 0.015814 0.0839848 4.28096e-05 0.00567576 0.0684483 0.0721289 0.0637874 0.0713217
internal_weight=1.91976e+06 1.68149e+06 654658 238269 1.02684e+06 959815 144904 93365 74511 61264 573435 18854 37791 491735 67020 321493 133461 251942 11289 1107 240653 102252 448 58 138401 390 299 279 253 215
internal_count=1919762 1681493 654658 238269 1026835 959815 144904 93365 74511 61264 573435 18854 37791 491735 67020 321493 133461 251942 11289 1107 240653 102252 448 58 138401 390 299 279 253 215
is_linear=1
leaf_const=0 0 0 0.00068801376834226602 -0.0027174689683100439 -0.041766310944053947 0 0 -0.41986814485387641 0.013296720996312673 0 0 0.024982516194748429 0 0 3.6832482437370349 0 0 0 0 0 0 0 0 0 0 0 0 0 0 0
num_features=5 4 4 3 2 3 5 3 4 3 4 5 4 3 5 3 5 5 4 6 5 5 5 6 5 5 6 6 6 4 6
leaf_features=1 4 6 8 9  1 5 8 9  1 5 8 9  1 4 9  1 9  1 5 9  1 5 7 8 9  1 8 9  1 5 6 9  1 5 9  1 5 8 9  1 4 5 8 9  1 5 6 9  1 8 9  1 5 7 8 9  1 5 9  1 4 5 8 9  1 4 5 8 9  4 6 8 9  4 5 6 7 8 9  4 5 6 8 9  1 4 6 8 9  4 5 6 8 9  4 5 6 7 8 9  4 5 6 8 9  1 4 6 8 9  4 5 6 7 8 9  4 5 6 7 8 9  4 5 6 7 8 9  4 5 7 9  4 5 6 7 8 9  
leaf_coeff=-0.0005165452380814804 -0.00032265960674839164 -0.00026824403537125362 0.0014907494774225817 -3.3913782642788771e-05  0.00055035207029982514 8.4340250618857029e-05 0.0037892925454858783 -0.0012673563738764715  -0.00020137604928005903 4.3547901038602618e-05 -0.0044229326216367326 0.0011014251221118433  -0.00096232070110503949 0.0012156660842218671 -0.00092384452602827243  0.00034754950431217237 0.00019179646283049579  -0.00060795800647169831 0.0018263550311977961 0.0026761209218754359  -6.5306536102632476e-05 -4.1083664674393398e-05 5.6645048481280409e-05 -0.0014365065252800236 0.00059732433673023169  0.0017631055813038367 -0.026030917623145911 0.0059314710435785407  -0.0016931105392353541 0.0044573467115620602 0.042403525936649089 0.022387554648235143  0.0016155712154847014 -1.9307339897678413e-05 -0.0031705113881655977  -0.00042258014361482959 -7.3183554279291797e-05 0.0035674102797992827 -0.0016485693544830593  -0.00049160785870213286 -0.001045789465821575 9.060307141842521e-05 0.00064215984437272777 -0.00023593298749906289  0.0012820097322763459 0.00087465723521136247 -0.0026363268092087114 -0.0033415025568457549  0.00091487088643387175 -0.0042825951323408164 0.0016406897019878742  -0.00052996175029251336 0.0004045688745781451 0.0017727402006487371 -0.0046205370898559474 0.00048683449942963367  -0.001492055314901819 0.0076304795359881444 -0.50184379361307951  -0.00057869442392637679 0.00043233700996136439 -0.00031349054624913233 0.0019584086246711234 -0.00094975882725542029  -0.001053455978408855 0.00052061554193234827 0.00045342078772201425 -0.00090012931767494706 -0.00038782170901352497  -0.0012265137716757511 0.0010800879576717271 0.0015573338895711886 -0.0013089400055980806  -65.594744217641718 59.912110479573315 -59.75273633686011 0.028264278639340293 9.3223650289600304 -0.058382695803774712  40.968395563053292 -38.271052282945242 37.934823808721852 -3.8146697879466958 -0.0015634085810179721  -0.00051255269197929677 -0.00014605001539324744 -0.00040550605025050095 0.005611199508371501 -0.001098593475204407  -0.29322051710209357 -1.627108468067624 -1.7398214857705385 13.849047233574176 -0.0052970584180890515  559.8887252069137 -532.92574845218337 530.89017783108864 -0.43741554019927664 -47.023206190136264 0.18299826406262698  246.17750940272819 -236.24571663719837 233.72023895935854 -12.519753810697877 -0.065363058474974881  -0.00024125966258301131 -0.0043806032406715099 0.00074890344003599178 0.0063226143354953475 -0.00091931270936256861  -0.12141499178366102 -0.17687744361396307 -0.072181556251563 0.0031295543871077054 1.3275292326742105 -0.023176099702067535  -0.33663810362513574 0.11835765931689224 0.5399175866250332 -0.13704240912076102 -1.6899468782942337 0.026609432586282369  -193.64875592358877 177.24365682403078 -177.40854000760228 0.0051417465385322552 28.676335679589741 0.028408775212267302  -4.2396099594428964 1.2125764845038702 -0.0023693069963627526 -0.037285118841509757  -0.55275711826806462 0.60590442889762253 -0.31802994209239377 0.0085650949382475982 -0.87078692636839605 -0.058831956022076783  
shrinkage=0.1


Tree=39
num_leaves=31
num_cat=0
split_feature=1 9 4 8 4 1 1 4 8 9 8 4 4 1 1 1 4 1 1 1 1 1 1 4 5 4 1 7 4 1
split_gain=75.5847 38.589 15.6844 8.86048 10.7552 13.5827 9.09634 8.34344 12.05 8.40926 7.88047 7.99776 7.3551 6.63182 6.36609 5.27199 5.70718 5.28887 5.63069 4.92196 4.44149 5.46073 6.696 4.00101 3.86742 5.91415 3.7835 3.62538 3.60254 3.59147
threshold=6.0810760527360186 7.0413885088913739 5.344720891341141 3.0000000000000004 3.3842466058243152 6.1036759135142775 6.2719327192022343 5.3821962081647756 3.0000000000000004 7.506969323426115 3.0000000000000004 4.0517471391904856 6.0124911652234827 5.9725357258298626 6.0924398260614181 7.2287511646834544 3.9981586158983733 7.6598786368693057 8.0819387425566926 5.9597150163265287 7.2287511646834544 6.4256787406815397 6.4559841094561436 3.7256208424938388 9.2738314686564447 1.7005986908310777 5.7021130240234443 5.5856178035546149 2.1383330595080281 4.0689902272260703
decision_type=2 2 2 2 2 2 2 2 2 2 2 2 2 2 2 2 2 2 2 2 2 2 2 2 2 2 2 2 2 2
left_child=1 2 10 4 5 14 -7 8 19 -9 11 29 15 24 -2 16 -5 -17 -19 23 21 -8 28 -3 25 -12 -4 -14 -23 -1
right_child=3 7 26 12 -6 6 20 9 -10 -11 13 -13 27 -15 -16 17 -18 18 -20 -21 -22 22 -24 -25 -26 -27 -28 -29 -30 -31
leaf_value=0.00046892224241602896 0.0073231266838708758 -0.00035936054616830609 0.0016174942540899012 -2.4408917948135162e-05 0.0062856156393981278 -0.001103684670310052 0.0050325701654153386 5.8032770810976024e-05 -0.00098201773837643764 0.003431911327112163 0.0004414721150606968 0.0047037820187717169 -0.01054870706377891 -0.0059804025999451987 0.02514658043231896 0.0039408851762474228 0.0019646149910532754 -0.0016080402817562807 0.0085397903004427091 0.0034193948502579397 0.0046385262019879728 -0.0076253313853306059 0.0020819493856495449 0.0013983640380016201 0.00024372648957007287 -0.0008947883891400277 0.0078086277426788449 0.0059731646495379005 0.0048965840375628962 0.0020228060848865395
leaf_weight=248317 440 478707 82735 32748 9191 6562 6085 88664 496533 8059 50191 4746 137 1901 368 12202 25784 3720 641 3561 10903 1106 26467 13310 187839 97390 999 4344 290 15822
leaf_count=248317 440 478707 82735 32748 9191 6562 6085 88664 496533 8059 50191 4746 137 1901 368 12202 25784 3720 641 3561 10903 1106 26467 13310 187839 97390 999 4344 290 15822
internal_value=0 -0.000176649 0.000408473 0.00222876 0.00313117 0.00257598 0.0023738 -0.000547412 -0.000633844 0.000339146 0.00023127 0.000635106 0.00153234 -9.06345e-05 0.0154407 0.00129749 0.000851778 0.00287259 -0.000116465 -0.000285 0.00288258 0.00231862 0.00172592 -0.000311811 -5.72541e-05 -0.000440338 0.00169136 0.00546803 -0.00502407 0.000562
internal_weight=1.91976e+06 1.77877e+06 689940 140988 61412 52221 51413 1.08883e+06 992111 96723 606206 268885 79576 337321 808 75095 58532 16563 4361 495578 44851 33948 27863 492017 335420 147581 83734 4481 1396 264139
internal_count=1919762 1778774 689940 140988 61412 52221 51413 1088834 992111 96723 606206 268885 79576 337321 808 75095 58532 16563 4361 495578 44851 33948 27863 492017 335420 147581 83734 4481 1396 264139
is_linear=1
leaf_const=0 0 0 0.00064388173161527011 0 0 0 0 -0.0087148690077607071 0 -2.9595713916234674 0 0 0 0 0 0 0 0 0 0 0 0 0 0 0 0 0.026566312151192054 0 0 0
num_features=4 3 4 3 3 3 3 3 3 4 3 5 4 4 4 3 3 3 3 2 4 3 3 3 4 5 5 3 4 3 4
leaf_features=1 4 8 9  1 4 8  1 4 8 9  1 4 9  1 4 8  1 4 8  1 4 8  1 4 8  1 4 9  1 4 8 9  1 4 9  1 4 5 8 9  1 4 8 9  1 4 7 8  1 4 8 9  1 4 8  1 4 8  1 4 8  1 4 8  1 8  1 4 8 9  1 4 8  1 4 8  1 4 8  1 4 8 9  1 4 5 8 9  1 4 5 8 9  1 4 9  1 4 7 8  1 4 8  1 4 8 9  
leaf_coeff=-0.00045139339775524478 -2.7434697612832398e-05 0.0026572619687264213 -0.000716131737120912  1.4273556509848278 -0.0025793434991641107 -4.3392489631718494  2.8335616681664061e-06 -7.4024866735339026e-05 -0.0044504899423676745 0.0011816824904748115  -0.0001505013878954839 0.0010986165457543828 -0.00084211176886179746  -0.00022181611301752037 -0.00049923167161548202 0.00043910818069924643  -0.00017751140998321092 0.0034337582500529652 -0.0031578930905419968  -0.0085209689237903067 0.0018366599816802714 0.025240607586620459  0.006304288590814622 -0.00072738227450143693 -0.017263144594016924  0.00012343408543226999 0.0010270904159855952 0.00035796859428838815  3.9299834062207678e-05 0.00011610784533727208 -0.00098387425565888971 0.00034347134285415141  -0.00029726873167135182 0.0019966545888308929 0.39293698212713934  0.0002114673537141584 -0.00086123358070430776 0.00014896700523059567 0.00046886654366797291 -0.00023606073694412699  0.00058233002736644422 0.0041769373357283092 0.0046417498114527337 -0.0036947900206840689  -0.0046682529589252121 0.021087544698293749 -0.020854797686945405 0.0011092576527062194  0.038351450740214954 0.00070593787939466496 -0.064615592513289896 0.002954833985805694  -0.03930923378502485 -0.010145987440746752 0.13422472828533502  0.0064460534119142217 0.00013006645235993374 -0.011051724166981103  0.0011274234110331351 -1.3802193912199057e-06 -0.0013677529204498386  -0.011617613236152735 -0.0014971643018394294 0.022215660436547682  0.015740698652447007 -0.031427357464056629  -0.019200897740667036 0.00056149735088570905 0.040195596059419358 0.0051488163868604886  0.0018534823970735026 0.0014270887400203826 -0.0048095104037313881  -0.06677532621733917 0.00057322504521484241 0.21122310898572325  -0.00013576655263509708 0.00029920038437094291 0.0014379385950331171  -0.00013039738008112299 0.0061596924075118078 -0.0032070538788772753 -0.0021996197961103195  0.00010215999931624475 0.00035884057464277003 -0.00026500160432584019 0.0018600432592707772 -0.00092586789246552339  -0.00021444890703343152 0.00049712856064251874 0.00038416347034003485 -0.00050028910503899791 -0.00051936720571928445  0.004100131721452272 -0.00028758351285693709 -0.0062441020307058455  -0.00013308357134418359 0.0082320533858592174 -0.0093867352243307781 0.0022205604755072272  0.36592380801330365 0.0083511685265708745 -1.1887515382992206  0.00054535318867991029 8.2207469949238671e-05 0.0039373075259668605 -0.0013629708409629072  
shrinkage=0.1


Tree=40
num_leaves=31
num_cat=0
split_feature=1 9 9 5 8 5 4 9 1 7 9 4 4 8 4 0 4 5 5 4 7 8 7 6 6 5 6 9 4 8
split_gain=62.5855 28.3693 12.8386 10.4837 9.30233 7.06907 7.61833 6.47465 6.3857 4.25789 4.11612 3.99529 3.84905 4.00866 3.5564 3.36074 3.78539 4.46354 22.9631 51.4116 27.606 17.3717 9.93613 6.49493 6.28948 11.1469 5.44315 5.59523 3.78787 3.50237
threshold=4.166635176627655 6.679421601977551 7.2898656427851929 11.623540650546035 3.0000000000000004 11.975718786716852 6.463808880305316 6.0514929658566965 6.2015223456153068 5.6392887823560462 7.5121052670435509 4.1820210059610323 6.0124911652234827 3.0000000000000004 6.3552388507466224 1.0000000180025095e-35 2.8617925509761908 9.497547328764556 9.5391763832008447 2.8029010331479989 5.7546300559679597 3.0000000000000004 5.6552680625242528 7.028773815326308 6.937418885832872 9.5193312890754243 6.9681151594426796 6.3204042442512467 1.7005986908310777 3.0000000000000004
decision_type=2 2 2 2 2 2 2 2 2 2 2 2 2 2 2 2 2 2 2 2 2 2 2 2 2 2 2 2 2 2
left_child=1 5 7 4 -3 15 14 -2 11 -6 -4 -9 13 -10 -7 16 17 28 19 20 21 22 24 -22 25 -19 -26 -28 -1 -18
right_child=2 3 10 -5 9 6 -8 8 12 -11 -12 -13 -14 -15 -16 -17 29 18 -20 -21 23 -23 -24 -25 26 -27 27 -29 -30 -31
leaf_value=0.00055750155150971991 0.0039574493840362369 -0.00024960361546630443 0.00035171699042883955 0.00055781536023021938 -0.0010433998344902393 0.0014301960389528955 -0.014909485611650682 0.00044647597209269518 0.0032416503703617365 -0.00049766946694663897 0.0018673133368653579 0.0024327035501712224 0.0075788293316234219 0.0016791840138765486 0.0038658570422042274 -0.0010436549338235413 0.0013792483474596425 0.098052825561317156 -0.00032112582523023914 -0.0033330238755590567 -0.0059811489187405077 -0.0020971735460916532 0.092339469568851668 0.042994496220832366 0.098719785043171471 0.014260760220614347 0.078346993175979998 0.034486201732899201 -0.00042933930299820209 0.00045834401563621006
leaf_weight=64718 17514 563191 81394 94039 345966 28000 270 34688 30985 243657 22978 14303 1475 34932 7628 16363 55906 20 4987 683 133 50 78 34 35 77 52 66 97483 158057
leaf_count=64718 17514 563191 81394 94039 345966 28000 270 34688 30985 243657 22978 14303 1475 34932 7628 16363 55906 20 4987 683 133 50 78 34 35 77 52 66 97483 158057
internal_value=0 -0.000214927 0.0015168 -0.000457439 -0.000540257 0.00048077 0.00182486 0.00216489 0.00189513 -0.000817881 0.000685383 0.00102636 0.00252669 0.00241364 0.00195167 0.000359764 0.00041982 6.51814e-05 0.00269517 0.0149446 0.0378503 0.0528097 0.0611797 0.00398994 0.0514578 0.0315375 0.0640871 0.0538147 -3.5591e-05 0.000698965
internal_weight=1.91976e+06 1.68149e+06 238269 1.24685e+06 1.15281e+06 434640 35898 133897 116383 589623 104372 48991 67392 65917 35628 398742 382379 168416 6215 1228 545 378 328 167 250 97 153 118 162201 213963
internal_count=1919762 1681493 238269 1246853 1152814 434640 35898 133897 116383 589623 104372 48991 67392 65917 35628 398742 382379 168416 6215 1228 545 378 328 167 250 97 153 118 162201 213963
is_linear=1
leaf_const=-4.2597466592475545e-05 1.1685444993432612 0 -0.0060241490554247441 -0.0073468524016913513 0 -0.0094671933529866699 0 -0.0034715235907404555 0 0 0 0.010172830138938771 0.044998011916015913 0 -0.013216418254296515 0.0014518612053304736 0 0 -0.089038154561752597 0 8.7782826839829795 0 0 -287.49275418221953 0 0 0 0 -0.0023675571668608343 0
num_features=3 2 4 2 3 5 4 4 3 4 5 2 3 3 4 4 4 4 5 3 3 5 5 5 5 4 5 5 5 3 4
leaf_features=4 5 9  1 9  1 5 8 9  1 9  1 5 9  1 5 7 8 9  1 4 5 9  1 4 5 9  1 4 9  1 4 8 9  1 5 7 8 9  1 9  1 4 9  1 4 9  1 4 8 9  1 4 5 9  0 1 5 9  4 5 8 9  5 6 7 8 9  4 5 9  4 5 9  4 5 6 7 9  4 5 7 8 9  4 5 7 8 9  4 5 6 7 9  4 5 7 9  5 6 7 8 9  4 5 6 7 9  4 5 6 7 9  4 5 9  4 5 8 9  
leaf_coeff=-0.0012354965773065255 3.4817905973759387e-05 0.00030227613296199832  0.0003622470159966085 -0.19814778786385434  -0.00024337172461404564 -6.4329136812146803e-06 0.0016419010048717821 -0.00047258080957945925  0.0003596827705653394 0.00056280646809270252  -0.00063006796856026476 0.0013072432279934377 -0.0010849240696539698  -0.00017414667572581075 2.0093782151036842e-05 -4.9661402973555286e-05 0.00072338882396607576 -0.00052477424167591831  -0.00096672519148387486 -0.0012128956481296084 0.0021397344575135868 -0.0013012508490747978  0.0031751146749268381 0.014774666449318375 -0.0075127967734374586 -0.0031827556919779456  -0.00029813433259449906 -0.00024416433707925947 0.00086210753959833908  0.0012563605228096408 0.00057064764217865311 -0.0016722174901953046 -0.00038904877252332604  -0.0005419699182890416 0.0003728180058613043 0.0013489517530494832 -0.0017874859570666591 -0.00064192971968968227  0.001116468712321933 -0.00064619296076258437  0.00077278425552356758 0.00082701418748574735 -0.0023285111766402134  -0.00047119799332513425 0.010494190080027188 -0.014360822993557766  0.00093485732110225187 0.00039834412451685702 0.00084514747710717764 -0.0013067361725642712  -0.0029454645029371122 0.0061817594399244061 0.00097487690345694495 -0.0055447635479941582  0.0013299166844039257 0.0017941680840325735 -0.00010045535394992075 -0.0012855494737288977  -0.00065325054246520445 0.00064213196867582705 -0.00045992483036250142 -0.00021671707414469001  -2.7525302562801701 0.18662460358452224 -0.050770993487758889 13.017583650603411 -0.12055025616774628  -0.0062020366735049022 0.010017329686702903 0.001460384171008472  0.029711407231053946 -0.0049475126891065369 -0.0066116180093609873  -18.426712140021845 16.767223087884485 -17.229699874459765 -0.0063061175737182396 0.017167923817413566  0.02652404482885027 -0.036025805576063163 -0.01210613509776113 0.076557847587539474 0.0053715629694556684  -0.072315390616653735 -2.3436038310308525 0.31473879123190757 10.358515400886084 0.01723526363456216  1050.4370176136495 -964.68909070491793 962.41768451929102 1.0143225911131595 -0.045066033994226019  -3.8158478935816675 1.09131891557372 -0.0021323700243755183 -0.033484995852467135  -8.5862597407150698 -0.057532132250254268 0.01716050994724725 41.173000346911479 -0.028878239720023305  -277.33606527224185 255.33001480102541 -255.7259234942496 0.14669277707380388 13.448177453246899  -11.434350511524826 11.567696999572219 -10.319607948046178 0.0099179238053238809 -1.2951409903063906  -0.00063400512475459358 0.00027133885611491104 0.00019209424091735095  0.00041924499138257384 -0.00020648905897634464 0.0013521905343966802 -0.00073076274259064602  
shrinkage=0.1


Tree=41
num_leaves=31
num_cat=0
split_feature=1 9 4 9 7 1 6 5 4 8 4 4 4 8 6 5 5 7 7 0 4 5 8 6 7 7 7 5 5 6
split_gain=50.6943 23.3764 10.4441 10.4047 5.72352 5.23523 4.55948 4.32103 5.08137 4.12897 4.07848 3.96568 5.53473 4.68198 7.92044 21.3004 33.9929 7.7485 4.63433 3.92007 3.8841 26.9976 43.239 22.7846 7.32382 27.1675 9.33254 5.2542 6.51999 4.02915
threshold=4.166635176627655 7.0413885088913739 5.5702492679694311 7.2795765870410243 5.6665210186486688 6.2015223456153068 6.8070436626251576 12.063702303823005 6.2412495553129679 3.0000000000000004 3.7494348669884658 2.8617925509761908 1.7005986908310777 3.0000000000000004 6.3997657440457418 9.5193312890754243 9.497547328764556 5.72624194839356 5.4617018978108733 1.0000000180025095e-35 2.3502401828962087 9.5391763832008447 3.0000000000000004 6.9125861838978802 5.7340372447439654 5.6128616676816723 5.2507916655164264 9.3994306351091268 9.497547328764556 6.9681151594426796
decision_type=2 2 2 2 2 2 2 2 2 2 2 2 2 2 2 2 2 2 2 2 2 2 2 2 2 2 2 2 2 2
left_child=1 2 6 5 7 10 11 8 9 -3 -2 12 -1 14 -13 16 -16 -18 -17 -6 -8 22 23 24 25 26 -22 -25 -29 -30
right_child=3 4 -4 -5 19 -7 20 -9 -10 -11 -12 13 -14 -15 15 18 17 -19 -20 -21 21 -23 -24 27 -26 -27 -28 28 29 -31
leaf_value=0.00049894727323934252 0.0005657015605250135 -0.0004634930374123724 0.0015563340927098343 0.00062379744342086648 -9.6770498591195603e-05 0.002490700503438924 0.00022548675050992033 0.00050010174050167092 0.01212247655569733 -0.00097199897576257476 0.0023331131459086436 0.00075767560091987351 -0.00059924244856076746 6.801844032035181e-06 0.0078691755082005658 0.032619105904545309 0.13497538435040043 0.064826080695756017 -0.00040386348614789632 -0.0017181507629344805 0.061180456080991368 0.0010808378767597738 -0.00018411957484343243 0.095587314408400958 -0.00078593746704213761 0.083883564115967604 -0.0029941222293579832 0.015146961877512377 0.088847770690917982 0.051766427887810607
leaf_weight=65183 35309 310440 57858 105499 341222 76744 37037 30466 308 328806 20717 101478 155072 206016 107 46 32 31 558 15593 27 29747 838 29 136 64 141 43 35 180
leaf_count=65183 35309 310440 57858 105499 341222 76744 37037 30466 308 328806 20717 101478 155072 206016 107 46 32 31 558 15593 27 29747 838 29 136 64 141 43 35 180
internal_value=0 -0.000193434 0.000273531 0.00136512 -0.000491147 0.00195417 0.000149167 -0.000663437 -0.000718864 -0.000725051 0.00121925 4.98215e-05 -0.000274241 0.000281361 0.00083454 0.0109121 0.0421813 0.100457 0.00211113 -0.000167626 0.000918187 0.00173943 0.0148614 0.0341104 0.0176396 0.0284407 0.00731965 0.0552299 0.0506936 0.0578029
internal_weight=1.91976e+06 1.68149e+06 654658 238269 1.02684e+06 132770 596800 670020 639554 639246 56026 528523 220255 308268 102252 774 170 63 604 356815 68277 31240 1493 655 368 232 168 287 258 215
internal_count=1919762 1681493 654658 238269 1026835 132770 596800 670020 639554 639246 56026 528523 220255 308268 102252 774 170 63 604 356815 68277 31240 1493 655 368 232 168 287 258 215
is_linear=1
leaf_const=0.00097352920865738661 0.010080692289974791 0 0.0021768698862389968 -0.05013910772108119 -0.008666386128724125 0.0058807617199397207 0.023258489592375666 -0.059768730921599914 0.45358670496852938 0 0.013384638482918111 0 0.0011332834547737481 0 0 0 0 0 0 0.0045221432873120198 0 -0.054775000559838818 0 0 0 0 0 0 0 0
num_features=4 3 6 3 2 2 2 3 4 5 6 3 5 4 5 5 6 6 6 6 4 5 4 5 5 6 6 6 5 3 5
leaf_features=1 4 6 9  1 4 9  1 4 5 7 8 9  1 4 9  1 9  7 9  1 9  4 6 9  1 5 7 9  1 4 5 7 9  1 4 5 7 8 9  1 4 9  1 4 6 8 9  1 4 6 9  1 4 6 8 9  4 5 6 8 9  4 5 6 7 8 9  4 5 6 7 8 9  4 5 6 7 8 9  4 5 6 7 8 9  0 1 7 9  5 6 7 8 9  4 5 6 9  4 5 6 8 9  4 5 6 8 9  4 5 6 7 8 9  4 5 6 7 8 9  4 5 6 7 8 9  4 5 6 8 9  4 5 9  4 5 6 8 9  
leaf_coeff=-0.0004664294301012062 -0.00084175292769256705 -7.7420166964695122e-05 0.00016209533122759913  -0.00056810274767515878 -0.00029421962427565295 -0.00088693751556081233  -0.00017287528832492477 0.00015768343968763227 -0.00021328300754362898 0.00013398860131942636 -0.0017527871380545791 0.00050288675903353841  -0.00094934794240525151 0.00048255377845614068 -0.0005358350350692431  0.00052047557944299441 0.0064000536307800004  0.0007673567685265837 0.00055406156846572469  0.00070334644882634749 -0.0012226236278714997  -0.0013385058622813807 -0.0033195656182304356 0.00036869784994228026  -0.00018502069655396971 0.0023200964971886728 -0.0019068275223473208 0.0056952190826048193  -0.0077507812612644502 0.11687852388008652 -0.19842305054881992 0.22294070101158925 -0.0048337603039854578  -0.00012812511530597669 0.00014211122283844837 -9.3030349764987313e-05 3.1382483258859604e-05 -0.0017814894753282575 0.00085859168391184688  8.4405261859732414e-05 0.00069519220422279706 -0.0021929893200589357  -0.00036031648228490348 -0.00014115316365371987 -0.00059049524831317418 0.0046751472408352651 -0.00069545167261607095  -0.00046463939631425922 -0.00014388047744335608 0.00013460034477039972 -0.00032288796685585601  -0.00054144478777852392 0.00024003731987581588 -0.00071067143932670258 0.0018575905677165644 -0.00062856397233588971  -0.07113043550174801 -0.14652555147454202 -0.036430890782988536 0.98105774988975158 -0.019881945102823553  77.189456954716121 -75.012684437238022 73.828877944675511 0.015542487527195149 -1.2495574595673249 -0.0354551708638823  -69.804030366800731 62.796414687714424 -66.137947710734451 -0.10121518083343517 24.451275623232505 -0.30843432168974233  153.47704863541875 -150.97185083177757 146.60660831856657 -0.1425019474972089 7.0234909660946876 0.010538696671102344  -0.03717857453025817 0.0096149155917581788 -0.019139014465381111 0.0028739173882224075 0.10403316115168787 -0.012767300415018168  0.00078876618585997931 0.00059276101068154042 -0.0010859832124642033 -0.00031564395625363064  -5.6074057995712794 -0.43406116603879358 0.073917992520114245 25.086273885131959 0.92752065721806509  -0.015147024069274907 0.015615333047531266 -0.007390999367372331 -0.00047355840033096457  0.010082230893056288 -0.00047060332083710411 0.013643978904397015 -0.031550195902673973 0.0015863848074658378  -0.31043255975463996 0.64780563365736732 -1.0796130701732125 1.6517345868326858 -0.14989185975967131  -0.10355245901182669 -0.0041742293311655574 -0.10460499214492223 -0.034263588392740518 0.5387929456704893 0.026447043196810061  -1191.9307450974593 1111.0816935818759 -1116.2123211540049 0.63003550315988832 163.97608731357468 0.087803380434775147  0.08199889066772599 -0.11031198303509626 0.051695552624818931 0.02508675427111693 0.29623808632527898 -0.043182479299310295  -63.334001347965568 58.130881606973347 -57.940280373376666 8.2401461828866331 0.039253759574333108  -3.4842765190977847 0.99436563909014242 -0.029185993742606799  -0.51696085411980519 0.56622612358914926 -0.32371110357566979 -0.7207575469761196 -0.048680269800733811  
shrinkage=0.1


Tree=42
num_leaves=31
num_cat=0
split_feature=1 9 8 4 4 4 1 1 1 7 1 1 4 1 4 1 1 8 0 4 6 1 5 4 8 9 5 4 4 4
split_gain=41.0664 18.8898 8.82067 12.7281 10.1294 8.6111 6.65518 6.57907 4.98085 4.69035 4.09072 5.88922 4.96249 4.83588 9.84734 4.01024 3.81884 3.76929 3.63079 3.68259 5.71231 3.48722 3.43038 4.1801 3.4857 3.33123 5.93379 3.40072 6.61696 5.56405
threshold=4.0689902272260703 7.0413885088913739 3.0000000000000004 4.0342014792848504 4.6959141240107813 5.344720891341141 5.9597150163265287 7.3450419472832715 7.6398827302766898 5.643597233502339 6.1147871526576338 6.2235673486733658 3.4811217321331038 6.0924398260614181 1.8688348091416842 8.0819387425566926 6.1036759135142775 3.0000000000000004 1.0000000180025095e-35 5.3821962081647756 5.9650135441805476 6.176905692078182 12.063702303823005 6.2412495553129679 3.0000000000000004 7.5038750479758836 12.481632157775154 6.1081352352533109 6.0879098011795767 6.2275238364393255
decision_type=2 2 2 2 2 2 2 2 2 2 2 2 2 2 2 2 2 2 2 2 2 2 2 2 2 2 2 2 2 2
left_child=1 5 3 6 7 17 -2 -4 -9 22 13 12 -12 -8 16 -10 -15 -1 19 -11 -21 -14 23 24 -3 27 -27 28 -24 -29
right_child=2 9 4 -5 -6 -7 10 8 15 18 11 -13 21 14 -16 -17 -18 -19 -20 20 -22 -23 25 -25 -26 26 -28 29 -30 -31
leaf_value=0.00039809386147161634 0.00055795451294614502 -0.0004256026572642932 -0.00025638443063140468 0.0061117580262823479 0.0019331617486736501 0.0012088283074265082 0.0034755483570007525 0.0039421112759014231 -0.0013471585977926166 -0.00020316469544747994 -0.002578534980282517 0.0022721226226362352 0.00052628126748359059 0.025813643131644956 -0.0035338671739783981 0.0071467742148401125 0.010460115563595829 -0.00011891393214008388 -0.0016131757705323336 0.0031171780790091152 9.7891385728222124e-05 0.016232714348544657 5.935055844594375e-05 0.01106078271803103 -0.00090684961345901616 0.0074435494913522044 0.06388145741962252 -0.0058928462953036428 0.0055139512787926483 0.00012866988555509297
leaf_weight=251475 37359 298364 78468 6717 43532 81159 6025 7126 4184 346910 4224 51183 327 324 310 641 324 321038 16763 8637 22828 249 6791 304 303708 165 21 1702 3307 15597
leaf_count=251475 37359 298364 78468 6717 43532 81159 6025 7126 4184 346910 4224 51183 327 324 310 641 324 321038 16763 8637 22828 249 6791 304 303708 165 21 1702 3307 15597
internal_value=0 -0.000175234 0.00122071 0.00189749 0.000679894 0.000244835 0.00161533 7.65114e-05 0.00226224 -0.000443098 0.0022427 0.00195803 -0.00139119 0.0045249 0.0111244 -0.000218742 0.0181369 0.000108181 -0.000173012 -0.000109209 0.000926672 0.00731604 -0.000612508 -0.000662443 -0.000668362 0.000477998 0.0138156 0.000387448 0.00184568 -0.00046377
internal_weight=1.91976e+06 1.67877e+06 240993 107042 133951 653672 100325 90419 11951 1.0251e+06 62966 55983 4800 6983 958 4825 648 572513 395138 378375 31465 576 629959 602376 602072 27583 186 27397 10098 17299
internal_count=1919762 1678769 240993 107042 133951 653672 100325 90419 11951 1025097 62966 55983 4800 6983 958 4825 648 572513 395138 378375 31465 576 629959 602376 602072 27583 186 27397 10098 17299
is_linear=1
leaf_const=0 0 0 0 0 0 0.00066576769734325589 0 0 0 -0.012363980468900771 0 0 0 0 0 0 0 0 0.0020229663244066389 -0.11221919205471523 -0.058429257682736949 0 -0.075912492186183303 0.34295087363580024 0 -11.101722580858041 29.985440925881267 -0.18593992245077973 -0.87379765020159539 -0.054271035574146968
num_features=4 3 6 3 3 3 3 3 3 2 3 3 3 3 3 3 2 3 4 4 4 4 3 5 5 6 4 3 5 4 5
leaf_features=1 4 8 9  1 4 8  1 4 5 7 8 9  1 4 8  1 4 8  1 4 8  1 4 9  1 4 8  1 4 8  1 8  4 7 9  1 4 8  1 4 8  1 4 8  1 4 8  1 4 8  1 8  1 4 8  1 4 8 9  0 1 7 9  4 6 7 9  4 6 7 9  1 4 8  1 4 5 7 9  1 4 5 7 9  1 4 5 7 8 9  1 5 7 9  5 7 9  1 4 5 7 9  4 5 7 9  1 4 5 7 9  
leaf_coeff=-0.00026588324892973421 1.8414563111300316e-05 0.0020640641436631469 -0.00056819585816797198  -0.00071731439822183142 -0.000161695792104117 0.0022725537059999994  -0.00016950680538629638 0.00012500865174746372 -0.00019067552121161202 0.0001251733809086341 -0.0016552133582457885 0.00047396075186001418  -0.00011863280523579864 -7.8747919684787903e-05 0.00014612459356396908  0.00042549769165707297 0.0033938779888444516 -0.005788563380798451  0.00041141948063882773 0.0013647488680734012 -0.0019927365599076486  -0.00076703593239695305 0.00071511028293229091 -0.00055776016718273589  -0.0046799041717832781 0.00064944920181265195 0.015425674104915289  0.00086639822667606843 -0.00068625766382830473 -0.00060214586405464847  -0.013124274473872788 0.025121760454666388  0.00011908122702425986 0.0016214459321193366 0.00031586127334755077  -0.021746147133478645 0.00032323957238930697 0.065695498243576372  0.0014662511385730383 0.00065705892448365702 -0.0041143538389480042  0.19870247268271726 0.014705063768034954 -0.6378660037628322  -0.00017989770567510279 -9.7440717388508355e-05 0.013455593481194229  -0.096548421128773043 -0.0015871095369794476 0.29555883018638268  0.014021508752779167 -0.028109956160562534  -4.4476477511147099 -0.0070702485840030251 13.591383613739163  -0.00050031850066936483 0.00012513405425564032 0.00070133208118866174 -0.00050601087638690726  0.00075094066639384014 0.00044274613725237558 -0.00080506143954472975 -0.0001173044576921356  5.7663440923239055e-05 0.0072527400172344159 0.015082189687873893 -0.0018405439138675208  0.001081169777057997 0.0038244616396876153 0.00027311263458256184 0.003640021606213917  0.33761845960971187 0.015032203173696957 -1.0659816654375391  -0.0023030427282615096 -0.01283307271288036 0.0075562804368373261 -0.00056482895611378316 0.0084507425209035935  -0.007676969428103142 0.10900686330754183 -0.1816266579739505 0.21452448943238098 -0.0042180154611884289  -0.00011898377803629297 9.5500531995089925e-05 -7.68733980913608e-05 3.7797982430676745e-05 -0.0015340342478362247 0.00073133676996874899  -0.001544081302823841 0.013734105474702574 -0.14761126004082145 1.5668474962367327  -0.42929656167962094 -0.29914500599552413 -3.0323653335450218  0.00088656071817379007 0.0074508302811636899 0.0068294081353998948 0.0061505512379969934 0.0020491701195680888  0.10631263547111303 0.00948633222776607 0.00098498490920064809 0.014602903715257298  0.0010716474968095128 0.0012290603332788419 0.004018584417921198 -0.0013222292423691329 0.00044477353830367776  
shrinkage=0.1


Tree=43
num_leaves=31
num_cat=0
split_feature=1 9 4 9 9 8 4 1 4 8 9 4 4 1 1 1 1 1 6 4 8 5 1 1 1 1 1 6 1 1
split_gain=33.5054 17.4305 7.36187 5.32716 7.86162 5.06028 7.10845 5.79787 4.13295 6.7866 6.66171 4.26089 3.87094 3.65276 3.36347 3.22597 3.95113 3.18472 3.09147 3.05921 3.61612 3.17321 7.97021 4.00357 2.97811 2.90452 5.95579 6.07675 3.04574 3.039
threshold=6.2235673486733658 7.0413885088913739 5.344720891341141 6.679421601977551 6.8867037674719667 3.0000000000000004 3.9019216517693867 5.9255909116924723 5.3821962081647756 3.0000000000000004 7.506969323426115 3.7256208424938388 4.1820210059610323 6.1257762875041957 3.7012257604091228 8.0819387425566926 7.6884552516289064 5.1387309967764621 5.5337252969540875 6.1409609789068069 3.0000000000000004 7.364230257830731 6.2719327192022343 6.788408362650876 5.7413980499943591 7.4051916194077991 6.8971996373756754 5.7561799571635044 6.7339967759051547 7.2287511646834544
decision_type=2 2 2 2 2 2 2 2 2 2 2 2 2 2 2 2 2 2 2 2 2 2 2 2 2 2 2 2 2 2
left_child=1 2 5 15 -5 6 -1 17 9 11 -10 -3 -9 -13 -8 16 25 -7 -4 20 21 23 -23 -6 -19 26 28 29 -2 -28
right_child=3 8 18 4 19 7 14 12 10 -11 -12 13 -14 -15 -16 -17 -18 24 -20 -21 -22 22 -24 -25 -26 -27 27 -29 -30 -31
leaf_value=0.00038514666773634501 0.0027235879188009997 -0.00020877907961293942 -0.016683974117040635 -0.0088700559712195579 0.00027854277314588819 -9.5866354614055683e-05 0.0020010523342396665 -0.0054142328648523249 9.521836949544777e-06 -0.00068009727509638963 0.002965529433354294 0.0013312190486241893 0.00057189710146152216 0.012991743466212886 0.0062115756415814568 0.010171407872458568 -0.0018624125393271584 0.0032674244031641823 0.0011787411876980605 0.0047912670685731421 0.00059159123086126916 0.01468533989972275 0.0027399961067105494 0.0025996095210315418 -0.00075416716865982106 0.0050668636615775337 -0.002500888761464138 0.005003068394917938 0.0058275748304014944 0.0020253649969948864
leaf_weight=262020 15366 485821 97 774 15480 326458 6730 3365 89127 500495 8337 13755 1591 274 2642 555 1971 5412 83966 2377 49620 600 8088 14293 2791 4638 4929 2088 3980 2122
leaf_count=262020 15366 485821 97 774 15480 326458 6730 3365 89127 500495 8337 13755 1591 274 2642 555 1971 5412 83966 2377 49620 600 8088 14293 2791 4638 4929 2088 3980 2122
internal_value=0 -0.000111133 0.000280724 0.00157041 0.00116536 0.00016001 0.000481938 -9.72476e-05 -0.000359235 -0.000419799 0.000262377 -0.000159165 -0.00349254 0.00155896 0.00318801 0.00260698 0.00248735 -4.69667e-05 0.00115813 0.00125123 0.0011557 0.00188348 0.00356495 0.00139281 0.00189911 0.00274618 0.00236833 0.000264509 0.00336216 -0.00113871
internal_weight=1.91976e+06 1.79288e+06 695072 126881 91232 611009 271392 339617 1.09781e+06 1.00034e+06 97464 499850 4956 14029 9372 35649 35094 334661 84063 90458 88081 38461 8688 29773 8203 33123 28485 9139 19346 7051
internal_count=1919762 1792881 695072 126881 91232 611009 271392 339617 1097809 1000345 97464 499850 4956 14029 9372 35649 35094 334661 84063 90458 88081 38461 8688 29773 8203 33123 28485 9139 19346 7051
is_linear=1
leaf_const=0 0.027969834795597139 0 -0.14264004245123943 -0.47392691440538787 0 0 0 0 -0.0032892781984590782 0 -2.7656165540684015 0 0 0 0 -0.00052140709326238272 -0.10348381831549035 0 -0.0096582179987038334 -0.049431230600467307 0 0 0 0 0 0.18373769945333152 -0.0030546815815910124 0.005477154311216737 -0.023567045480831439 -0.050674064624661244
num_features=4 2 4 4 2 5 4 4 4 3 4 3 4 4 4 4 2 2 4 4 3 4 5 5 5 4 2 3 3 2 3
leaf_features=1 4 8 9  1 9  1 4 8 9  1 4 6 9  1 9  1 4 5 8 9  1 4 8 9  1 4 8 9  1 4 8 9  1 4 9  1 4 8 9  1 4 9  1 4 8 9  1 4 8 9  1 4 8 9  1 4 8 9  1 9  1 9  1 4 8 9  1 4 6 9  1 4 9  1 4 8 9  1 4 5 8 9  1 4 5 8 9  1 4 5 8 9  1 4 8 9  1 9  1 6 9  1 6 9  1 9  1 6 9  
leaf_coeff=0.00011827009828615401 -0.00010951565720930674 0.0016955129980208595 -0.0004234897556109618  -0.003892351059903021 8.7430836447355276e-06  5.4182315465667061e-05 -6.6217286831763222e-05 -0.003759844027370729 0.0010092129955779018  0.0020105921171181761 -0.0062147833978315253 0.0038913826325824631 0.02225747820461095  -0.0051818483451813394 0.073351307916439623  -0.0023131893322021978 0.0037371733554482224 -0.00087001612668331958 0.013143303217114389 -0.0014979560928845004  -0.00012615286378467119 0.00011133728234278844 0.00069033925217083791 -0.0004926961416230703  -0.00056404354907668534 0.0041156177501118331 -0.0045259015972848541 -0.00083398532843561581  0.011141277180673282 0.00014030618440032672 -0.021794572031247485 0.0021145996126829213  3.4868694102549239e-05 0.00055750366831975391 -2.8558952139837169e-06  1.1025474391137853e-05 8.5640298878714082e-05 -0.00068936751110539876 0.00024080701977675646  -0.00027323784254313922 0.0016992220370354973 0.36728577531175688  -0.00015253530140037984 0.0051838028801317942 -0.0055461694058312368 -0.00105079668470367  0.029859270649062859 0.0028369433866644259 -0.047408918697140569 -0.00066436191406263898  0.10615224674411686 0.012258615932314122 -0.39375290063368884 0.012751493564796591  0.0005646028880598328 0.0030542957128341544 0.0041765082356370444 -0.0028482321052677229  0.0058347005639005191 -0.0060243620306343008  0.013302511753767732 -0.00033494651471031037  0.0017972261642591513 -0.00042959325317367233 0.0034576679366351117 -0.0029337929892881091  0.00036674067595079268 0.00075669712785580989 0.0015007159340514999 -0.00044961103973022447  -0.00041471190223121292 0.010455371703540807 -0.0012675843281931165  0.00085444693897181461 0.000131109527358409 0.0041578404385778089 -0.003035718419591227  -0.15368640863277419 -0.007599575270855397 0.006868778748956395 0.45020202490150329 0.0050905071548378094  0.0045453171273640153 0.0013180253606160403 -0.00032069609393345914 -0.040555847214673695 0.0071555962824788825  0.00010030856536387135 -0.0036003621743261106 0.00077958956383454851 0.0017060620413737128 -0.00021451198836395236  -0.00086150700393700032 -0.0001399720428391614 0.001150743622599404 6.366944807773001e-06  -0.018063264371040333 -0.0066584245356714261  0.0012137858715444594 8.2547324635935681e-05 -0.0012698150472655102  0.010977564264633345 -0.0036291654039096958 -0.0089556227703288648  0.0046632550534013717 -0.00037805633978984512  0.0056972052119050433 -0.0008091012791846292 0.0017835724301153767  
shrinkage=0.1


Tree=44
num_leaves=31
num_cat=0
split_feature=1 9 9 4 4 4 8 1 5 8 8 9 6 1 1 4 1 4 4 1 4 4 0 4 4 6 5 7 5 5
split_gain=27.7917 12.3759 7.12398 5.57672 5.41552 5.3798 9.13518 5.39241 5.33759 5.08086 4.77771 4.45714 4.38065 4.27122 4.14153 7.92268 3.69761 4.99706 3.27039 3.11155 2.89906 3.80235 2.84466 2.8297 2.77777 5.38568 3.65674 2.86837 2.77534 14.7696
threshold=3.9796379800581989 6.679421601977551 6.0514929658566965 6.463808880305316 6.3359399913222516 4.2268071048866842 3.0000000000000004 5.9597150163265287 11.623540650546035 3.0000000000000004 3.0000000000000004 6.603745375804027 5.239200016477322 6.1147871526576338 6.0924398260614181 1.8688348091416842 6.2235673486733658 3.5408542930527882 5.0657496176235997 6.1036759135142775 2.8617925509761908 2.602003343538398 1.0000000180025095e-35 2.8617925509761908 5.6716020950760067 5.8164651897407635 12.161741897950774 5.670938446450708 9.497547328764556 9.5391763832008447
decision_type=2 2 2 2 2 2 2 2 2 2 2 2 2 2 2 2 2 2 2 2 2 2 2 2 2 2 2 2 2 2
left_child=1 3 24 4 22 6 7 -4 10 -7 20 18 -8 14 -9 19 17 -15 -11 -16 21 -3 23 28 -2 27 -27 -26 -1 -30
right_child=2 8 5 -5 -6 9 12 13 -10 11 -12 -13 -14 16 15 -17 -18 -19 -20 -21 -22 -23 -24 -25 25 26 -28 -29 29 -31
leaf_value=-6.9699265465340721e-05 0.0031462753265033526 -0.00010391675187052512 0.00023725981780710009 -0.0141056572990631 0.002860632652864438 0.0047252222618044916 0.00013993701997473844 0.0031876079525816172 0.0004194822644507626 0.0025019016077938911 -0.00056420982765339404 0.0011375857322725479 -0.0016926433225558071 -0.0023786470779204654 0.023687494048628445 -0.0035345813166350127 0.0017483463998681098 0.0083198661940717018 0.0086707123957357694 0.0096318558053295946 0.0001338533024224898 -0.00080871423280001178 -0.0010753040813746791 0.0005439058464034635 -0.01230239235516728 0.021985883572223513 -0.0095940500497818 0.017992112785577774 0.011907493016084942 -0.00033545058548558042
leaf_weight=162201 17324 234233 36207 268 8256 4962 54423 5598 93859 2393 587365 50773 17156 4073 316 280 47620 489 1341 314 213495 113704 15055 241256 387 110 55 34 1228 4987
leaf_count=162201 17324 234233 36207 268 8256 4962 54423 5598 93859 2393 587365 50773 17156 4073 316 280 47620 489 1341 314 213495 113704 15055 241256 387 110 55 34 1228 4987
internal_value=0 -0.000145133 0.000997458 0.00031509 0.000324016 0.000845283 0.000553641 0.00119699 -0.00030559 0.0016617 -0.000364829 0.00138282 -0.000299294 0.00178907 0.0042047 0.0104615 0.0014878 -0.00123188 0.00471732 0.016682 -0.000156239 -0.000334241 0.000274708 0.00032432 0.00291723 -0.00385413 0.0114592 -0.00985581 9.76284e-06 0.00208359
internal_weight=1.91976e+06 1.67591e+06 243855 433251 432983 225945 166476 94897 1.24266e+06 59469 1.1488e+06 54507 71579 58690 6508 910 52182 4562 3734 630 561432 347937 424727 409672 17910 586 165 421 168416 6215
internal_count=1919762 1675907 243855 433251 432983 225945 166476 94897 1242656 59469 1148797 54507 71579 58690 6508 910 52182 4562 3734 630 561432 347937 424727 409672 17910 586 165 421 168416 6215
is_linear=1
leaf_const=-0.0012809428962237135 1.1089305771980436 0 0 0 -0.014503820606506679 0 0 0 -0.0053426601314429337 0 0 0 0 0 0 0 0 0 0 0 0 0 -0.0024790428928720409 0.0027391326911327509 0 0 0 0 0.64616055024671371 -0.078462873364096811
num_features=3 3 5 4 3 3 4 5 4 3 3 4 4 5 4 4 4 4 4 3 4 5 5 4 2 5 5 5 5 3 3
leaf_features=4 5 9  1 4 9  1 4 5 8 9  1 4 8 9  1 4 9  1 4 9  1 4 8 9  1 4 6 8 9  1 4 8 9  1 5 9  1 4 9  1 5 8 9  1 4 8 9  1 4 6 8 9  1 4 8 9  1 4 8 9  1 4 8 9  1 4 8 9  1 4 8 9  1 4 9  1 4 8 9  1 4 5 8 9  1 4 5 8 9  0 1 4 9  4 9  1 4 6 7 9  1 4 5 6 9  1 4 5 6 9  1 4 6 7 9  4 5 9  4 5 9  
leaf_coeff=-0.00080018069755375906 0.00011495027530977216 0.0002977584513388816  -2.3685029941500347e-05 -0.00019180358635009223 -0.18767911303439178  -0.00022786066562912178 0.00041023978385805834 -0.00018311821919533196 0.0018461290419228616 -0.00043726887740030973  -0.00064847114410306733 -0.0002784879365712207 0.0034533187276531876 -0.00040791268292297844  0.0028536995773171038 0.009927330271361258 -0.013647814955933769  -0.0044033708677702404 0.0073899894486700651 -0.004772283046921566  0.0010407269791225585 0.0039449907956146694 -0.014744627385564524 0.0014328330997688933  0.00015417818201504389 0.0016773431151471752 -0.0012938472333144926 -0.0002462678212109798 1.9825955374787319e-05  -0.0029732626059854939 0.00056433727013466132 0.010571713179118092 -0.00010110487230048372  -0.00056837572800091528 0.00086626817423066105 -0.00064634045038148853  0.00029996871152300486 0.0032074294975291463 -0.0022084858785423656  -0.00025489363927061226 6.327632611507087e-05 0.00032495033062964753 -0.00033013532585250975  0.00034285685415734186 0.0011462053343728139 0.00033743047429770636 -0.0011356563442707303  -0.00015752173775380115 0.0013580773586703836 -0.00065974759554193936 0.0022985089305495479 -0.0014978354154841389  -0.017830421907131633 0.00044983334961731032 0.053301577900800812 0.00010214817982230341  -0.027632999299012796 -6.4640290864259603e-05 0.10416246022714973 -0.0022331124980397021  -0.079958328577103721 -0.0011310166390068976 0.25730077690711467 -0.0037032281790774892  0.0010349431029564344 0.00056837893593080153 -0.0011805657119679403 -0.00047307876150135545  0.25890016575107133 0.016478786143728649 -0.81639674111854754 -0.002690285734083453  0.0018482283596852668 0.0037352995377720969 -0.0038262503298985176  -4.0647974143002505 -0.0064458753242810259 12.421162724101508 8.7002921494239169e-05  -0.00049748761593635706 -0.0017402118793270816 0.0015668931250524343 -0.0020755888712690631 -0.00056149789010069844  -0.00041071848693899002 -0.00144936498046946 0.0011969709848613022 -0.0083909157001246012 0.0013394136619072851  0.0010572356294062724 0.0014533553774716741 -0.00014402683773385438 -0.00050829691802820596  -4.5185964994936412e-05 -0.00031711011570703662  -0.0027934024141715642 0.012174303446479941 -0.013304238110995925 -0.0067268754594238091 0.0075923253091502831  -0.0026435449206144157 1.8644714539072085 -1.8412205932648704 1.8586972651312637 -0.037010252790332744  -0.0027087566678062561 10.61572557813488 -10.528383312909865 10.639718036144041 -0.21670005642408796  -0.012119370999366198 -0.0087659015809549608 -0.10606041038481635 -0.043570647486194505 0.17127215061263998  -0.13848515574192674 -0.02199528976370857 -0.0070895921696291003  -0.0047741181266296008 0.0085048405193616453 0.0014750857775036375  
shrinkage=0.1


Tree=45
num_leaves=31
num_cat=0
split_feature=3 9 9 4 8 2 4 8 4 4 5 9 4 1 1 1 6 9 7 4 1 0 6 9 5 5 4 7 8 7
split_gain=22.9231 11.3555 7.63886 4.54318 5.52301 4.55323 4.52396 4.49363 4.12215 3.84541 3.83963 3.74264 3.20405 2.9463 4.20161 2.75242 2.61691 2.84386 2.60541 2.60371 2.65632 3.10911 2.55606 3.62527 2.26069 11.9634 29.5744 18.1465 12.1938 7.07959
threshold=2.2525782773356204 6.679421601977551 6.7382419808712832 5.3821962081647756 3.0000000000000004 5.9325103691036576 6.463808880305316 3.0000000000000004 6.3216667670889342 3.9219243190762363 11.114363968622387 7.5121052670435509 3.7256208424938388 7.3616929901185424 7.6170218111633607 8.4707131097874875 6.3090024549280033 7.3973316563438791 5.6371273086180986 2.8617925509761908 3.795426061844291 1.0000000180025095e-35 5.7272202484528396 6.603745375804027 9.497547328764556 9.5391763832008447 2.8029010331479989 5.7546300559679597 3.0000000000000004 5.6552680625242528
decision_type=2 2 2 2 2 2 2 2 2 2 2 2 2 2 2 2 2 2 2 2 2 2 2 2 2 2 2 2 2 2
left_child=1 6 -3 4 5 12 8 9 19 -2 13 16 -4 -9 -15 -16 17 18 -5 24 21 -21 -12 -24 -1 26 27 28 29 -26
right_child=7 2 3 11 -6 -7 -8 10 -10 -11 22 -13 -14 14 15 -17 -18 -19 -20 20 -22 -23 23 -25 25 -27 -28 -29 -30 -31
leaf_value=-6.5919097299571575e-05 0.0016480311549049477 -0.0090873079875840625 -0.00017627400473514725 -0.00012268929489975088 -0.0005144911261224603 0.0014742666690139294 -0.012331309269928764 0.00011781509438827195 0.002480182383396725 0.0047123579852170298 -0.0055130209684393361 0.0026452111024451203 0.0011679649432583218 0.0035428371335768124 -0.00075070785184588645 0.008861470263826372 0.0012068344906931868 -0.00057673641226575051 0.0014301267754634828 0.00048730849492708032 0.001726128171498716 -0.0012563406571872533 0.0067774132237986813 0.001787832930554412 0.039024418287351731 -0.00030190558741416342 -0.0031459199561905196 0.00063684856530256623 -0.0057836653646081686 0.073532728335032091
leaf_weight=173110 54332 977 562219 24968 599554 18157 282 57801 8813 4429 435 6705 18309 6571 5201 316 21372 45728 19049 240718 16417 10680 1604 15800 250 4987 683 167 50 78
leaf_count=173110 54332 977 562219 24968 599554 18157 282 57801 8813 4429 435 6705 18309 6571 5201 316 21372 45728 19049 240718 16417 10680 1604 15800 250 4987 683 167 50 78
internal_value=0 -9.93152e-05 -0.000248255 -0.000241693 -0.000299955 -8.51066e-05 0.000330636 0.00120226 0.000338467 0.001879 0.000748976 0.000350824 -0.000133879 0.000414738 0.00183453 -0.000200146 0.000212377 -2.44451e-05 0.000549315 0.000296255 0.000493714 0.000413234 0.00205844 0.00224769 1.35679e-06 0.00187523 0.0107167 0.0280896 0.0402182 0.0472307
internal_weight=1.91976e+06 1.77327e+06 1.31704e+06 1.31606e+06 1.19824e+06 598685 456235 146489 455953 58761 87728 117822 580528 69889 12088 5517 111117 89745 44017 447140 267815 251398 17839 17404 179325 6215 1228 545 378 328
internal_count=1919762 1773273 1317038 1316061 1198239 598685 456235 146489 455953 58761 87728 117822 580528 69889 12088 5517 111117 89745 44017 447140 267815 251398 17839 17404 179325 6215 1228 545 378 328
is_linear=1
leaf_const=-0.0010446712721258412 0 0 0 -0.0026456513819326233 0 0 0 0 -0.02810694185870375 0 0 0 0 0 0 0 -0.039374652087329313 -0.17088924682512927 0.0048945455550210683 0.0024560628353886838 0.0169581919826042 0.0020456288948230042 0 0 0 -0.070616586591521022 0 4.4257685886796025 0 0
num_features=4 3 2 5 5 4 5 3 4 3 3 4 3 5 4 4 3 3 4 5 2 4 5 5 5 5 3 3 4 5 5
leaf_features=3 4 5 9  3 4 8  3 9  2 3 4 8 9  3 4 6 7 9  3 4 8 9  2 3 4 8 9  3 4 9  1 3 5 8  3 4 9  3 4 8  3 5 6 8  3 4 9  2 3 4 8 9  1 3 5 8  1 3 5 8  1 3 8  4 6 9  3 4 6 9  3 4 6 7 9  4 9  1 3 4 9  0 1 3 4 9  3 5 6 8 9  3 5 6 8 9  4 5 7 8 9  4 5 9  4 5 9  4 5 7 9  4 5 7 8 9  4 5 7 8 9  
leaf_coeff=0.00024280682870502434 -0.00073810436780946762 9.4799513108589226e-05 0.00026432531785031756  0.00013526440596430545 9.6974432355966157e-05 0.00046662961598356589  0.0036072262781861198 -0.0013600963055480442  -8.9776385659668658e-05 0.00034304482923268564 -8.0579836150837875e-05 0.00042769877313009186 -0.00011107278181368142  -0.00019522003456765998 0.00044109635126499125 -0.00016183593342164668 0.0022086811624783208 -0.0016080342655477864  0.00037544100477126109 7.2979768011576353e-05 0.00040622123345310793 -0.00032603029282820553  -0.00077434991898129581 0.00010830110860791665 0.00067978492620060092 -0.0031023689931846121 0.0015991995249615698  0.0048584651780715672 0.010721571458518042 -0.014216741199186346  -0.00012454121470279605 -5.011795055677766e-05 2.8790463449391843e-05 0.00025213416123963595  -0.0048987605109006797 0.0085984574448985992 -0.0038995199845732968  0.00036985065363986382 0.0025704571672652502 -0.0042136984979050498  -0.0017358112271943949 -0.0072431815551093244 0.024044526578984461 -0.012367772435074188  -0.0012968997974564913 -0.00059683289695755537 0.00082514762466185949  -3.4354506035530478e-05 -0.00043181107924601116 0.0034961155073338851 -0.0031399099640617937 -0.00085169267253890632  0.0017254570210944566 -0.00065313822223540547 -0.00015669249367935014 -0.0014106769804584475  0.00026845570439384405 -0.0023626983114380497 -0.00050355023605777366 0.0025406714952761257  0.023784890502598445 -0.0048321274750946948 -0.043521184817571168  0.00067615397413262057 0.0060048282993523834 -0.00024030018632186236  -0.00028452099713383028 0.0015313922704269789 0.0026684658615773295 0.019489767265187655  -0.001423726952417839 7.5723213045142407e-05 -0.0047037785914642921 0.0065900823307941895 -0.0018356152445453411  -4.5507214184459593e-05 -0.00028104381629527885  0.00010704346742211601 -0.00011879782110852111 0.00091614536885037271 -0.0030873288057499783  -0.003829220956427504 0.0011535068539500844 0.00084928068426133325 7.8804500620672033e-05 -0.00066877266012029815  0.0009464158602005585 0.0027825025835037211 -0.0031066677568423518 -0.010526470056057047 0.0048964125180138048  9.0576813044074979e-06 0.0025619801271716037 -0.0076363786322516175 0.0074860639645501163 -0.0018230251317766122  -0.086693101547223428 -1.9844745174452385 -0.041229262689561709 9.8254443262040922 -0.041017464344767524  -0.0042967060820135686 0.0076543564708793088 0.0013275771785236257  0.016303137451251361 -0.0019082919413656364 -0.0050991908883837762  -0.11760204183040797 -0.4164112626866654 -0.03182819429366681 0.0075548426433833527  0.037484145069378048 -0.030631447776227106 -0.010650010107627362 0.053812974971121724 0.0053570863848777074  -0.051667860934231771 -1.8307124424213754 0.28188028268886284 7.9785934256757685 0.01504380236572871  
shrinkage=0.1


Tree=46
num_leaves=31
num_cat=0
split_feature=3 9 4 4 9 7 9 4 4 4 4 9 8 6 5 5 7 7 2 9 5 5 4 7 8 7 7 6 7 7
split_gain=18.5734 9.43694 4.35404 3.85942 3.67397 3.25508 2.74749 2.74018 3.72841 9.26981 3.23626 6.25599 2.80764 6.07996 17.2695 27.5164 6.46807 3.80997 2.77677 2.67595 2.6733 9.53126 23.7729 14.2404 10.7588 5.73447 4.23559 4.59115 8.56526 3.22176
threshold=1.9472291241451731 7.0413885088913739 2.8617925509761908 1.7005986908310777 7.2898656427851929 5.6665210186486688 7.511080186386546 5.9750802605835984 6.1081352352533109 6.2275238364393255 6.0879098011795767 6.5616743209359241 3.0000000000000004 6.3997657440457418 9.5193312890754243 9.497547328764556 5.7599013727787076 5.4284635715889005 5.8751062618350529 7.4288156915628631 9.497547328764556 9.5391763832008447 2.8029010331479989 5.7546300559679597 3.0000000000000004 5.6552680625242528 5.4959890894727748 6.937418885832872 5.2507916655164264 5.2911788849792663
decision_type=2 2 2 2 2 2 2 2 2 2 2 2 2 2 2 2 2 2 2 2 2 2 2 2 2 2 2 2 2 2
left_child=1 2 3 -1 -2 19 -6 12 10 -10 -9 -12 13 18 15 -15 -17 -16 -4 -3 -5 22 23 24 25 26 27 28 -22 -29
right_child=4 5 7 20 6 -7 -8 8 9 -11 11 -13 -14 14 17 16 -18 -19 -20 -21 21 -23 -24 -25 -26 -27 -28 29 -30 -31
leaf_value=0.00039686653259228365 0.0014656106858356769 -0.00053733556303088711 0.00058603710073606714 -0.00046251860335079048 8.2382096046275518e-05 -3.4586859751877266e-05 0.0017824532748415016 0.0010261122981940177 -0.0040299641722787456 0.0014962301983398756 0.0013386647493385273 0.0086226714061858056 0.00015607025325313874 0.0068695634324973985 0.035239293850463586 0.11616142999969031 0.050668268978595735 -0.00021806565903850111 0.0030721461570246147 -0.0001273148840915648 0.060085830562175327 -0.00029189413465328392 -0.0028110012283981017 0.00057316299104048112 -0.0045617040125969718 0.066179456045994386 0.0038916966003189621 0.025838006216705452 -0.0092130291320028767 0.060240581993565183
leaf_weight=97382 91686 471632 106235 170131 44848 373971 12063 4265 3610 19071 2463 2262 268078 107 32 38 25 572 4691 240256 31 5094 698 167 57 78 37 37 42 103
leaf_count=97382 91686 471632 106235 170131 44848 373971 12063 4265 3610 19071 2463 2262 268078 107 32 38 25 572 4691 240256 31 5094 698 167 57 78 37 37 42 103
internal_value=0 -9.0092e-05 0.000200464 -0.000108494 0.00107386 -0.000273468 0.000442733 0.000406105 0.00129975 0.000616659 0.00302313 0.00482574 0.00033158 0.000752801 0.00958502 0.0377405 0.0901721 0.00166047 0.000691173 -0.000398957 -0.000387361 0.00162818 0.00945289 0.0249605 0.0355389 0.0425076 0.035122 0.0405469 0.0202153 0.0511485
internal_weight=1.91976e+06 1.77116e+06 685306 273857 148597 1.08586e+06 56911 411449 31671 22681 8990 4725 379778 111700 774 170 63 604 110926 711888 176475 6344 1250 552 385 328 250 213 73 140
internal_count=1919762 1771165 685306 273857 148597 1085859 56911 411449 31671 22681 8990 4725 379778 111700 774 170 63 604 110926 711888 176475 6344 1250 552 385 328 250 213 73 140
is_linear=1
leaf_const=-0.001740125349934818 0.0069950194151227503 0.010147845176023651 0 0.00019962263574977435 0.01310663908037526 -0.0063511361618535656 -1.0720930457115174 0.045923589239993137 -0.031680465964927865 0.003764499161176005 0.29895793869436604 -0.17650559346511729 0 0 0 0 0 0 0 0.036885367967812499 0 -0.062528087482936104 0 3.9831916885010288 0 0 0 0 0 0
num_features=3 2 3 6 4 2 3 2 3 3 3 3 2 4 5 6 6 6 6 6 3 4 3 3 4 5 5 5 6 5 6
leaf_features=3 4 9  3 9  3 7 9  2 3 4 6 8 9  3 4 5 9  3 9  3 7 9  3 9  3 4 9  3 4 9  3 4 9  3 4 9  4 9  3 4 8 9  4 5 6 8 9  4 5 6 7 8 9  4 5 6 7 8 9  4 5 6 7 8 9  4 5 6 7 8 9  2 3 4 6 8 9  3 7 9  5 6 7 9  4 5 9  4 5 9  4 5 7 9  4 5 7 8 9  4 5 7 8 9  4 5 7 8 9  4 5 6 7 8 9  5 6 7 8 9  4 5 6 7 8 9  
leaf_coeff=3.3563201376610178e-06 -0.00017797568530350215 0.0003609288218213158  9.6072123964349729e-05 -0.00088469057730872214  0.00049221477121668203 3.6105020701934777e-06 -0.0014588668885009426  2.102355784487e-05 -5.4087450428666044e-05 -7.4832409189189156e-05 -0.00067477217394296964 0.0042158287750084121 -0.00055536439403809374  -0.00076710958499319785 2.3085589622620294e-05 6.6674828153204249e-05 -0.00019182676472190852  -4.0517225542215098e-05 -0.0017322482926030336  -0.0004064352950649792 0.0005199379164485138 0.00044486784510499867  0.00014564428191263801 0.14284965842962266  -0.0045975361415804272 -0.0075580319821661138 0.00012851833729247698  0.0052315568774473856 0.0087721966814342522 -0.004154188037865803  0.0010850868946128106 0.0011379521136376525 -0.0014677375236895884  -0.0044289921943429624 -0.053713002288077405 0.0049396485258996316  0.047946015734487452 -0.015794054798737991  -0.00032067609067335065 0.00021389507490206691 0.00043646646560442512 -0.00039041682393927833  -0.063999214086643538 -0.13187299900389457 -0.03278780148340843 0.88231627192277173 -0.017734766714207862  26.572168424190025 -26.416051437061835 25.554385466873647 0.09947836408369426 1.622475161411967 0.013327709507868235  -46.719822518766165 37.989275999483652 -44.244793837890029 -0.17155741836923541 35.871487807307133 -0.22488420783518565  161.66926675022697 -159.28642740915529 154.60450676094626 -0.084352649453069264 7.4857414989153774 0.13178874435980389  -0.025757402427392995 -0.0095105546925267296 -0.011297103041438156 -0.0034502760068373765 0.15954997574239582 -0.00912548248388057  -0.0047336732133275083 -0.0017149378212903855 0.0012882462510815504 -0.00059247495821483783 0.013961287187390647 0.00061366243224931789  0.00040415868931229578 -5.455842017751053e-05 -0.0048995404956539094  -4.5970135133247823 1.0827923629622092 0.40864640164618327 5.4074875156555215  -0.0039778187666815344 0.0070264164666494549 0.00085637217022830345  0.038252786585999669 -0.0095430838123871774 -0.0033190603325298886  -0.10584183790143059 -0.37477013265236114 -0.028645373998804936 0.0067993585222105857  0.033413887248074925 -0.014364129258684244 -0.0091809280198937304 0.017655778153005033 0.0041797403463567752  -0.046501076759649609 -1.6476412050078246 0.25369224997896539 7.1807341324015148 0.013539421697706189  0.44122737114721639 -1.424286730600798 0.94168738241076333 3.3920767431286096 0.056964995907851625  -732.04910187099597 672.35943884752203 -677.11417866143461 -0.17395653505694497 120.82947723105264 0.045920035340915891  -4.9851711054344214 -0.17290253885441587 -0.032498031073868817 24.422749211184421 0.0058738441444194933  -16.934521629604934 16.475307749577041 -15.779539890963134 -0.19981265212128962 -0.32767672835470879 -0.095005487866866647  
shrinkage=0.1


Tree=47
num_leaves=31
num_cat=0
split_feature=1 9 4 8 4 1 4 1 1 1 1 9 9 7 1 6 1 1 1 1 4 1 1 1 8 4 6 8 4 6
split_gain=15.8763 8.09118 3.85521 3.15673 4.59828 4.5754 3.25898 3.12256 4.51251 4.90112 3.04192 3.28212 4.06435 2.79778 2.70915 2.56963 2.53335 2.38018 2.36299 2.29131 2.27482 4.69358 10.8421 2.82623 2.25143 2.1413 3.06441 2.15387 2.00928 1.996
threshold=6.2431950830594518 7.0413885088913739 5.5510178349084196 3.0000000000000004 3.9019216517693867 5.9255909116924723 4.1820210059610323 8.0819387425566926 7.6884552516289064 7.2851637305456958 6.9730746354109483 6.679421601977551 6.8867037674719667 5.6285799776984184 7.1510934607486316 5.5621979491835729 6.8971996373756754 6.176905692078182 6.7339967759051547 5.1387309967764621 1.0000000180025095e-35 6.1147871526576338 6.0924398260614181 6.1036759135142775 3.0000000000000004 5.3636340903656388 5.9621154252441331 3.0000000000000004 2.249904835165133 5.5858685367919128
decision_type=2 2 2 2 2 2 2 2 2 2 2 2 2 2 2 2 2 2 2 2 2 2 2 2 2 2 2 2 2 2
left_child=1 2 3 4 -1 19 -7 8 9 10 11 16 -13 20 29 -4 18 25 -2 -5 21 22 -3 -24 -19 27 -27 -15 -29 -12
right_child=7 13 15 5 -6 6 -8 -9 -10 -11 14 12 -14 17 -16 -17 -18 24 -20 -21 -22 -23 23 -25 -26 26 -28 28 -30 -31
leaf_value=0.00029822252268076006 0.0019956192164166473 0.00042027798248626345 -0.013200157089158893 -7.0043893736073586e-05 0.0025472807007742571 -0.0047311436398205899 0.00034184401301010808 0.0050633243585862858 -0.0017757552753221038 0.0026729272840724174 -0.0022928755385594789 -0.0072712780937696196 0.00085397708481697995 0.00011437152840637729 0.0012590371022019511 0.00098356687954915742 -0.001301575435444453 0.011365156477479234 0.0047372034955388519 0.0015809807301931337 -0.00042763704913443049 -0.0027416710532350043 0.018193183434580953 0.0061831337504781323 0.0016663301391347956 0.0016566610312060478 -4.7279661925292118e-05 -0.0011634223883114105 -0.00023683996811919175 0.00049326595619459963
leaf_weight=262293 14964 39763 128 349349 9417 3565 1964 1947 5488 18070 6980 622 60072 183817 6899 60399 1854 336 3980 8613 607497 4537 399 385 832 16853 28241 26696 189731 4071
leaf_count=262293 14964 39763 128 349349 9417 3565 1964 1947 5488 18070 6980 622 60072 183817 6899 60399 1854 336 3980 8613 607497 4537 399 385 832 16853 28241 26696 189731 4071
internal_value=0 -7.58738e-05 0.000190992 0.000118327 0.000376171 -7.44115e-05 -0.00292913 0.00108993 0.00102703 0.00115793 0.000882632 0.00114221 0.000770708 -0.000244801 -0.000295827 0.000953572 0.00222634 -5.19178e-05 0.00257161 -3.03182e-05 -0.000376775 0.000308583 0.00064989 0.0122954 0.0044564 -6.37419e-05 0.000589535 -0.000137344 -0.000351133 -0.00126651
internal_weight=1.91976e+06 1.79482e+06 695728 635201 271710 363491 5529 124947 123000 117512 99442 81492 60694 1.09909e+06 17950 60527 20798 446506 18944 357962 652581 45084 40547 784 1168 445338 45094 400244 216427 11051
internal_count=1919762 1794815 695728 635201 271710 363491 5529 124947 123000 117512 99442 81492 60694 1099087 17950 60527 20798 446506 18944 357962 652581 45084 40547 784 1168 445338 45094 400244 216427 11051
is_linear=1
leaf_const=0 0.02659122711835309 -0.0083392219785732632 -0.19791882450117557 0 0 0 0 -0.051786098313263557 -0.048610029928441635 0.0092805809099161252 -0.044347486393684223 -0.39714375181147266 -0.0041142354175093491 0 -0.059227372028050243 -0.0035409924347934666 0.10581371085263527 0 -0.025255226923502506 0 -0.0030895348276221315 0.19011331499021936 0.61803722432814545 19.850845689381824 0 -0.067995177340714016 -0.064088002497384985 0 0 -0.060798968973342943
num_features=4 2 2 4 4 4 4 4 1 1 1 2 2 2 5 1 4 2 4 2 4 4 2 2 2 4 5 5 5 5 2
leaf_features=1 4 8 9  1 9  1 9  1 4 6 9  1 4 8 9  1 4 8 9  1 4 8 9  1 4 8 9  1  1  1  1 6  1 9  1 9  1 4 7 8 9  1  1 4 6 9  1 9  1 7 8 9  1 9  1 4 8 9  1 4 7 9  1 9  1 9  1 9  1 7 8 9  1 4 6 7 9  1 4 6 7 9  1 4 7 8 9  1 4 7 8 9  1 6  
leaf_coeff=6.9764020672425568e-05 -9.0147298406013023e-05 0.0011299472279690137 -0.00026884705105208184  -0.004103451815459902 0.00033181426982702438  -0.00013144523467829711 0.0012714693621325602  0.0028561510301825079 -0.018593099530897918 0.033485848224790969 0.016397573851712366  -0.00012460352167929163 0.00010219204740587754 0.00039466558190120392 -0.00030500328292982077  0.00035486640168290126 0.0029363436447915393 -0.0010036648608359401 -0.0012628876935656176  0.013630518722171248 0.0001459762026265979 -0.025577016402505228 0.0021994360849527882  0.016445188180266454 0.0014005091211204525 -0.025993665913951459 -0.00036125907559632353  0.0066621232884944703  0.0059992823776367395  -0.00088309300931186394  0.0059547056627330622 0.00010565116612332032  -0.0037654503915906194 0.060892370975128077  0.0018866674940993368 -0.0010199495711158413  -0.00014438332764591115 0.0005202018972031427 0.0014291326307154135 -0.01063252751648678 0.0015782680570088138  0.0083815392688393331  0.00025407395557837528 -0.00016931649381367599 0.001263345302369312 -0.00034276371925970886  -0.0098122080576757767 -0.006171868271274872  0.31457956984593594 -0.023056156240378614 -0.90612748136789778 0.00042753769384518137  0.0044534498008317767 -5.829531525933796e-05  -0.0044594898829044081 -0.00023405822503894428 0.0089030950197695798 -0.0012764477148443087  -0.00010910073288742991 2.1519129152381205e-05 9.2632915733242155e-05 0.00029026413484727341  -0.028089523566382016 -0.0026062006610150235  -0.097139765159226954 -0.0010133611468916115  -3.2358570166732536 -0.010230642384753486  -0.017941949297371008 0.004402101761714872 0.021075576406627231 0.00047076746560286158  -0.00027904104977722959 -0.00063415764813663518 0.0052733608045638647 0.0071534871656488974 0.00029704640484524704  4.4264226240560711e-05 0.00078856643137968229 0.003345206388999883 0.0025800131347282654 0.0032422948763666027  -0.00033313506416699206 6.8257492816155282e-05 -0.00016251765822916794 -0.0013026473330093324 0.0006628954038929713  -0.00013213688713643431 0.00010652584861363859 0.0012748005692325309 -0.0018575359179778595 -7.1767264254463112e-05  0.010456029319265703 -0.0021172649886865625  
shrinkage=0.1


Tree=48
num_leaves=31
num_cat=0
split_feature=1 0 4 4 5 5 9 9 4 8 5 8 4 6 4 5 4 5 8 1 1 1 1 4 1 1 5 1 1 4
split_gain=13.069 5.79792 6.01547 5.14975 5.51594 17.9527 4.25959 3.89458 3.81579 4.94883 4.45987 3.5711 3.08179 8.89422 3.00306 2.97432 6.58645 12.1462 2.85438 2.75525 3.60529 3.87528 3.7764 4.38889 2.92832 5.1631 4.76715 4.73873 5.67723 6.75841
threshold=3.9796379800581989 1.0000000180025095e-35 2.8617925509761908 2.602003343538398 9.5193312890754243 9.5391763832008447 6.0514929658566965 7.0413885088913739 3.6505739029280164 3.0000000000000004 6.5978273652505841 3.0000000000000004 2.524928003624769 7.1508321594623085 1.0000000180025095e-35 9.3378096762532845 2.249904835165133 9.4179641108071355 3.0000000000000004 5.9597150163265287 6.1147871526576338 6.2235673486733658 6.0924398260614181 1.8688348091416842 6.4256787406815397 6.4669217251709874 7.6627028328308873 6.3638894301961892 6.3306113777081938 1.4978661367769956
decision_type=2 2 2 2 2 2 2 2 2 2 2 2 2 2 2 2 2 2 2 2 2 2 2 2 2 2 2 2 2 2
left_child=1 2 3 4 11 -6 -2 -4 9 19 -11 15 13 -7 -3 -1 -17 -18 -10 -8 22 -22 -21 -24 27 26 -26 28 -23 -30
right_child=6 14 7 -5 5 12 8 -9 18 10 -12 -13 -14 -15 -16 16 17 -19 -20 20 21 24 23 -25 25 -27 -28 -29 29 -31
leaf_value=8.654905496420158e-05 0.0021684734690021741 0.00046927215216193319 0.00035248021110220479 -0.00073669800081071135 0.042183284017875911 0.051995516368528699 4.2977538942074256e-05 -6.652764534679126e-05 0.0025871480999483418 -9.1051974697527045e-06 -0.0022315123633762229 -0.00043971635155642952 -0.0051014970416671662 -0.0021294357430221688 -0.0014291432421734381 -0.0054827006703073332 0.090317346958013689 0.0071254299746619336 0.00088691740142941313 0.0025077728472212867 -0.0019857068839702024 0.0030650602474534086 0.013902088362869804 -0.0029121258770775735 -0.0071331188587324791 0.0010867156249658998 0.0046632951555026078 0.0065606823001718891 -0.0087866879241122794 0.0073740415685510236
leaf_weight=293323 17910 10137 373033 185943 131 41 32731 547266 11771 53971 10844 218609 326 117 46813 88 26 54 61271 5099 4198 4308 630 206 1425 35250 451 2474 962 354
leaf_count=293323 17910 10137 373033 185943 131 41 32731 547266 11771 53971 10844 218609 326 117 46813 88 26 54 61271 5099 4198 4308 630 206 1425 35250 451 2474 962 354
internal_value=0 -9.95245e-05 -6.46394e-05 -0.000285872 -0.000122374 0.00934243 0.000684003 0.000103313 0.000566333 0.0002823 -0.000380929 -0.000133741 0.000453686 0.0119156 -0.00109123 9.41677e-05 0.0133961 0.0341628 0.00116092 0.000770303 0.00120035 0.000920687 0.00352916 0.00975887 0.00119048 0.000814663 -0.0042972 0.00291344 0.00130901 -0.0044395
internal_weight=1.91976e+06 1.67591e+06 1.61896e+06 698658 512715 615 243855 920299 225945 152903 64815 512100 484 158 56950 293491 168 80 73042 88088 55357 49422 5935 836 45224 37126 1876 8098 5624 1316
internal_count=1919762 1675907 1618957 698658 512715 615 243855 920299 225945 152903 64815 512100 484 158 56950 293491 168 80 73042 88088 55357 49422 5935 836 45224 37126 1876 8098 5624 1316
is_linear=1
leaf_const=0 0.95729151321575046 -0.0027631766524329141 0.0015915630146555839 0.002152154959698116 20.237956936191768 0 0 -0.000504815064885733 0 0 0 0 0 -4197.9526767730713 -0.0043904162400922658 0 0 0 0 0 0 0 0 0 0 0 0 0 0 0
num_features=3 2 2 2 1 2 2 4 2 4 5 5 3 2 3 3 2 3 3 4 4 4 4 4 4 5 4 5 4 4 4
leaf_features=4 5 8  1 9  0 1  4 9  4  4 5  4 5  1 4 8 9  4 9  1 4 8 9  1 4 5 8 9  1 4 5 8 9  4 5 8  4 5  4 5 6  0 1 4  4 5  4 5 8  4 5 8  1 4 8 9  1 4 8 9  1 4 8 9  1 4 8 9  1 4 8 9  1 4 8 9  1 4 5 8 9  1 4 8 9  1 4 5 8 9  1 4 8 9  1 4 8 9  1 4 8 9  
leaf_coeff=0.00018737667510299239 -4.3410561757094902e-05 2.9368732698323299e-05  -4.9679272602798363e-05 -0.16213815825176425  0.00065134233294429156 0.00081371277994941459  5.6907068428635814e-05 -0.00022728349500591161  -0.0010531630396802606  -0.17048412838071272 -2.0734506971290103  16.425124342041091 -4.2711574485758321  -0.00069436889244981978 -0.00041071719584670729 0.0019975889158890341 1.3927987026668769e-05  -4.084991048639792e-05 8.2395915092431382e-05  0.00090525974812453731 0.0020418860882248954 -0.0073985159008786551 0.00050964990990105547  4.5480289774847487e-05 -0.0055302823883543496 0.0013028934534634366 -0.00049123738308121535 0.00023262858176592094  -0.00020990962100407955 0.00072500252665894105 -0.00045506872172090975 0.0031399619187454154 -0.0016475614250974992  -0.00040861340923647473 0.000218310021283296 -0.00033414639955501452  -0.10018085814660936 0.026327612961927118  13960.724719238282 -12746.050939941408 12754.646033477784  -0.00012397743018073283 0.00057682127382419209 0.00034446527801802463  0.0052435319446885844 -0.0018146879982850806  -0.41215960324290113 0.32817291617611777 -0.98841426916915232  0.008722426847731413 0.45495966551982292 -2.1639504312602185  0.00018765410868792302 0.0011124151402510712 0.0015794697619853305 -0.0016944772543408928  0.011610559476912113 0.00048986705992701415 -0.034902395664182344 0.00026062649632676573  -0.0069609663298607297 0.00062943282034815949 0.01792793713309777 0.00064446892606195849  0.061488784721509551 0.0012804942450155407 -0.18403772483722333 -0.0022229751846071454  -1.1997948217645875 -0.0046636840092935559 3.6763367512441576 -0.0021656025372864818  -0.095472012893346669 -3.7838074061709306e-05 0.30464990555150706 -0.0041061083295527599  0.10963751540021537 0.0041609217349653617 -0.0011816648959731781 -0.33099939341434709 -0.0072209211237511898  0.0012074747297228863 3.9208703966118684e-06 -0.0054621387599601339 0.00049707899924305026  0.16808707621820509 0.0065017318292144802 -0.0028485253625647302 -0.54549026457404592 0.0024331042317255582  -0.11766660920543147 -0.0026020263150641795 0.38688880925531316 -0.0018154526511045433  0.62193226983376404 0.0022893108465422154 -1.9483729314594715 -0.0083029867191112498  0.051850742695826305 0.0015298931423945396 -0.16900336829878704 0.0016684966665823087  
shrinkage=0.1


Tree=49
num_leaves=31
num_cat=0
split_feature=1 9 9 4 8 5 0 4 7 1 6 8 1 1 1 4 1 1 1 1 1 4 4 1 1 5 6 4 6 5
split_gain=10.5859 4.9653 3.45027 3.09079 4.00855 3.61337 2.92519 2.6251 2.45258 2.71898 2.41323 2.31204 2.23277 2.62648 3.33011 4.41759 3.13897 2.37194 4.18692 3.83837 4.59856 5.47431 2.98734 2.79696 2.44931 11.1412 2.66017 2.21596 4.06779 2.88633
threshold=3.9796379800581989 7.0413885088913739 6.0514929658566965 3.6505739029280164 3.0000000000000004 6.9221510378135092 1.0000000180025095e-35 5.5510178349084196 5.5738334336280539 1.0000000180025095e-35 6.4462922781684737 3.0000000000000004 5.9467277988936109 6.1147871526576338 6.0810760527360186 2.524928003624769 6.2235673486733658 6.4256787406815397 6.4559841094561436 6.3638894301961892 6.3306113777081938 1.4978661367769956 2.1383330595080281 6.3534997185584592 6.2719327192022343 7.3182078735972 5.5533984337854738 5.6716020950760067 5.8164651897407635 12.161741897950774
decision_type=2 2 2 2 2 2 2 2 2 2 2 2 2 2 2 2 2 2 2 2 2 2 2 2 2 2 2 2 2 2
left_child=1 6 10 4 12 -6 7 -1 -3 -10 27 -5 -4 14 -14 -16 -15 19 22 20 24 23 -19 -22 25 -18 -26 -2 -29 -30
right_child=2 8 3 11 5 -7 -8 -9 9 -11 -12 -13 13 16 15 -17 17 18 -20 -21 21 -23 -24 -25 26 -27 -28 28 29 -31
leaf_value=0.00010095214694640313 0.0022041010905594579 -0.00038444717046763719 3.0709154487772483e-05 0.0023284329498823942 -9.9903933458624134e-06 -0.0020177535569358561 -0.0010053377225021666 0.0008096654808860958 -2.9341429529044306e-05 -0.0012250159258328423 -0.026386740732317171 0.00079822566237601174 0.001844957115399788 -0.0017871361956188908 0.01074746999137197 -0.0032945784129973115 -0.0040582585925872123 -0.0071759717103211376 0.000941854306322886 0.0059046140700312966 -0.011590702092046453 0.0066366375755455538 0.0039723400711532564 -1.3117294140720097e-05 0.0070790151979870783 0.013296972966315795 -0.00050410829268003002 -0.0092645260265358069 0.01861215939745307 -0.0094445995918729098
leaf_weight=572982 17294 503111 32244 11771 54070 10745 22082 57510 500452 19770 30 61271 5147 4198 985 290 1509 1070 35746 2474 656 354 310 306 1669 490 640 421 110 55
leaf_count=572982 17294 503111 32244 11771 54070 10745 22082 57510 500452 19770 30 61271 5147 4198 985 290 1509 1070 35746 2474 656 354 310 306 1669 490 640 421 110 55
internal_value=0 -8.9572e-05 0.000615603 0.0005097 0.00025407 -0.000342836 0.000125975 0.000165597 -0.000227025 -7.47807e-05 0.00195163 0.00104482 0.000693273 0.00107583 0.00297833 0.00755359 0.000828619 0.00107143 0.000733197 0.00262209 0.00117811 -0.00399555 -0.00467164 -0.00790802 0.00275855 0.0001959 0.00497715 0.00199917 -0.0040486 0.00925991
internal_weight=1.91976e+06 1.67591e+06 243855 225945 152903 64815 652574 630492 1.02333e+06 520222 17910 73042 88088 55844 6422 1275 49422 45224 37126 8098 5624 1316 1380 962 4308 1999 2309 17880 586 165
internal_count=1919762 1675907 243855 225945 152903 64815 652574 630492 1023333 520222 17910 73042 88088 55844 6422 1275 49422 45224 37126 8098 5624 1316 1380 962 4308 1999 2309 17880 586 165
is_linear=1
leaf_const=0.0014620951267405313 0.95229720165953047 -0.0015788696782792046 0 0 0 0 -0.00050710826676021454 0.0028120630090057832 -0.0089613304514652332 0.0018144701031815203 0 0 0 0 0 0 0 0 0 0 0 0 0 0 0 0 0 0 0 0
num_features=2 4 3 4 4 5 5 3 2 2 3 3 4 4 4 4 4 5 4 4 4 4 4 4 3 5 5 5 4 5 5
leaf_features=4 9  1 4 6 9  1 7 9  1 4 8 9  1 4 8 9  1 4 5 8 9  1 4 5 8 9  0 1 9  4 9  7 9  1 7 9  1 6 9  1 4 8 9  1 4 8 9  1 4 8 9  1 4 8 9  1 4 8 9  1 4 5 8 9  1 4 8 9  1 4 8 9  1 4 8 9  1 4 8 9  1 4 8 9  1 4 8 9  1 8 9  1 4 6 8 9  1 4 5 8 9  1 4 6 8 9  1 4 6 9  1 4 5 6 9  1 4 5 6 9  
leaf_coeff=-7.1659458968102632e-06 -0.00020467277758745019  -0.00029592034174670269 0.00056284488614855575 -0.00058075485615791676 -0.16090268652769738  -2.3028715977824927e-05 2.6686240482832505e-05 0.00014442042174311887  -0.00065956435210316061 -0.00040020299917369756 0.0020344378461192914 -2.5719369308346842e-05  0.00081473377410346654 0.0018376974747650295 -0.0066586643052896303 0.00045868491926266409  4.0412208315946204e-05 -0.00154406064963029 0.00021849452988537919 -0.00044566454859862916 0.00021183062934759176  -0.00020233756215335286 0.00071284674312618803 -0.00037939992058009159 0.0027714481103162658 -0.0015057598078162427  0.0012392599927011029 0.00092948666927540895 -0.00064383885039048241  -6.6990185112092424e-05 -0.00024504556597449437  0.00069691880811100925 0.00066490159204766759  0.00033777346892297085 -0.00013114632338053766 -0.00044434553935204237  -0.0062971319105208593 -0.032004003626667554 0.037334509588623631  0.00016888869857701119 0.0010011736263207457 0.0014215227742290339 -0.0015250295232213497  0.0030253173880686549 0.00088794529407063005 -0.010278318989485502 0.00046861304822403142  -0.0062648696942126381 0.00056648953465839318 0.016135143501486839 0.00058002200879732075  -0.1325822226518108 -0.0016516396355730296 0.41150699610462937 -0.00049497748333084959  0.065020290629141053 0.0010113214157241083 -0.1886397066147163 -0.0036445770275687519  -0.08485547926532426 0.0039708145357046703 -0.00085686024151595543 0.26623122935575766 -0.00087535477262044034  -0.047959345313660154 -0.00081293385845242487 0.17855735815734414 -0.0077014739586140028  0.0011874663503571234 7.5684916519759394e-05 -0.0052397301085884695 0.00043102142943781676  -0.10589994825865268 -0.0023418236833161409 0.34819992841703251 -0.0016339074337517801  -0.042109739390987146 0.0020253951166473135 0.15974434903949658 -0.0089077325758692549  0.046665666600278849 0.0013769038238442 -0.15210302575922408 0.001501647029697928  0.29696659401402908 0.0067867421410688191 -0.97035836144492793 0.0014748563729174435  3.787515185382389 -12.026339103504768 -0.0042516376001380217  -0.014234958679417898 0.0060488422799587884 -0.0034017550888564814 0.074998550787561055 -0.0073823190898488992  0.039787042806004841 0.0086539441977752773 -0.001301006283703865 -0.13242097036278225 0.0020599269535033216  -0.01146990198058433 0.0014328750292807693 0.0021222904622581044 0.036458060022279158 -0.0025390839956682455  -0.0025098390079950185 0.00550239535526309 0.0060691822608177409 -0.010353859046595915  -0.0024398327047270296 1.6933044004564182 -1.6725354650939153 1.6876933986828591 -0.032738186545202552  -0.0027387617289448942 6.9254984682891525 -6.8603212099755186 6.9372000172967097 -0.15428945592684615  
shrinkage=0.1


Tree=50
num_leaves=31
num_cat=0
split_feature=1 9 4 8 1 4 1 1 1 1 4 8 4 9 1 5 1 6 4 4 4 9 9 6 9 4 7 7 9 4
split_gain=8.71009 4.55265 2.30356 2.97078 5.20943 3.06185 2.26315 3.79539 3.49549 3.92895 2.25128 2.0513 2.87795 4.3191 2.60834 2.38769 2.20064 2.10057 2.33681 8.69419 6.32147 2.0476 3.80297 2.00847 4.28519 3.21807 3.1227 2.81307 2.34052 4.9379
threshold=6.2015223456153068 7.0413885088913739 5.2337752898422689 3.0000000000000004 5.8791343840901709 3.9019216517693867 8.0819387425566926 7.7184632235788913 7.2060062339413085 6.9730746354109483 6.463808880305316 3.0000000000000004 4.863673427408628 7.5121052670435509 5.8791343840901709 9.0001438939403773 6.0810760527360186 6.3398036457142659 6.1081352352533109 6.0879098011795767 6.2275238364393255 6.679421601977551 6.8867037674719667 5.7727764489817499 6.3204042442512467 5.4659459730803723 5.5856178035546149 5.4758949396730445 6.0514929658566965 6.463808880305316
decision_type=2 2 2 2 2 2 2 2 2 2 2 2 2 2 2 2 2 2 2 2 2 2 2 2 2 2 2 2 2 2
left_child=1 2 3 5 -5 -1 7 8 9 21 11 15 14 17 -13 -3 -16 18 19 -14 -20 -2 -23 24 25 27 -27 -4 29 -25
right_child=6 10 23 4 -6 -7 -8 -9 -10 -11 -12 12 13 -15 16 -17 -18 -19 20 -21 -22 22 -24 28 -26 26 -28 -29 -30 -31
leaf_value=0.0002552746942750817 0.0016812664978626318 -0.00012257846116312695 -0.016945518376765611 -7.744893056593527e-05 -0.0032648841320886204 0.0021024777835016101 0.004176586044651022 -0.0021226846570797904 0.0019568124405693289 -0.00096108013735585825 0.0016267085106390655 -0.00041724620707303626 -0.00036644374521395455 0.0012574186482913318 -0.0035521919570354259 0.00058016094043504768 -4.6715373940786528e-05 0.00087130276869632904 -0.0052250425529073979 0.004297899982618608 -0.0003842545891682334 -0.0069532107355176429 0.00063736154476122628 0.0018643320411564674 8.9164346399923111e-05 -0.0074222440725531099 -0.023740396874905367 0.0039425963963252274 0.00044019397577805126 -0.011533087021988353
leaf_weight=261663 21756 444911 81 327790 5209 9292 1947 4465 22997 14046 6823 434049 87699 25014 4901 54244 2822 16379 3494 4187 11836 667 63308 19710 4212 418 163 316 65084 279
leaf_count=261663 21756 444911 81 327790 5209 9292 1947 4465 22997 14046 6823 434049 87699 25014 4901 54244 2822 16379 3494 4187 11836 667 63308 19710 4212 418 163 316 65084 279
internal_value=0 -5.7212e-05 0.000143173 7.27512e-05 -0.000127309 0.000318622 0.000793007 0.000741232 0.000845386 0.00058922 -0.000184096 -0.000195436 -0.000321603 5.90702e-05 -0.000449658 -4.62106e-05 -0.00227128 -0.00018346 -0.000344592 -0.000153902 -0.00148756 0.000843218 0.000558223 0.000614366 -0.00129544 -0.0072586 -0.0120003 -0.00031921 0.000730876 0.00167734
internal_weight=1.91976e+06 1.79058e+06 694217 603954 332999 270955 129186 127239 122774 99777 1.09636e+06 1.08954e+06 590381 148609 441772 499155 7723 123595 107216 91886 15330 85731 63975 90263 5190 978 581 397 85073 19989
internal_count=1919762 1790576 694217 603954 332999 270955 129186 127239 122774 99777 1096359 1089536 590381 148609 441772 499155 7723 123595 107216 91886 15330 85731 63975 90263 5190 978 581 397 85073 19989
is_linear=1
leaf_const=0 0.0026662572055297321 0 0 0 0 0 -0.045666991042927665 -0.096256311583491086 0.0040353649295653332 -0.072992881147682459 0.02399564054317125 0 0 0 0 0 0 0 0 0 0 -0.3759938572136321 -0.0021262004242451837 0 0.0081516572484908074 0 0 0 -0.01620323491416915 0
num_features=4 2 5 5 4 4 4 1 1 1 1 3 4 5 4 4 5 4 4 5 5 5 2 2 4 4 5 5 5 4 4
leaf_features=1 4 8 9  1 9  1 4 5 8 9  1 4 6 7 9  1 4 8 9  1 4 8 9  1 4 8 9  1  1  1  1  1 4 9  1 4 8 9  1 4 6 8 9  1 4 8 9  1 4 8 9  1 4 5 8 9  1 4 8 9  4 6 8 9  1 4 6 8 9  1 4 6 8 9  1 4 6 8 9  1 9  1 9  1 4 6 9  1 4 6 9  1 4 6 7 9  1 4 6 7 9  1 4 6 7 9  1 4 6 9  1 4 6 9  
leaf_coeff=4.7244869501800452e-05 -0.00011400036757410926 0.00091547399133399827 -0.00019941723879106783  -0.00014018898327505802 -9.6748904160115504e-06  -0.00010017072017109275 7.3545314654918225e-05 -0.00014144827614639499 -0.0021582838836144537 0.00069671866264626743  -0.0006789792956044538 -0.011118973914528141 -0.011806797228757659 0.075577137240816231 -0.05130192945016461  0.00010954567649649433 1.1718745244057272e-05 0.00022249694760730147 -0.00015949689307565747  0.0050406032686267505 0.00061866286039097414 -0.01240419471857881 0.0021901960046510683  0.00023545509758424993 0.0022740632610879887 0.00076619937772064444 -0.0014171336888470388  0.0058411157069051534  0.012021619070267065  -0.00027892639308255699  0.010167201787482583  -0.00014242160633183009 -0.0074703522645982907 0.0037564525635016112  8.9086687444853071e-05 5.0454131170159065e-06 -0.00045076773599266322 0.00018067404895210083  3.2592492868670744e-05 -0.00039548048336895681 -0.00013351405232212289 0.004803258317014514 -0.0022602145941609032  -0.00014104599985173121 0.0015333770056450572 -0.0015045166015625001 -8.6975097656250003e-05  0.0066069617952663751 -0.00014154163278847637 -0.01533861659584872 0.0025026434205063456  -0.00010423826270476132 0.00085659481025374693 0.00043331525438657927 -0.012732315556016439 0.0025925426590008628  -0.011394594455439472 0.00022155507237499525 0.027510332092983616 -0.0054632176380643828  0.0013118751300307445 0.0071891713710129923 -0.015525123045764921 0.0012588779493811764  0.0009190531694434845 0.017915074213796567 0.00082310223087267431 -0.025158484770793167 -0.0028131371279329189  -0.0010555552643357808 0.10306749679260463 0.0032701214050899542 -0.1830895703077168 0.011859922874501196  -0.00025485433963157725 -0.0018080011833437382 -0.00085240519878694305 0.0087793639365520097 -0.0025485886809665016  -0.00056427372229839179 0.054762858743845302  0.0014911931167420622 -0.00096124732790150438  0.00090800749096987821 0.00043078489145249589 -0.00096284836003293075 0.00088868579690437599  0.00040843657113206794 0.00052805519271378789 9.8674223820038875e-05 -0.0017355963529950365  7.4021363036286269e-05 0.0062669055847816681 0.11683662305475835 -0.10791022624752032 -0.018870377333615809  0.0023377384950403978 0.0014607446358127164 0.0071657647539950632 0.31749986655631801 -0.31689685170440501  -0.0015567245639248606 -0.029087641225118033 -0.070105829265207836 0.03546424659390688 0.062119495110349025  0.00019903645793940968 0.00033263215507902679 0.001193857451115954 0.0010955356900360647  0.0019548576879333092 0.0015174544116234757 -0.013846486908914813 0.010259958765891497  
shrinkage=0.1


Tree=51
num_leaves=31
num_cat=0
split_feature=3 4 4 5 5 8 6 5 5 4 4 9 7 5 6 7 6 7 6 5 6 5 2 4 6 9 4 6 5 4
split_gain=7.45148 4.29803 4.85022 4.39718 14.5369 2.88312 5.16677 21.1221 3.97015 6.92126 3.53696 3.48357 6.30954 9.16097 5.83673 5.30081 6.37811 15.8377 9.61269 6.46316 5.63485 3.2896 3.28937 3.2557 2.87239 2.50305 2.4967 7.20232 2.46754 2.45786
threshold=1.9472291241451731 2.8617925509761908 2.602003343538398 9.5193312890754243 9.5391763832008447 3.0000000000000004 6.5610895968884506 9.5193312890754243 9.5391763832008447 2.9174053685313028 4.863673427408628 6.0514929658566965 5.4617018978108733 11.035163819861436 5.7383869988840654 5.7080121936484094 6.3398036457142659 6.0510967590961071 6.7044614869809216 12.109368995281573 6.3864925652588393 12.481632157775154 5.8751062618350529 6.463808880305316 6.9125861838978802 7.5121052670435509 2.524928003624769 7.1508321594623085 10.497628982219164 2.3502401828962087
decision_type=2 2 2 2 2 2 2 2 2 2 2 2 2 2 2 2 2 2 2 2 2 2 2 2 2 2 2 2 2 2
left_child=1 2 3 29 -5 6 22 -8 9 -9 24 12 -12 -14 -15 23 19 18 20 -17 -18 -21 -3 -16 28 -13 27 -6 -7 -1
right_child=-2 5 -4 4 26 10 7 8 -10 -11 11 25 13 14 15 16 17 -19 -20 21 -22 -23 -24 -25 -26 -27 -28 -29 -30 -31
leaf_value=-0.00020543271707191627 0.0006801937023940618 0.00026784890301769811 -0.00066882355684563192 0.037913815341605483 0.046746982197935993 -0.00011513671481844382 0.079652786981768725 0.050337334566338127 -0.0047351324723826516 0.0030213737487792972 -0.014336381513097391 3.2839267485030485e-05 0.0099355459501686005 -0.011399497355266316 0.0021422245793204942 0.0056030584339412954 -0.007494651645550997 0.0040195836731516457 0.003135328693315387 -0.0072584960601697395 -0.026280922418175631 0.0023046047259599736 0.0022303089495384252 -0.010175122506058162 0.0012136516811395973 0.001111613976958922 -0.0046367367352444702 -0.0019587436229245277 -0.000675940231757518 0.00030506798738184714
leaf_weight=449567 148597 283868 193391 131 41 323184 41 43 216 110 254 224532 1227 369 19326 1550 231 791 224 934 517 585 8806 217 13818 23787 326 117 103613 119349
leaf_count=449567 148597 283868 193391 131 41 323184 41 43 216 110 254 224532 1227 369 19326 1550 231 791 224 934 517 585 8806 217 13818 23787 326 117 103613 119349
internal_value=0 -5.70488e-05 -0.000236129 -8.92026e-05 0.00836193 7.84586e-05 0.000342611 0.0115606 0.00399476 0.0163193 -2.97953e-05 0.000251937 0.00134805 0.00150144 0.00108321 0.00127218 -0.00169354 -0.00648707 -0.0150372 0.00106012 -0.0204793 -0.00357554 0.000326896 0.00200546 -0.000205341 0.000136177 0.000363382 0.0106801 -0.000251282 -9.83383e-05
internal_weight=1.91976e+06 1.77116e+06 762922 569531 615 1.00824e+06 293084 410 369 153 715159 274544 26225 25971 24744 24375 4832 1763 972 3069 748 1519 292674 19543 440615 248319 484 158 426797 568916
internal_count=1919762 1771165 762922 569531 615 1008243 293084 410 369 153 715159 274544 26225 25971 24744 24375 4832 1763 972 3069 748 1519 292674 19543 440615 248319 484 158 426797 568916
is_linear=1
leaf_const=0.00018246073073210149 0.00065558895255220804 0 0.0017276532060986228 18.214171660877764 0 0 0 0 0 0 0 0 0 0 0 0 0 0 0 0 0 0 0 0 0 0 0 -3831.5778650283814 0 -0.0053568043973382558
num_features=3 1 5 2 2 3 5 4 2 4 4 4 4 5 6 6 6 5 5 5 5 6 5 5 5 3 4 2 3 5 3
leaf_features=3 4 5  3  2 3 4 6 8  3 4  4 5  4 5 6  3 4 5 6 8  4 5 6 8  4 5  4 5 6 8  4 5 6 8  3 4 7 9  3 4 8 9  3 4 5 7 9  3 4 5 6 7 9  3 4 5 6 7 9  3 4 5 6 7 9  4 5 6 7 9  4 5 6 7 9  4 5 6 7 9  4 5 6 7 9  3 4 5 6 7 9  4 5 6 7 9  2 3 4 6 8  4 5 6 7 9  4 6 8  3 4 8 9  4 5  4 5 6  3 4 5 6 8  3 4 5  
leaf_coeff=0.00025519951126658002 -0.00045458603521441731 4.3643346924061685e-05  5.0221964599639353e-06  -8.7710768249714413e-05 -2.8290298056378798e-05 0.00011931501396451606 0.00062480185746892076 -0.0018586684843471036  -4.3311928289751361e-05 -0.00087371505207043407  -0.15341886513554073 -1.8661165640718538  29481.442187500001 -30615.625781250001 30634.172265625002  -0.00054272507710618394 -0.017353495940803109 0.017034233792113173 -0.01684271307873153 0.00013274087808480274  0.042110603135415661 0.66245593307717177 0.29372749516937802 -4.1332779314841899  14.118081606412307 -4.2756540296133609  7.5228506529703738 -7.095755607355386 7.1455858408007771 -0.99380249606037985  0.32436086161046662 -2.6024404031968515 0.010484973242040497 11.889169713247975  0.0042958321270647913 -0.020021815073395111 0.059122947727254883 -0.038911351031623555  -0.00043189366084971721 0.00036035739738101319 2.9523732880448394e-05 -0.00029876780009158236  0.0023198740174619203 0.015980935377869088 -0.017973458359566052 0.011293505140339733 0.010362842965562891  -0.0013994204587175485 0.45577007944020453 -0.44940679702661868 0.55076906505289147 -0.18832789799711805 0.070816596684505836  -0.00089920604700954865 0.080572772909642335 -0.078835738735992505 0.080655250752691643 -0.007589314679833592 0.003844174049285698  -0.00030934473248285245 -0.0364584502040163 0.036763260854485225 -0.047212598577473841 0.0060286242819778124 0.005615701976955734  0.7428517588936302 -0.73715695824075744 0.58141086363116301 -0.448402990428383 0.59765531690595708  -0.0080082820791773212 0.0079716856788554225 -0.011704111966604104 0.0026962929109018321 0.002119319405929332  -0.030731261128556755 0.028797311891767666 -0.031857190044263461 -0.00039420710449746823 0.0063272082147477707  0.76027922362753209 -0.78087992396999661 0.7393259283242628 0.023895753769465955 0.039888800529706718  -0.0040765293143635974 6.3028927502338776 -6.3186841497663409 6.189532293332741 -0.016143481140898076 0.16184085204331497  0.22084879723128525 -0.23634573882319501 0.27291273693719237 -0.028179460150727212 0.0059737544765084754  -0.0030616671347822866 -0.00072097170593043785 0.00094951463813495735 0.00065583438548424413 0.007163993420932613  10.435803693160416 -10.418204987421632 10.439497300609947 -0.036600885920597646 -0.014803895096702036  0.00045998526183922418 0.0088758504600519924 -0.015739049696841791  -0.001130127189155663 0.0012439271663256856 -0.0012145996093750001 -6.866455078125e-05  -0.091246502290732681 0.023980680851622083  12742.245130920412 -11633.585347747803 11641.432322692872  0.00073310658118609586 -0.076256636400542283 0.075492547907287044 -0.076244578512155145 0.0021454596122106651  -0.0021287748133735698 0.0012883545189974921 0.00029817785236082168  
shrinkage=0.1


Tree=52
num_leaves=31
num_cat=0
split_feature=3 4 4 5 5 7 7 9 4 8 6 5 5 7 7 8 8 5 4 5 1 6 4 4 4 4 9 9 9 4
split_gain=6.04183 3.44982 3.95336 3.59854 11.7389 2.55727 4.86699 2.42149 2.86877 2.72031 4.42815 11.2442 20.4374 4.7793 2.96219 2.31149 2.29696 2.38315 5.30922 9.84481 2.03453 2.15718 2.19733 2.07768 8.16864 6.81757 3.67646 3.40098 2.02962 2.44004
threshold=2.2525782773356204 2.8617925509761908 2.602003343538398 9.5193312890754243 9.5391763832008447 5.4284635715889005 5.449670299572043 7.2332712300780742 3.1567740231385479 3.0000000000000004 6.3997657440457418 9.5193312890754243 9.497547328764556 5.7599013727787076 5.4284635715889005 3.0000000000000004 3.0000000000000004 9.3378096762532845 2.249904835165133 9.4179641108071355 3.795426061844291 6.9125861838978802 6.3359399913222516 6.1081352352533109 6.0879098011795767 6.2156070997535293 6.5616743209359241 6.679421601977551 7.5121052670435509 5.2857353797162627
decision_type=2 2 2 2 2 2 2 2 2 2 2 2 2 2 2 2 2 2 2 2 2 2 2 2 2 2 2 2 2 2
left_child=1 2 3 16 -5 -6 -7 8 9 10 -3 12 -12 -14 -13 -2 17 -1 -19 -20 21 22 23 24 -10 -25 -26 -28 -9 -30
right_child=15 7 -4 4 5 6 -8 28 20 -11 11 14 13 -15 -16 -17 -18 18 19 -21 -22 -23 -24 25 26 -27 27 -29 29 -31
leaf_value=7.8088356880478445e-05 0.0011025862636935087 0.00099749653400369375 -0.00060200003969374232 0.034122414616796812 -0.011873738525346631 0.041281934217973187 0.00097560235456778464 -0.00027034404385524268 -4.6556635311251767e-05 -0.00011002185771596246 0.0053187859193712939 0.031638670436316928 0.098854602422369153 0.042556922286748892 -0.00023411445292623341 0.00029212043382379952 -0.00032232952625102377 -0.0049584212416613647 0.081191700467696568 0.0062945755543532197 0.00092780472043202465 0.0011851173331999757 0.001110922462686525 -0.0050588670858322717 0.00075381051805894638 0.00021476046421928382 0.010279741878058572 0.0035960787760449375 8.862865316771816e-05 0.0018965821721035393
leaf_weight=329760 58761 61999 193412 131 126 33 325 277415 403023 27257 112 31 38 25 491 87728 240244 88 26 54 28550 16356 17576 3475 2455 8322 1142 2284 150669 7854
leaf_count=329760 58761 61999 193412 131 126 33 325 277415 403023 27257 112 31 38 25 491 87728 240244 88 26 54 28550 16356 17576 3475 2455 8322 1142 2284 150669 7854
internal_value=0 -5.09954e-05 -0.000211272 -7.88726e-05 0.00756637 0.000378685 0.00469099 7.0386e-05 0.000205488 0.00072401 0.0010866 0.00901284 0.0309492 0.0765143 0.00165871 0.000617222 -8.71189e-05 8.41546e-05 0.0119914 0.0306361 0.000108957 5.75346e-05 1.54545e-05 -3.03118e-05 7.4348e-06 -0.00133867 0.00370745 0.00582397 -0.000107236 0.000178203
internal_weight=1.91976e+06 1.77327e+06 764199 570787 615 484 358 1.00907e+06 573136 89953 62696 697 175 63 522 146489 570172 329928 168 80 483183 454633 438277 420701 408904 11797 5881 3426 435938 158523
internal_count=1919762 1773273 764199 570787 615 484 358 1009074 573136 89953 62696 697 175 63 522 146489 570172 329928 168 80 483183 454633 438277 420701 408904 11797 5881 3426 435938 158523
is_linear=1
leaf_const=0 0 0 0.0015499502227086738 16.392754427925684 -2.1359301199663605 -224.41826016306879 0.6660562646850281 -0.01168681260596003 0.0042223172457007746 0 0 0 0 0 0 0 0 0 0 0 0.0071201843500956485 -0.056492867187927231 -0.0099609023381994188 0.14275761619096558 0.1963038366422552 -0.025531520811465216 -0.71446679210057484 -0.20349017633634503 0.00042324066162109376 0
num_features=4 2 5 2 2 3 3 3 3 5 4 5 6 6 6 6 2 4 2 3 3 4 3 5 5 4 5 3 3 3 3
leaf_features=3 4 5 8  3 8  3 4 6 8 9  3 4  4 5  4 5 7  4 5 7  4 5 7  3 4 9  1 3 4 6 9  3 4 8 9  4 5 6 8 9  4 5 6 7 8 9  4 5 6 7 8 9  4 5 6 7 8 9  4 5 6 7 8 9  3 8  3 4 5 8  4 5  4 5 8  4 5 8  1 3 4 9  4 6 9  1 3 4 6 9  1 3 4 6 9  1 4 6 9  1 3 4 6 9  4 6 9  4 6 9  3 4 9  3 4 9  
leaf_coeff=9.7820191339825096e-05 0.00014541364789902802 -5.1655251404652087e-05 8.9964944749647025e-05  1.8725541689956773e-05 0.0005050185018510595  -0.00078117113643476766 -0.00069543799270425509 0.00057142024443624024 -0.0020587960645909397 0.00056591950877599162  -9.8378617638016441e-05 -0.00078453929226482986  -0.13807696515177667 -1.6795049042309984  0.14782189763514283 0.18513979124363689 -0.0036531945977664295  -10.990141434688121 -1.3599381646199618 48.737140320613982  -0.12567584442001439 -0.054595121312491557 0.031169955834614172  -0.00042010574757557348 1.5091936475691849e-05 0.0015302507504042495  -0.00030974945940762523 0.00018225162602826897 5.5313073126776882e-05 -0.00044556404050279737 -0.00026811369250023391  -0.0019184247082118769 -0.0030188336165806514 0.0019807005803518006 0.00015419298723292967  -0.035579255711536965 -0.12611198950546557 -0.036454143959631584 0.81884444971958603 -0.016010818081449243  68.794341113150594 -66.37457257217612 65.653686582768572 0.095739143038294297 -3.182569221278027 -0.017982621351177386  -38.556054617580962 30.821747618302471 -36.5417692196148 -0.15098675256210756 32.300449157800905 -0.20464866678072441  134.3906413677789 -132.77944383783907 128.52002205013414 -0.074712782612257916 7.9557665888220077 0.1199178380697532  -0.079537381817309835 -0.11723192037838795 -0.039744277522050855 0.0018749711401020207 0.84415326356237008 -0.012930879725060285  -3.9505860307887181e-05 0.0001217900428283212  0.00043583404881129866 -0.00037199105476390116 5.5127720947411622e-05 -2.4609191772581411e-05  0.0047268780634112774 -0.0016375833273741592  -0.37134822912320264 0.2953606602997752 -0.88914885419944767  0.0076890594576596531 0.4094776565132861 -1.9474791765176633  -0.00013602014940054393 -0.00023631399341143348 0.00023197091656236709 -0.0009534178723242027  0.00041168989256371583 0.0091491826475131443 -0.0013470857467953513  0.00013259782501301443 0.00045610960976529458 0.0010065003957816288 0.0014930682232889405 -0.00068582858609105154  0.00045426213333943366 0.003182975382129305 -0.023370693486418761 0.0013367015633797942 -0.0017748164651840703  -0.0039166271940674685 -0.038927997197015431 0.0018287078084423315 0.0050293438772130777  0.00029132022914979009 -0.00078656296774284634 0.0054375992183750554 0.00025046778962055648 -0.0014812674324357782  0.052155099917581542 0.0022975391358643904 0.058890762838200321  0.032612675279506224 0.0048372353250186965 -0.003078999027049889  -0.00010068034974788669 -8.4627531852674804e-05 8.4638595581054694e-07  -0.00090704809362184078 -0.00061627564256575571 0.00073117823263921808  
shrinkage=0.1


Tree=53
num_leaves=31
num_cat=0
split_feature=1 4 1 1 1 8 4 1 5 5 8 1 1 7 7 5 9 9 8 6 5 5 4 7 4 1 4 4 4 9
split_gain=5.01726 3.10147 5.73447 4.96236 8.11107 4.00627 3.44898 3.15736 2.90466 9.50853 2.17429 3.70121 3.1998 2.07139 3.94226 2.07089 2.32618 5.24884 2.25644 3.47877 11.4151 8.82394 3.01408 2.96268 2.35872 3.73226 3.03558 13.5507 11.7728 3.42297
threshold=6.2431950830594518 2.8617925509761908 6.176905692078182 6.1147871526576338 6.0924398260614181 3.0000000000000004 2.602003343538398 6.1036759135142775 9.5193312890754243 9.5391763832008447 3.0000000000000004 5.8791343840901709 5.6577370132897373 5.4284635715889005 5.449670299572043 12.642878137136897 7.5038750479758836 7.5121052670435509 3.0000000000000004 6.5382001192154382 9.5193312890754243 9.497547328764556 4.0517471391904856 5.4284635715889005 4.863673427408628 5.8791343840901709 6.1081352352533109 6.0879098011795767 6.2275238364393255 6.5616743209359241
decision_type=2 2 2 2 2 2 2 2 2 2 2 2 2 2 2 2 2 2 2 2 2 2 2 2 2 2 2 2 2 2
left_child=1 3 15 4 6 -4 8 -6 10 -10 -1 12 -12 -11 -15 18 -17 -18 19 22 21 -21 -3 -22 25 -20 27 -26 -28 -29
right_child=-2 2 5 -5 7 -7 -8 -9 9 13 11 -13 -14 14 -16 16 17 -19 24 20 23 -23 -24 -25 26 -27 28 29 -30 -31
leaf_value=0.00010071298002465085 0.00061270518058090077 0.0002129941862528244 0.0098398222586950461 -0.0028043763175109129 0.013409339986013388 0.0018515728991908996 -0.00054787453025942703 0.003147825608782775 0.03071020377643463 -0.010686362211015963 -0.00028642851224737969 -0.003193242093587758 0.0026492793099192405 0.037153731692921035 0.00087804312430895301 0.0011675903754110825 0.062672913968563088 0.0031307565538506756 -0.00016368858579837004 0.012792162218441566 0.036229450205340984 0.090848023550851018 0.0023213569711482973 0.00064513711883903372 0.00015164021050882904 -0.0028830408807763671 -0.0039058930572511935 0.00068177975599396457 0.0003392880027490848 0.0049741702986819082
leaf_weight=330965 124947 284647 959 7210 573 1818 192559 629 131 126 236405 4321 3772 33 325 14036 20 57 437418 30 25 28 6946 365 220328 5106 8577 2466 27407 7533
leaf_count=330965 124947 284647 959 7210 573 1818 192559 629 131 126 236405 4321 3772 33 325 14036 20 57 437418 30 25 28 6946 365 220328 5106 8577 2466 27407 7533
internal_value=0 -4.26611e-05 7.22002e-05 -0.000193105 -0.000168649 0.00461021 -0.000181485 0.00803955 -5.90156e-05 0.00680974 -6.63563e-05 -0.00029251 -0.000240323 0.000340817 0.00422189 5.97843e-05 0.00126268 0.0185963 4.28227e-05 0.000276745 0.00908197 0.0504743 0.000263217 0.00292618 -5.35538e-05 -0.000195065 0.000181593 0.00031504 -0.000672576 0.00391556
internal_weight=1.91976e+06 1.79482e+06 1.01777e+06 777049 769839 2777 768637 1202 576078 615 575463 244498 240177 484 358 1.01499e+06 14113 77 1.00088e+06 292041 448 58 291593 390 708835 442524 266311 230327 35984 9999
internal_count=1919762 1794815 1017766 777049 769839 2777 768637 1202 576078 615 575463 244498 240177 484 358 1014989 14113 77 1000876 292041 448 58 291593 390 708835 442524 266311 230327 35984 9999
is_linear=1
leaf_const=0 -0.0021236934671079455 0 0 0.10973469652418544 0.39065858363755979 0 0.0015103432437936883 15.037442611809821 14.753479032043835 -1.922337101618905 0 0 0 -201.97643301188947 0.59945063624065831 -0.076017280196981576 -2.4317555705085399 0 0 0 0 0 0 0 0 0 0 0 0 0
num_features=4 1 5 3 2 2 3 2 2 2 3 4 4 4 3 3 4 3 3 4 4 5 4 5 5 4 4 4 5 4 5
leaf_features=1 4 5 8  1  1 4 5 6 8  1 4 8  1 4  1 4  1 4 8  1 4  1 4  4 5  4 5 7  1 4 5 8  1 4 5 8  1 4 5 8  4 5 7  4 5 7  1 4 5 9  4 5 9  4 5 9  1 4 5 8  4 5 6 8  4 5 6 7 8  4 5 6 8  1 4 5 6 8  4 5 6 7 8  1 4 5 8  1 4 5 8  1 4 5 8  1 4 5 8 9  1 4 5 8  1 4 5 8 9  
leaf_coeff=-8.94952505253537e-05 0.00017070285343833173 -0.0001335799501086049 0.00038433845486853527  0.00039768809827992748  -3.424766821955548e-05 -0.0045835809236654422 0.0042393725133543564 -0.0036820567743678814 -0.00084487828446240261  0.15002659656163361 0.0027445846098233307 -0.46595924452276449  -0.018187873017262747 -0.00061033327123541099  -0.061763448451529257 -0.0074096945763109552  -0.02759245888594819 -0.0015704352855276467 0.045176725771688103  -0.00020906011162904082 -0.00073960799360355271  -2.4606825309008857 -0.0019194490044043278  -0.12426927689521108 -1.5115544165397297  0.13303970912993748 0.16662581044583932 -0.0032878739386227097  1.581186185582624e-05 -0.00032177147069810765 4.8183294091031647e-05 -2.3568720122020204e-05  -0.0009473079240493121 0.0027775171474823338 -0.00097231862013698051 0.00064862021949210205  -0.010391920288392243 -0.0020784596870165096 7.3737449425409501e-05 0.015750291028984266  -9.8911272594705224 -1.2239443647849839 43.863426094502216  -0.11310825852211392 -0.049135609434630113 0.028052960370885251  4.4132316724088129e-05 -0.0021655613024070598 0.0078001677548538602 -0.0011573183307964751  0.05386416863248087 -0.38005968693988734 0.93297483897767963  0.036073118524445391 -0.077549726027544355 0.099188867089617369  4.8255258214186886e-06 -0.00041708833360268039 0.000230733614078861 -0.0001969555032799164  -0.24570759881083859 -1.4545385058671401 -1.6512360793337395 12.654325455592335  320.99279447942973 -305.88859614431857 304.73820133656267 -0.15917978714423953 -26.427437499538065  228.55324943363667 -218.21906563043595 216.99813765287399 -17.168488198891282  0.00040130242492542604 -0.037782327213079017 0.039530231613426996 -0.045544735127793959 0.014761359301501999  -0.063390594316577523 -0.13690414175831053 -0.024369195199456684 0.0027480712645365116 0.82097770142995619  6.777584433916634e-05 -0.00058754894818439864 0.00027972640177886809 2.396073206547833e-05  0.018267933324491281 0.0047175786251060009 -0.0022074293368663511 -0.027624836556778123  0.0010261148345768524 0.010969800818665477 0.0014503983699689638 -0.022512632195656579  -8.1651103077508288e-05 -0.036831792380647779 0.0017995542355294894 0.043799721784297564 0.0046100304864384435  -0.00014873062522960737 0.0026826655082806241 -0.0021927509466042271 0.0026324303828054955  -0.00095741578517065384 0.045676109127950906 0.0040025016114899285 -0.074097527978216435 -0.0036611137358848467  
shrinkage=0.1


Tree=54
num_leaves=31
num_cat=0
split_feature=0 9 9 5 7 9 4 6 8 9 7 9 0 1 1 4 1 9 5 9 1 1 1 6 6 9 7 9 5 7
split_gain=4.14855 3.06072 1.84231 2.00161 1.90806 1.79611 2.55207 7.52169 1.66265 1.767 1.51125 1.44115 1.43066 2.00856 2.05806 1.97312 2.19412 3.46768 3.05555 1.68765 1.9276 1.65149 1.59492 1.3591 1.66368 8.53319 1.69105 1.47402 2.34053 1.74276
threshold=1.2424533248940002 7.0413885088913739 7.42992861678864 11.864821005513019 5.6552680625242528 6.0514929658566965 4.791641144189394 5.7795175494447024 3.0000000000000004 7.3973316563438791 5.4576291594776345 7.2264807709440779 3.1984648276080736 7.6598786368693057 7.3065311737243741 6.1059080600786206 6.9730746354109483 6.603745375804027 7.6307039213370436 6.3603544996165118 6.8971996373756754 7.9067313605233123 7.116799823628905 6.8070436626251576 7.2345018017286149 6.3204042442512467 5.7468554295781731 6.3204042442512467 11.073807908447662 5.8144747618653092
decision_type=2 2 2 2 2 2 2 2 2 2 2 2 2 2 2 2 2 2 2 2 2 2 2 2 2 2 2 2 2 2
left_child=1 23 4 -4 8 6 -2 10 -3 11 -8 -10 13 14 15 16 19 18 -18 20 -7 -15 -19 -1 26 -26 -25 28 29 -28
right_child=5 2 3 -5 -6 12 7 -9 9 -11 -12 -13 -14 21 -16 -17 17 22 -20 -21 -22 -23 -24 24 25 -27 27 -29 -30 -31
leaf_value=8.5898463221732968e-05 0.0029699567885566628 -0.00017319460534731752 -1.152128868294421e-05 0.00094295082053270105 -1.3985054225070039e-05 0.0035608524151720827 -0.023997527703765658 0.0061160063079372887 -0.0098869215563360258 -0.00081928381058017457 -0.0093928052118280904 -0.0002373676427728298 0.0050910386746224126 -0.002074279168196766 0.0017525077833713564 0.0031104519954897117 -0.0078644594704783601 -0.0015972813735175896 0.0031628879275778887 0.00043399941617555654 -0.0040306471668339026 0.0012900047816619281 0.00076860374967042022 0.00096095228243989444 -0.0076644044992875086 0.0010354064919328632 -0.00097185347827243333 0.00044433831527668943 0.0025326045164096676 -0.0057380716892393045
leaf_weight=641379 5980 261120 344901 23466 276318 3095 91 447 155 114109 320 105352 687 5026 14034 2560 1144 5115 322 36999 375 2056 6433 50552 1470 4838 1601 7440 904 1473
leaf_count=641379 5980 261120 344901 23466 276318 3095 91 447 155 114109 320 105352 687 5026 14034 2560 1144 5115 322 36999 375 2056 6433 50552 1470 4838 1601 7440 904 1473
internal_value=0 -3.15852e-05 -0.000134139 4.92812e-05 -0.000223387 0.000684301 0.00223819 -0.00286203 -0.000343748 -0.000546533 -0.0126265 -0.000251544 0.000547808 0.000507356 0.000669552 0.000398364 0.000268548 -0.000860931 -0.00544235 0.000631765 0.00274045 -0.00109758 -0.000279327 0.000131051 0.0005552 -0.000991975 0.000712688 -0.000386474 -0.00194033 -0.00325573
internal_weight=1.91976e+06 1.83508e+06 1.12542e+06 368367 757054 84684 6838 858 480736 219616 411 105507 77846 77159 70077 56043 53483 13014 1466 40469 3470 7082 11548 709657 68278 6308 61970 11418 3978 3074
internal_count=1919762 1835078 1125421 368367 757054 84684 6838 858 480736 219616 411 105507 77846 77159 70077 56043 53483 13014 1466 40469 3470 7082 11548 709657 68278 6308 61970 11418 3978 3074
is_linear=1
leaf_const=0.0010894900461175805 0 0 -0.079333136476761379 -0.15908833939377021 0.0023120642509370849 0 0 0 0 0 0 0 0.0039026297185912997 0.085807439088142701 0.035523747394618964 -0.01489300846726991 -10.66496627216693 -0.030701944705998588 0 0.0011473161486856842 0 0.0058635229929205231 -0.023678224684667272 -0.011971295799205707 0 0.018474907143726682 0 0.017665909805190696 0 0
num_features=3 3 4 3 3 3 4 5 4 3 4 5 4 2 3 3 4 3 4 5 4 4 3 4 4 2 2 4 3 4 4
leaf_features=0 6 9  0 4 9  0 7 8 9  0 5 9  0 5 9  0 7 9  0 1 4 9  0 4 6 7 9  0 4 6 9  0 8 9  0 7 8 9  0 4 6 7 9  0 7 8 9  0 9  0 1 9  0 1 9  0 1 4 9  0 1 9  0 1 4 9  0 1 4 5 9  0 1 4 9  0 1 4 9  0 1 9  0 1 4 9  0 6 7 9  6 9  6 9  5 6 7 9  6 7 9  5 6 7 9  5 6 7 9  
leaf_coeff=2.7259777041602901e-05 -4.9637079203306273e-05 -0.0001099180696289115  0.0021197031108138253 1.9282318914250893e-05 -0.00015502418701327932  0.0002556374928591475 4.499429074181527e-05 0.0022016386994174299 -0.00065459259211726468  0.00040100935204408341 -3.3730317500616642e-05 0.010599961409646187  -0.00024942838867341165 0.001407821532409459 0.019133393053019178  -0.00060278589117994407 0.00023181692470026181 -0.00049349541524983944  0.0077846387914472515 0.0011572759032448755 0.00014290686072597689 -0.0025206672705194613  -0.0092647282202756084 0.011993192551857846 0.0089592135683574277 0.0051192278199664546 -0.025161043228609972  -0.00018754729950760663 -0.00095225801247400543 0.007666746940540748 -0.0056458795768620012  -0.003667861028121955 -0.047653547893924043 0.025854464789381384  -0.00052152544411798729 1.75519207365471e-05 -0.076839137550086895 0.041271282882462401  -0.010227616133823881 -3.5346945468361923e-05 -0.013635491772842913 0.0096246191621048652 0.0055243870507467822  0.00027099837680209793 -3.4386571888556441e-05 -0.012308130897894998 0.0067897930379643874  0.0058600357120675468 -0.0027455367881504601  -0.0024846410299996405 -0.012556859058219773 0.0021485889882423949  0.0012433623149897821 -0.0041181873247502663 -0.00076813667705017969  -0.00082852684578276707 0.0016163665046671329 0.0069943764306948713 -0.0048513373038143737  -0.0021983866186367608 0.0032365791488473405 1.6759725099662319  -0.0011576356892117779 0.005664221293872629 0.00021336800519300815 -0.0012916235338998883  -0.001137706088808646 0.0085256261467410617 0.0052520384300068562 -0.0028795027677007926 -0.0079341344228929245  0.0001809832362094588 -0.00011198792426184781 7.4579479075601474e-05 -6.1923124211826774e-05  0.00096798908610327148 -0.036157633296522822 0.0011244146584090231 0.038436536363974483  0.00065452891283899204 0.0039606649364888119 -0.005504994032278554  0.00087972436968927487 0.0056464052444820112 0.00015382099579536388 -0.0025159475281040459  -0.010880277676433625 0.0027515262525136031 2.4056956620677195e-05 -0.0010279395626287048  -0.016261469320573953 0.018949215938665987  -0.000890562327779243 -0.0016327263528577386  -0.0067228861384765809 0.0073303652074656611 0.07454474010296934 -0.071280811825877782  0.00015001197435542403 -3.036761154961987e-06 -0.0027674423878618019  -0.0007908032168026047 -0.0030382648170302674 -0.00043778422955753626 0.0060407177040474385  -0.00043245487269940599 -0.0077014764835823257 0.010014249713477953 -0.0013778195199478207  
shrinkage=0.1


Tree=55
num_leaves=31
num_cat=0
split_feature=1 0 4 4 4 6 5 8 9 8 6 9 4 1 7 6 8 8 5 5 5 6 5 7 8 7 7 7 7 7
split_gain=3.63234 4.15781 2.42124 2.2247 3.1173 3.12723 3.75047 9.77101 2.3273 2.28321 2.6011 2.09712 2.29994 2.26732 2.47417 7.45723 5.86193 1.92382 2.29508 1.8667 1.85105 1.80867 7.37034 9.27258 9.33932 7.49883 3.82125 4.74564 5.22423 3.27495
threshold=3.9415346756528771 1.0000000180025095e-35 2.8617925509761908 2.602003343538398 2.3502401828962087 6.9968673117108562 9.5391763832008447 3.0000000000000004 7.2795765870410243 3.0000000000000004 6.8865476024392214 6.0514929658566965 3.4175922930736511 5.625819309938989 2.0161815448704883 5.749035043701995 3.0000000000000004 3.0000000000000004 6.9221510378135092 1.0000000180025095e-35 9.4560669945259814 6.8070436626251576 9.5391763832008447 5.7413866837872307 3.0000000000000004 5.643597233502339 5.4284635715889005 5.3780456837657029 5.2507916655164264 5.6067617497227511
decision_type=2 2 2 2 2 2 2 2 2 2 2 2 2 2 2 2 2 2 2 2 2 2 2 2 2 2 2 2 2 2
left_child=1 2 3 4 -1 8 7 20 9 10 -6 13 17 -2 -15 16 -16 -13 -19 -3 -7 -5 23 24 25 26 27 28 -23 -28
right_child=11 19 -4 21 5 6 -8 -9 -10 -11 -12 12 -14 14 15 -17 -18 18 -20 -21 -22 22 -24 -25 -26 -27 29 -29 -30 -31
leaf_value=-0.00018892594363043187 0.0034489775238156907 0.00035402786466274112 8.3174374425601811e-05 -0.00051175567504466667 0.0013729890102924013 0.057816765573807063 0.00021814590027509643 3.9917601990040215e-06 -4.6178073579538286e-05 2.8795239759523753e-05 0.027552230969855665 0.00035317022381984008 0.00070540202412553441 0.0021718205266390788 0.00044954015157352598 0.0013852433622521935 -0.010950845413992792 -0.00014586317447453482 -0.0019514683408637353 -0.0011682294446561773 0.02688006773591042 0.040575419057859108 -4.0771534710553483e-05 -0.0020688128934020725 0.00023634976203878966 0.064437179062820857 -0.015851740642554232 0.063496653634954145 -0.015301448079171005 0.033839391402545431
leaf_weight=397633 4150 9766 920299 180969 30528 22 484 244 63725 19881 38 83930 80807 6664 797 5344 1039 54222 8090 45996 160 44 4347 278 123 61 36 37 27 21
leaf_count=397633 4150 9766 920299 180969 30528 22 484 244 63725 19881 38 83930 80807 6664 797 5344 1039 54222 8090 45996 160 44 4347 278 123 61 36 37 27 21
internal_value=0 -5.26218e-05 -2.33794e-05 -0.000163736 -5.62739e-05 0.000402067 0.00624103 0.0130839 0.000355528 0.000862967 0.00140554 0.000359594 0.000277238 0.00139876 0.000784174 -0.000503747 -0.00600199 4.06532e-05 -0.000380286 -0.000901626 0.0306197 -0.00046005 0.00142117 0.0115568 0.0224105 0.0344787 0.0234032 0.0344588 0.0193265 0.00245552
internal_weight=1.91976e+06 1.67472e+06 1.61896e+06 698658 512715 115082 910 426 114172 50447 30566 245043 227049 17994 13844 7180 1836 146242 62312 55762 182 185943 4974 627 349 226 165 108 71 57
internal_count=1919762 1674719 1618957 698658 512715 115082 910 426 114172 50447 30566 245043 227049 17994 13844 7180 1836 146242 62312 55762 182 185943 4974 627 349 226 165 108 71 57
is_linear=1
leaf_const=0.00033643639020336551 0.98834095953498036 -0.0023011340185614959 0.00014202882263791503 -0.00026779994539118948 0 0 10.635138718184317 0 -0.034399893290812326 0 0 0 0.0043375662122720369 0 0 0 0 0 0 -0.0046537674077471889 0 0 -0.067888975519385483 1.4037168876425541 0 0 0 0 0 0
num_features=1 2 2 1 2 4 4 3 4 3 4 4 4 3 2 4 4 4 5 5 3 4 5 3 4 5 5 5 4 5 5
leaf_features=4  1 9  0 1  4  4 6  4 6 8 9  4 5 6 8  4 5 6  4 5 6 8  4 6 9  4 6 8 9  4 6 8 9  1 4 8 9  1 4 9  1 9  1 6 7 9  1 6 7 9  1 6 7 9  1 4 5 8 9  1 4 5 8 9  0 1 5  4 5 6 8  4 5 6 7 8  4 5 6  4 5 6 7  4 5 6 7 8  4 5 6 7 8  4 5 6 7 8  5 6 7 8  4 5 6 7 8  4 5 6 7 8  
leaf_coeff=-0.00031837268507012263  0.0026110790660347051 -0.16942235180467835  0.00033977384420964195 0.00072661804014575527  -1.389409721224452e-05  -0.0010043932085386676 0.00042766950163515284  0.0079557036958444894 0.00080457099574011157 -0.014006128223295368 0.00071254756102800965  -0.640493018491884 -0.086430950438671064 -0.84899937199459152 4.2048176384507316  -35.450749950995672 32.459505195738167 -32.507946818604253  0.033252227385758414 -0.047406854952973747 0.020778895360793314 0.05450051370858764  0.000168513115548119 -4.7631284003225863e-05 0.0046091060839636658  -0.0032470394510891289 6.0772181735328887e-05 0.00085018553266070845 0.00062743718146342881  -0.29774663909594778 -0.22106690744249563 1.1940925312439619 -0.012764223705692503  0.00023214312292457688 -0.0001408810788119606 -0.00074263373532018617 6.7782258268372925e-05  0.0002092374934745102 0.00030882550479035458 -0.00088871538243157078  0.0014348140600947579 -0.0013191025211542918  0.0055942532469177887 -0.0044805635311712224 0.0037590221976435572 -0.0051187446473870638  0.0021391193070392166 -0.0098537898897340884 0.0037750994918802406 0.0042054182646985797  -0.0015968931176183255 0.021703243370152947 -0.0059940356497731884 -0.015084388494172886  -7.4803770727786654e-05 -0.0010836125766703812 0.00014507257904261303 -0.00037297129506286557 0.00025555116791130261  -0.00018649534277997287 0.00015726782964273767 -0.00057062428086883648 0.0034412197124702674 -0.0014277962354001473  -0.00021242238662083082 0.00043749456439427098 0.00024139609189267885  -114.18888186719269 104.71772776432336 -105.01758826095612 17.447540632053279  1441.5514882326127 -1344.0497798204424 1343.7483099460603 -1.7741078622872011 -173.54055344164374  0.048138010557438007 -0.030862749445808024 0.033384106750072196  -0.12430640677428927 -0.001655045633270369 -0.15253813446366848 -0.0011351269769886763  -4.345600508659845 4.0464739157585425 -4.0664365539414575 -0.0078757481642114154 0.31875874018405742  -0.71909130468175708 -0.70190745588770376 -0.62097663183285479 0.40742216272983572 5.3280263416658276  0.38960036124499881 -0.54093111159368168 0.54853897421119446 -0.11240497876366362 0.46025406784719963  0.97745522007608088 0.83634756269111676 0.10360358548296063 -7.8058623117220129  2518.5199381947518 -2356.5914751172068 2352.2000895261767 -0.18868354035221274 -286.23012290447952  -45764.734960937501 42610.505685424811 -42651.540963745123 5.227603735774756 5887.689811706543  
shrinkage=0.1


Tree=56
num_leaves=31
num_cat=0
split_feature=9 3 4 8 1 9 9 9 9 4 1 1 4 4 9 9 0 1 9 4 4 5 1 1 9 5 7 1 6 6
split_gain=2.98228 2.73277 1.85451 1.80953 2.46752 2.58854 2.60343 2.01782 2.99347 2.0575 1.89031 1.78378 1.65457 2.95126 1.90739 1.60558 2.64615 1.56142 1.53108 1.41364 1.3889 1.23782 1.22179 2.43553 1.40312 1.21237 1.30911 1.3197 1.20917 1.27752
threshold=7.0413885088913739 2.2525782773356204 6.463808880305316 3.0000000000000004 6.7782157456601473 7.4040126385048 7.287303286647794 7.4332599800911217 7.398288740974384 5.7446031891748186 6.9730746354109483 5.9121498248393989 6.1081352352533109 6.0879098011795767 7.4584382862400229 7.2949707417423122 1.0000000180025095e-35 5.8791343840901709 7.2264807709440779 6.2156070997535293 6.8992188208074312 12.642878137136897 7.2060062339413085 7.5819744172008852 7.3709381331941737 11.751871496508834 5.5856178035546149 5.8791343840901709 6.7805467106289585 7.2345018017286149
decision_type=2 2 2 2 2 2 2 2 2 2 2 2 2 2 2 2 2 2 2 2 2 2 2 2 2 2 2 2 2 2
left_child=1 21 3 4 5 6 -2 8 15 -9 -6 -7 13 14 -11 18 -17 19 -5 -14 -4 28 -18 24 -24 -3 -27 -28 -1 -30
right_child=2 25 20 7 10 11 -8 9 -10 12 -12 -13 17 -15 -16 16 22 -19 -20 -21 -22 -23 23 -25 -26 26 27 -29 29 -31
leaf_value=3.9511773318007417e-05 0.00010560275393778087 0.00071702498132460634 0.0019297888769376861 -0.0091404638743322157 0.0032314257762445092 0.00016082875806341251 -0.00052631113634199944 -9.6630538372253138e-05 -0.0006503580260432282 -0.00062614750915824906 0.0005863340371989582 0.0014199183014100463 -0.0041707234112766285 0.0046623266565799714 0.0019170706932630057 0.0026959775418143464 -0.0011526980115418963 0.0035739088809808063 -0.00015876531522542687 -0.00015811072417059452 -0.0028980790931759904 0.0015099680685196539 0.0076349244934750165 -0.0011386683297198879 0.0012636470586499748 -0.0057678967623131265 -0.0012948411764661196 0.0057224042546819946 0.00059869857136319433 -0.00089014007384518538
leaf_weight=606878 123386 60197 6602 190 3921 244832 138248 231687 189926 4939 8689 11794 1010 2500 7319 5331 4944 970 174982 6717 655 6158 703 1714 680 143 341 1252 66746 6308
leaf_count=606878 123386 60197 6602 190 3921 244832 138248 231687 189926 4939 8689 11794 1010 2500 7319 5331 4944 970 174982 6717 655 6158 703 1714 680 143 341 1252 66746 6308
internal_value=0 0.00015599 -9.95892e-05 -0.000109521 2.66658e-05 -6.96372e-06 -0.000228302 -0.000223624 -0.000370147 -6.27687e-06 0.00140881 0.000218694 0.000886231 0.00153099 0.000892356 -8.78813e-05 0.000968312 -0.000207861 -0.000168507 -0.000682601 0.00149404 9.85628e-05 -0.00017709 0.00138035 0.00450226 0.00079216 0.00339752 0.00422028 8.578e-05 0.000470142
internal_weight=1.91976e+06 748023 1.17174e+06 1.16448e+06 530870 518260 261634 633612 378470 255142 12610 256626 23455 14758 12258 188544 13372 8697 175172 7727 7257 686090 8041 3097 1383 61933 1736 1593 679932 73054
internal_count=1919762 748023 1171739 1164482 530870 518260 261634 633612 378470 255142 12610 256626 23455 14758 12258 188544 13372 8697 175172 7727 7257 686090 8041 3097 1383 61933 1736 1593 679932 73054
is_linear=1
leaf_const=0.00068073532597649202 0 0.0039939097788825872 -0.016547654433406934 0 0 0 0 0 0 0 0 0 0 0 0 0 0 0 0 0 0.79927111840806908 -0.098492003600472347 0 0 0 0 0.088817957915176757 0.12325695588217514 -0.010208089139122479 0.01322349268106251
num_features=4 4 3 2 2 4 4 4 3 3 3 4 4 4 3 3 3 5 3 3 4 2 2 4 5 5 4 5 5 3 3
leaf_features=3 5 6 9  1 4 8 9  3 5 9  4 9  8 9  1 4 8 9  1 4 8 9  1 4 8 9  4 8 9  4 8 9  4 8 9  1 4 8 9  1 4 8 9  1 4 8 9  4 8 9  4 8 9  4 8 9  0 1 4 8 9  1 4 9  4 8 9  1 4 8 9  4 9  5 9  0 1 8 9  0 1 4 8 9  0 1 4 8 9  3 5 7 9  1 3 5 7 9  1 3 5 7 9  5 6 9  5 6 9  
leaf_coeff=-3.8258694922072711e-05 3.2072408824618555e-05 -7.39099921921442e-05 -7.6650497415549715e-05  8.9612405618402786e-06 5.0800800173175788e-05 0.011197212314728235 -0.0030982759638515491  -0.00014266311692379615 -4.0246793132562093e-06 -0.00038808443274246932  -0.0010434299826616923 0.0034504360333837527  -0.046822568741572472 0.025069618453903788  0.0080579301110032201 0.00059831039723095007 -0.023252820110147357 -0.00082196641018015279  -0.00010114852841258301 -4.9976250661332157e-06 0.0017127393407847082 -0.00043121794609941589  -2.342195565695187e-05 -7.0172846629499443e-06 0.0039379626295811933 -0.0011384248343311754  3.2683202538241754e-07 -0.017977759652994509 0.0095639702650821348  8.423456499598303e-05 -0.11184667733705284 0.060112052620661417  -0.0060301611287179929 -0.058139585349090341 0.035943622848867561  0.0012668213422339593 0.0006041916961383565 -0.008600483871034471 0.0011233700474427622  -0.0017101835580170255 0.00050011729735575938 -0.061989298637325878 0.018167381311356225  0.00051636518881714721 0.015313696300139413 -0.069979979843401457 0.024186830449718855  0.012772192990473741 0.032023564393284687 -0.027038102547533072  -0.0048953977409269102 -0.038560828581398712 0.024665990578580477  0.00079814772639066336 -0.41185112730490803 0.2226112194315647  -1.8768578183481212e-05 3.76159028822598e-06 0.00017537614152347559 -0.037450779515165782 0.019983432552339767  -0.0025646694925567596 0.0032402135033407832 6.5343702100051357e-05  -3.5270610617921251e-06 0.070128829745226537 -0.038815791310753411  -0.00097106737005617227 -0.0062901264333222523 -0.088809247167023389 0.052869615435907492  -0.1213594621809989 0.005261441890372965  0.0085836831058330176 -0.0014213988721377914  0.00026815780201152608 -0.044129280599361921 0.075438702011524583 0.0046960042885984881  0.00052005323498003351 0.0038559800629813347 -0.0015374861999690737 -0.051089080541964906 0.023399844263065007  -0.0033443244184393709 0.0050845701009299311 2.74880000346478e-05 0.16979143812341135 -0.095944493809383857  -0.0018510656754633982 0.021220768897780219 -0.067039119893513549 0.020426795283259483  7.5637083545854189e-05 -0.0010759870089647849 -0.0065829037485963145 0.012664191588326192 -0.011862990416138842  -0.0021118235710392286 -0.0020535346646627594 0.002232909623793944 -0.01346765456757737 -0.0063886351231672751  3.2476509534473674e-05 0.0019027701126393738 -0.00044152996004623302  -0.0013166494769625504 -0.0053884348012964269 0.0055608102859393332  
shrinkage=0.1


Tree=57
num_leaves=31
num_cat=0
split_feature=1 0 4 4 5 9 4 4 6 8 5 5 5 7 4 6 9 8 4 8 6 1 1 1 9 1 9 9 7 9
split_gain=2.56869 3.52074 1.87343 1.8228 1.92489 1.86964 1.80802 2.54874 2.48511 2.60734 12.7177 4.80747 1.97051 1.83049 3.70413 17.8626 1.74058 1.75668 1.6678 2.99163 2.2135 1.93783 3.77574 2.42815 1.84707 1.58639 2.55669 3.2229 1.99579 1.71244
threshold=3.860674306308975 1.0000000180025095e-35 2.8617925509761908 3.1132683346437333 8.9735415078317722 7.2795765870410243 2.602003343538398 2.3502401828962087 6.9125861838978802 3.0000000000000004 9.4179641108071355 9.5391763832008447 9.5193312890754243 5.4284635715889005 2.524928003624769 7.1508321594623085 7.2795765870410243 3.0000000000000004 3.4175922930736511 3.0000000000000004 6.4462922781684737 7.3616929901185424 7.6016521472294505 8.0819387425566926 6.3204042442512467 6.9730746354109483 6.603745375804027 6.0514929658566965 3.136917381748233 6.3603544996165118
decision_type=2 2 2 2 2 2 2 2 2 2 2 2 2 2 2 2 2 2 2 2 2 2 2 2 2 2 2 2 2 2
left_child=1 2 6 5 -5 -4 7 -1 16 10 -10 12 -12 -13 15 -15 17 -9 21 -20 -21 25 24 -24 -23 28 27 -27 29 -2
right_child=18 -3 3 4 -6 -7 -8 8 9 -11 11 13 -14 14 -16 -17 -18 -19 19 20 -22 22 23 -25 -26 26 -28 -29 -30 -31
leaf_value=-0.00016471385022961776 0.0016210801467095163 -0.00084430184581803724 0.00075978531758623446 -0.00047540406968582787 6.343362598854766e-05 6.8042400580948942e-05 -0.00040877152205245698 0.0012348136427719129 0.069762448269422309 0.00038694325406794198 0.0036013389627138773 -0.010098336453759862 0.026406322689506951 0.10203706893537726 -0.0030902606806731577 -0.0032947557559911758 -2.7473630618051945e-05 2.2365068746913781e-05 0.0017558576971522023 0.00035496664528524919 -0.028828300994176131 0.0067850807671818994 -0.00090374121997723392 0.0029891113676615761 0.0020640185397871524 -0.00015247907391915545 -0.00034933546623496138 -0.0067919955659961331 -0.00064560548242185468 0.00017178414465999901
leaf_weight=397633 9003 53286 72200 73348 689595 85156 185943 30534 33 675 54 124 127 21 203 69 63608 19634 19103 70053 26 924 9050 1947 8036 1387 11664 1546 28460 86320
leaf_count=397633 9003 53286 72200 73348 689595 85156 185943 30534 33 675 54 124 127 21 203 69 63608 19634 19103 70053 26 924 9050 1947 8036 1387 11664 1546 28460 86320
internal_value=0 -4.45069e-05 -1.81826e-05 7.55453e-05 1.16307e-05 0.000385436 -0.000141645 -4.47675e-05 0.000369673 0.004707 0.0093283 0.00599331 0.0196026 8.61479e-05 0.00439631 0.0212827 0.000319886 0.000760304 0.000300657 0.000646533 0.000344139 0.000105846 0.00102705 -0.000214518 0.00255088 -2.7009e-05 -0.00101299 -0.0036522 8.92615e-05 0.000308666
internal_weight=1.91976e+06 1.67224e+06 1.61896e+06 920299 762943 157356 698658 512715 115082 1306 631 598 181 417 293 90 113776 50168 247519 89182 70079 158337 19957 10997 8960 138380 14597 2933 123783 95323
internal_count=1919762 1672243 1618957 920299 762943 157356 698658 512715 115082 1306 631 598 181 417 293 90 113776 50168 247519 89182 70079 158337 19957 10997 8960 138380 14597 2933 123783 95323
is_linear=1
leaf_const=0.0003062179965245531 -0.0042514525919056471 -0.0030707556811262696 0.0040607384596064834 -0.0034880378322270644 -0.00014942733068356586 -0.029056986429566403 0.0015665222919293955 0 0 0 0 0 0 0 0 0 -0.028883266067700222 0 0 0 0 0 0.039696477828535852 -0.036130438722912932 -0.019547899872168276 0 -0.056965962833480793 -0.56650796768517464 -0.0046394236487560031 -0.0025710332255592496
num_features=1 4 2 2 2 2 2 1 4 4 3 4 4 4 3 3 3 3 4 3 4 4 3 1 1 3 3 3 3 3 4
leaf_features=4  1 4 7 9  0 1  4 9  4 5  4 5  4 9  4  4 6 8 9  4 5 6 8  4 6 8  4 5 6 8  5 6 7 8  4 5 6 8  4 5 7  4 5 7  4 5 7  4 6 9  4 6 8 9  1 4 8  1 4 6 8  1 4 6 8  1 4 9  1  1  1 4 9  1 4 9  1 4 9  1 4 9  1 4 7  1 4 7 9  
leaf_coeff=-0.00028538748365252304  0.00093944217211852372 -0.00288200096427233 0.0009364236716264241 1.5482387939358411e-05  0.0011350478681531717 0.00046704838884676844  -0.0016686927872801684 0.00024550384621241372  -0.0020684123382109123 0.0011085550304969162  -7.4224801558712977e-06 2.324512577633539e-05  -0.0021708630158058574 0.0047934230777569422  -0.00072011505166442731  0.007251905973188171 0.00074635469600612271 -0.012765688198155579 0.00063553540111295221  -0.36154098906555421 0.2982707036986767 -0.52469008945249695 0.92140559981471604  0.0026205712402044504 -0.0060066044632509199 0.0089985872911048769  -46.042258064192723 42.41471570952563 -42.248558800737378 5.7857207825538355  0.29023297351823202 -0.12353232846977349 -0.0024697044337315789 -0.94610772004634791  -254.98666480295361 232.52868871092798 -234.560995394364 45.372894348949195  28.908235228026708 -7.4916786762392578 -0.041608934275814136  0.2709319948686077 -0.087448734279080176 0.024426764999045149  1.871797859056747 -0.42228475091880002 -0.10940764429816739  0.000134090750584151 -5.3502675799931014e-05 0.0038846263031921181  -0.0029984674877329373 8.909248128802597e-06 0.00078914888582500497 0.00061669927573043649  0.00021581728116802645 0.0010755945458785722 -0.0018857013954171498  -8.0699172956042942e-05 0.00059764109670152265 0.00033335141618199285 -0.0010223442661006833  -0.0041857832873100969 -0.0058740806767197291 -0.07704642882957842 0.13205130572638382  0.011308325890344407 -0.0038810051437619731 -0.013219482795963701  -0.0052448319998243953  0.0045843784060606296  0.004095086944780846 -0.0008159730838767532 -0.0012892937376857594  0.0098609266392059372 0.0023828426583157661 -0.012069919472052382  0.0098619446515470395 0.00019549768900949344 -0.001961565426396944  0.0015449311611300588 0.0023525687293907364 0.086389823024728696  0.00022864220507450781 0.000732821610197186 0.00011071343279892565  -0.00013817527404443101 0.00056628938082815741 2.9095422005609268e-05 0.00049193203661587477  
shrinkage=0.1


Tree=58
num_leaves=31
num_cat=0
split_feature=9 9 4 4 8 1 4 1 1 1 1 5 5 1 1 4 1 1 1 6 9 6 5 4 6 7 5 4 4 9
split_gain=2.24523 9.08341 2.76156 1.94478 2.00545 3.06716 2.44647 2.09672 4.65123 2.96691 6.02311 3.86154 2.92775 2.63229 2.16608 5.01109 3.39659 2.41547 1.96833 1.92103 4.92604 1.91659 1.89277 1.8433 2.6161 2.09659 2.32263 1.64262 1.59347 2.57438
threshold=6.3603544996165118 6.5616743209359241 6.463808880305316 6.463808880305316 3.0000000000000004 6.7782157456601473 3.7256208424938388 6.5095137387474162 6.4669217251709874 6.4256787406815397 6.3638894301961892 7.6627028328308873 8.4408519523347412 6.5574880794851564 6.3306113777081938 1.4978661367769956 6.2719327192022343 6.3534997185584592 6.5950969868555456 7.2345018017286149 6.3204042442512467 5.5533984337854738 8.5196900666397344 4.1820210059610323 6.3741912006830921 5.7468554295781731 10.292603064623696 6.8992188208074312 4.863673427408628 7.5121052670435509
decision_type=2 2 2 2 2 2 2 2 2 2 2 2 2 2 2 2 2 2 2 2 2 2 2 2 2 2 2 2 2 2
left_child=2 -2 19 4 5 6 7 8 9 10 14 -11 -10 -9 16 17 -3 -16 -15 -1 -21 -18 -12 -6 25 26 -25 -5 -28 -30
right_child=1 3 -4 27 23 -7 -8 13 12 11 22 -13 -14 18 15 -17 21 -19 -20 20 -22 -23 -24 24 -26 -27 28 -29 29 -31
leaf_value=0.0002800679297312501 -0.0092883744334008259 -1.8063566910199717e-06 -0.0092025233559238102 0.0017962712311823837 -0.00029026315500200019 0.0012959989823545003 0.00095667616977817736 -0.0047183101423039948 0.0068785118659356968 -0.0066971246768835401 0.0063466769466095727 0.0040965170440410426 -0.0041593990321238559 0.0024913789576166807 -0.011492613730294388 0.0063851456132540179 0.0057690174342136776 -0.00048302861737920162 -0.0012994947855830409 -0.0063738566028828519 0.0018538639828366262 -0.0008424325412747885 -0.0012662478409023311 0.00049258190771176043 0.001045457916296836 0.0004274977993250045 -0.00062436465208910242 -0.0026548937418575374 -0.00025007458751914784 0.00087184520691166673
leaf_weight=306874 1063 652426 309 8736 457673 19959 27886 1913 1504 1353 1957 439 286 1646 623 331 1586 293 8159 1470 1441 606 392 45732 22639 72257 89387 916 166591 23315
leaf_count=306874 1063 652426 309 8736 457673 19959 27886 1913 1504 1353 1957 439 286 1646 623 331 1586 293 8159 1470 1441 606 392 45732 22639 72257 89387 916 166591 23315
internal_value=0 -4.747e-05 0.000246389 -4.13634e-05 -4.99063e-05 7.362e-05 3.8836e-05 8.34026e-07 2.43121e-05 1.05059e-05 2.15686e-05 -0.00405292 0.00511491 -0.00132513 3.46518e-06 -0.00416034 1.13969e-05 -0.00797099 -0.000663107 0.000255814 -0.00230098 0.00394122 0.00507624 -0.000151442 -1.39554e-07 -5.97226e-05 -0.000168038 0.00137384 -0.000276209 -0.000112335
internal_weight=1.91976e+06 1.60967e+06 310094 1.6086e+06 1.59895e+06 721359 701400 673514 661796 660006 658214 1792 1790 11718 655865 1247 654618 916 9805 309785 2911 2192 2349 877594 419921 397282 325025 9652 279293 189906
internal_count=1919762 1609668 310094 1608605 1598953 721359 701400 673514 661796 660006 658214 1792 1790 11718 655865 1247 654618 916 9805 309785 2911 2192 2349 877594 419921 397282 325025 9652 279293 189906
is_linear=1
leaf_const=0.00059319995162447907 -0.28856110964670734 0 0 -0.017050116036557483 0 0 0 0 0 0 0 0 0 0 0 0 0 0 0 0 0 0 0 0 0 0 0 0.70258682020867136 0 0
num_features=3 1 4 2 2 3 4 4 4 5 5 5 5 5 4 4 4 5 3 4 3 3 5 5 6 4 5 6 2 6 6
leaf_features=4 6 9  9  1 4 8 9  4 9  4 9  4 8 9  1 4 8 9  1 4 8 9  1 4 8 9  1 4 5 8 9  1 4 5 8 9  1 4 5 8 9  1 4 5 8 9  1 4 5 8 9  1 4 8 9  1 4 8 9  1 4 8 9  1 4 6 8 9  1 8 9  1 4 8 9  4 6 9  4 6 9  1 4 6 8 9  1 4 5 8 9  4 5 6 7 8 9  4 6 8 9  4 6 7 8 9  4 5 6 7 8 9  4 9  4 5 6 7 8 9  4 5 6 7 8 9  
leaf_coeff=3.7557398336436095e-05 -5.9849910994158598e-05 -1.3702958594646876e-05  0.042938862734797571  -3.636110958238192e-06 -4.6098132015556782e-05 0.00037360510149354642 -8.7730289927310718e-05  0.0071459470899341683 -0.0096438136870574467  0.0024292297289763456 0.00036615667447055246  -4.809634732752075e-05 0.00025477424747520351 -0.00016520976647348975  -0.00041199406650457154 0.00025807018446841239 0.0041401105771423198 -0.00057309604344664151  -3.9614719003412598e-05 0.0017913790328639165 -0.0034665900775595394 0.00011986679647789656  -0.066686049084607887 0.00159184346266001 0.21589159282265058 -0.00024970222061853064  -0.10404805000330573 -0.0029953623884110495 0.00048406084957776656 0.35596283881824498 -0.0041129036643543946  0.10907406756284273 0.0032061316017023334 -0.00075523787930521509 -0.34736465576155667 -0.0020872339026151822  -0.079198676933215362 0.00038748910490666867 -0.00032486839397047053 0.2744276997939693 -0.0049638861530969976  0.12860989662920827 0.0024415300186993146 -0.0011346594986427229 -0.39716752014921058 -0.0039238111590408579  -0.086713972583355808 0.0031325138328119175 -0.0053595423398128178 0.28945591979874408 0.0025731170656981385  -0.12516128749396455 -0.0014613964560961903 0.41965013209173085 -0.0017475418852363146  -0.071861193791259312 0.0027758655345894502 0.22794775426582703 -0.0016112626696731525  0.060902533026347253 0.00051754818827393361 -0.17377713382787796 -0.0047296616636194784  -0.0073030735100179101 0.0061623336714068562 -0.0033237503496887188 0.04763817385461238 -0.005996607323821835  3.4996060937253222 -11.122550803599367 -0.0011197921078331507  0.0095647071676368996 0.00048299409295476139 -0.041868865739488829 0.0025351308198498625  0.00016569111887552169 -0.014179487875750851 0.016531435544342801  -0.00017610445119040641 0.00073686524136533653 -0.0005295032859649496  0.038675984047620154 0.00090068308145661239 0.0024742087615358763 -0.11601014152317211 -0.004182971653239065  -0.13139399735692178 -0.00059989264657558385 -0.0025813471991970511 0.43059156748745964 0.000442646784862899  -0.015543813559076042 0.015729050513511918 -0.016425865064272772 -0.0021580777566701619 0.0047835286397896921 -0.00044301399820532165  0.00062665453089421036 0.010415036747584903 -0.017985400390155861 0.0003319760574627018  0.00087272339499408491 -0.0044441297671412817 0.0078495911463370947 -0.0053617643079285852 -0.00017697039334597654  -0.064066870020646538 0.061942854239743217 -0.063505777128161633 0.0016493781017651449 0.0036560715066403793 -0.00060231297417822076  -0.10220331999789778 0.00040007337185841155  -0.064102719439890724 0.063859139590222672 -0.06429017337080177 0.0033148633602275053 -0.0025110024991801816 -0.00059834109032672056  -0.10618946979711411 0.10596770392260453 -0.11073464703368643 0.0030052557328431708 -0.011494445800781251 0.0080291748046875007  
shrinkage=0.1


Tree=59
num_leaves=31
num_cat=0
split_feature=9 3 9 9 4 8 9 1 1 5 4 4 4 4 4 9 9 9 0 4 5 7 5 5 6 7 9 5 7 5
split_gain=1.90433 1.76151 1.4584 1.34913 1.95495 1.28918 1.7957 1.53945 1.41785 1.30656 2.74814 3.94547 3.34664 1.92413 2.02118 1.29858 1.86295 1.10326 3.11845 1.26347 1.03849 1.09673 0.957421 0.942197 0.989119 1.14281 1.27632 1.98277 1.43494 1.54851
threshold=7.0413885088913739 3.0819799909055035 7.1718446704695902 7.4713273731927385 5.7446031891748186 3.0000000000000004 7.3973316563438791 6.788408362650876 6.9730746354109483 12.063702303823005 6.1081352352533109 6.0879098011795767 6.2275238364393255 6.2412495553129679 6.1081352352533109 7.4040126385048 7.287303286647794 7.3967569656557313 1.0000000180025095e-35 3.8815106545092593 11.790273070290775 5.5775076527351244 12.481632157775154 12.642878137136897 6.7805467106289585 5.7468554295781731 6.3204042442512467 11.153783193736913 5.8144747618653092 10.561305438458644
decision_type=2 2 2 2 2 2 2 2 2 2 2 2 2 2 2 2 2 2 2 2 2 2 2 2 2 2 2 2 2 2
left_child=1 23 -2 5 -5 7 17 15 -9 13 11 -11 -12 14 -8 16 -4 -7 19 -19 -3 -22 -14 24 -1 -26 27 28 29 -27
right_child=2 20 3 4 -6 6 9 8 -10 10 12 -13 22 -15 -16 -17 -18 18 -20 -21 21 -23 -24 -25 25 26 -28 -29 -30 -31
leaf_value=2.7050098411655097e-05 -0.0068829605692908875 0.0005819371782369348 8.6301693756012842e-05 5.0823555025797692e-05 0.0014204722258519631 -0.0001043586428545094 -0.00054408054551432366 0.0027723204959863843 0.00038804682862901286 0.00013907020938413631 -0.0043584077490512203 0.0043861736113680249 -0.001242273538617318 0.01260648966485819 -0.0060136627432324299 0.00015952833749016411 -0.00044813399373135412 0.00040926866138852182 -0.0008632963005190073 0.0038036751066968461 -0.0056784279311874082 0.0040704945782314983 0.0006519107105968908 0.0013112065310615076 0.00059746600852939675 -0.00026647599276228098 0.00027980563726769873 0.0021492795285219224 -0.005073098042194208 -0.014033249263424252
leaf_weight=609968 315 57346 123405 310567 10783 181311 191810 3540 8442 6940 2109 3194 4162 111 678 168848 138345 1613 4705 3425 126 1371 7436 6158 60399 1636 8300 971 1662 86
leaf_count=609968 315 57346 123405 310567 10783 181311 191810 3540 8442 6940 2109 3194 4162 111 678 168848 138345 1613 4705 3425 126 1371 7436 6158 60399 1636 8300 971 1662 86
internal_value=0 0.000124638 -7.95925e-05 -7.77631e-05 9.67825e-05 -0.000143746 -0.000272086 -2.55798e-05 0.00109246 -0.000469313 0.000229016 0.00147766 -0.000694143 -0.000555756 -0.000563346 -5.66909e-05 -0.000196168 -4.86535e-05 0.000987984 0.0027169 0.000649813 0.00324994 -2.78267e-05 7.97984e-05 6.86963e-05 0.000416423 -0.000447646 -0.00183406 -0.00297704 -0.000954015
internal_weight=1.91976e+06 748023 1.17174e+06 1.17142e+06 321350 850074 407494 442580 11982 216440 23841 10134 13707 192599 192488 430598 261750 191054 9743 5038 58843 1497 11598 689180 683022 73054 12655 4355 3384 1722
internal_count=1919762 748023 1171739 1171424 321350 850074 407494 442580 11982 216440 23841 10134 13707 192599 192488 430598 261750 191054 9743 5038 58843 1497 11598 689180 683022 73054 12655 4355 3384 1722
is_linear=1
leaf_const=0.0004955212128024952 -0.41509729885992785 0.0035227847543682247 0 -0.034305845578853682 -0.18670234448391057 0 0 0 0 0 0 0 0 0 0 0 0 0 0 0 0 0.062690967749267662 0 -0.084222398356860143 0.0075217002913730013 0 0.013857209654539916 0 0 0
num_features=4 1 3 3 2 2 2 4 3 3 4 4 4 4 4 4 3 3 2 3 3 4 4 4 2 4 4 4 4 4 4
leaf_features=3 5 6 9  9  3 5 9  1 8 9  4 9  4 9  8 9  4 5 8 9  1 8 9  1 8 9  4 5 8 9  4 5 8 9  4 5 8 9  4 5 8 9  4 5 8 9  4 5 8 9  1 8 9  1 8 9  4 9  0 8 9  4 8 9  3 5 7 9  3 5 7 9  4 5 8 9  5 9  5 6 7 9  5 6 7 9  5 6 7 9  5 6 7 9  5 6 7 9  5 6 7 9  
leaf_coeff=4.41148512696683e-05 2.3963893916302784e-05 -5.9929257006668831e-05 -5.1724056966100458e-05  0.057342904493725658  -0.00029554186838908901 -4.7681760703136277e-06 -0.00021560434241842954  -9.3154699125318216e-07 0.0084503798756685455 -0.0023231504020042593  -2.7357449101593492e-05 0.0045855116051356504  -0.00074409186663049187 0.025681599384950005  -0.0032694846783122957 0.0017935362948254153  1.7098369673806958e-05 2.9077212622852233e-05 -0.015446124855793643 0.0082004486353184809  0.0034892810283772228 -0.0037249818769311107 -0.0018806766748873827  0.00064914507187594514 0.016992890644691984 -0.0052871263170409582  -0.0071206405466765601 0.0072675201494567191 -0.084459721983809299 0.039183822866804267  0.0066136437320138521 0.0046912102639355526 -0.17190579413363594 0.078700218634048733  0.017689125020814347 0.006815369513461178 -0.11809003377202316 0.038295945622940059  0.005684925191994772 -0.0008285659254219091 -0.015639243004818584 0.0047732593944658681  -0.012672414415459344 -0.078495749579138879 0.94159265006219361 -0.36778644941377936  0.021074383622416804 0.0026664761139528538 -0.12807116916501401 0.04636044799185584  -3.5409134565987658e-05 0.035312260694874455 -0.0094753347878778985  -2.6032964924878464e-05 0.0040706538975229028 -0.0011657096339682484  0.00019230000479079998 5.2517203172270869e-06  0.0004897607140181816 -0.0003662109375 3.0517578125000002e-06  0.00037552200150888296 0.00043945312500000001 -1.2207031250000001e-05  -0.001637999083563424 0.019665961862361317 -0.071039141440184042 0.02718533382875421  0.001154672228838044 -0.0003837004263807842 -0.0038028143785794558 -0.0057133983413904859  0.00037620459243941089 0.0037915397379488791 -0.032525481653732417 0.01079400685247265  0.0074106929329047951 -0.0013495972809552947  6.4949602449005522e-05 -0.00090526920271845064 -7.7292411228178928e-05 -0.0001328810484359233  -0.0016623287094995388 -0.0026732415423275317 0.028576190456976038 -0.022274065669459733  -5.2161137205738312e-05 8.80823835210709e-05 -2.9895118356160211e-05 -0.0020525232584594987  -0.00029796619511657241 -0.00066126509155566286 0.0011970165992870819 0.00051238899177405981  -9.0271324598933941e-06 -0.010856561814490462 0.0090520546295273629 0.0027583004260165467  0.020210404236560467 0.058734433713289042 0.023286912446155841 -0.131191508412212  
shrinkage=0.1


Tree=60
num_leaves=31
num_cat=0
split_feature=8 4 4 1 1 7 3 9 7 5 6 7 6 7 5 6 6 4 5 7 1 1 1 1 4 9 1 1 1 1
split_gain=1.69778 3.56093 2.94374 1.90945 2.14456 3.51244 9.90759 2.02247 8.42311 7.65582 6.17314 3.88139 5.82543 11.6775 5.93971 4.24963 5.4051 3.08398 2.9162 2.0265 1.60068 2.21822 1.87337 1.83258 2.94425 1.59754 1.58075 1.49674 2.66208 2.76143
threshold=3.0000000000000004 3.7256208424938388 4.863673427408628 7.5408869918967314 6.7575134468376428 5.5071275225338931 5.9655435960308756 6.0514929658566965 5.4617018978108733 11.035163819861436 5.741781982444456 5.7413866837872307 6.2403405665095981 6.0510967590961071 12.321512938907142 6.3398036457142659 6.7313530529011913 6.463808880305316 12.161741897950774 5.5856178035546149 5.9467277988936109 6.1147871526576338 6.2235673486733658 6.0924398260614181 1.8688348091416842 7.5121052670435509 6.9730746354109483 6.4256787406815397 6.4669217251709874 6.5095137387474162
decision_type=2 2 2 2 2 2 2 2 2 2 2 2 2 2 2 2 2 2 2 2 2 2 2 2 2 2 2 2 2 2
left_child=1 20 -2 4 7 6 -6 8 -4 -10 19 17 -13 14 15 18 -17 -12 -14 -11 -1 23 -23 -22 -25 -9 -7 -24 -29 -30
right_child=2 -3 3 -5 5 26 -8 25 9 10 11 12 13 -15 -16 16 -18 -19 -20 -21 21 22 27 24 -26 -27 -28 28 29 -31
leaf_value=2.1627651130535115e-05 -0.00018263259402219974 0.0010601097901688009 -0.014886157549534144 -0.010441498055960433 -0.0020713413485801287 0.0037453258066535073 -0.055012855751556344 -2.5348576096646464e-05 0.0085079524279171367 -0.0067877380006453577 0.0015964639727039183 0.0043466919824733576 0.0021169975037510333 0.0034822480607782169 0.0020893576100838086 -0.02361386072356254 0.0023000368610658546 -0.0088744391344095543 -0.019748344526186096 -0.022184975695944281 0.0016024832095958977 -0.001610009509623114 0.0016939136617666877 0.010012368917612122 -0.0026366752271580326 0.00077741387889209367 0.0010131412782021145 -0.0032626207228453248 0.0039935251323463244 0.0002424539401245604
leaf_weight=727261 793571 37515 331 169 304 3454 40 236202 1348 425 21565 885 185 859 242 560 94 285 91 107 6187 4531 8837 648 257 27697 5473 2040 2074 36525
leaf_count=727261 793571 37515 331 169 304 3454 40 236202 1348 425 21565 885 185 859 242 560 94 285 91 107 6187 4531 8837 648 257 27697 5473 2040 2074 36525
internal_value=0 0.000108225 -8.17167e-05 0.000184949 0.000190932 0.00168818 -0.00822733 0.000143211 0.000967937 0.00116488 0.000773604 0.00100255 -0.00242432 -0.00537476 -0.0118664 -0.0154979 -0.0198892 0.00145989 -0.00509223 -0.00988455 6.29288e-05 0.000554536 0.00033619 0.00221728 0.00642032 5.89038e-05 0.00207027 0.000514423 0.000257941 0.000444006
internal_weight=1.91976e+06 825875 1.09389e+06 300316 300147 9271 344 290876 26977 26646 25298 24766 2916 2031 1172 930 654 21850 276 532 788360 61099 54007 7092 905 263899 8927 49476 40639 38599
internal_count=1919762 825875 1093887 300316 300147 9271 344 290876 26977 26646 25298 24766 2916 2031 1172 930 654 21850 276 532 788360 61099 54007 7092 905 263899 8927 49476 40639 38599
is_linear=1
leaf_const=0 0 0 0 0 0 0 0 0 0 0 0 0 0 0 0 0 0 0 0 0 0 0 0 0 0 0 0 0 0 0
num_features=3 2 2 4 3 5 4 5 4 5 6 6 6 5 5 5 6 5 6 5 6 3 3 3 3 3 4 4 3 3 3
leaf_features=1 4 8  4 8  4 8  1 4 7 9  1 4 8  1 3 4 7 8  1 4 7 8  1 3 4 7 8  1 4 8 9  1 4 5 7 9  1 4 5 6 7 9  1 4 5 6 7 9  1 4 5 6 7 9  4 5 6 7 9  4 5 6 7 9  4 5 6 7 9  1 4 5 6 7 9  4 5 6 7 9  1 4 5 6 7 9  4 5 6 7 9  1 4 5 6 7 9  1 4 8  1 4 8  1 4 8  1 4 8  1 4 8  1 4 8 9  1 4 7 8  1 4 8  1 4 8  1 4 8  
leaf_coeff=-5.5286892761906271e-05 -7.9203320949984817e-05 0.00011695920620568243  -2.2280874031776774e-05 -2.8957543519338031e-05  0.00193270477075298 -0.0033324024555319467  -0.0013512896636560024 -0.012613129197578489 0.057091763575795089 -0.043143318223889088  -0.008560328317165045 -0.0047119851344468167 0.020472143312639447  0.0061191314621131809 0.00016556982718598514 -0.0076932225336325162 0.05287801258909397 -0.073581124470992881  1.5572228538474064e-05 0.0021463231404269313 0.00060485447880651586 -0.0029727998498998431  0.11596846868863793 0.42960668551720577 0.01882008196938614 -0.15479604726999696 -0.68439621953875762  -2.3722227055133322e-05 0.00015327079303487746 0.00011642587449095798 -0.0001893805403357844  -0.00066802679319227234 0.0084355918328213875 -0.01644696476531813 0.012608103047516295 0.012692431252168035  -7.7698302301867919e-05 0.35675689848722247 -0.35228730181529078 0.41676578655662838 -0.10369393438788849 0.029186121849937765  0.00033216222835055629 0.094368387417095079 -0.09334464080436114 0.093954527662800658 -0.0088418275413349786 0.0069148511621985875  0.00040123105226106407 0.035830542995890724 -0.035039618819941158 0.018428216602228532 0.012598976310044209 0.004637064279862102  0.024532925460793109 -0.032876122737125972 -0.0054170501697228708 -0.01633939395609332 0.065232319798383287  -0.015343025554385293 0.015304719544905511 -0.019943221520615853 0.0030184414461501777 0.0027105643703279727  0.0063093087939797956 0.0040015128292168354 0.0095437487330350748 -0.0010198713817544558 -0.024082871385709838  0.00085252725228848194 0.54646551616533545 -0.59283444433531263 0.45836152206429692 -0.020767940420353171 0.20668825251586898  -0.019333436912643265 0.016861898719957937 -0.02792708355252671 -0.0027180496541745927 0.018406801329388146  0.0011763965100783037 12.66821104772389 -12.656075534224511 12.671044619381428 -0.016002198152369831 -0.023336276480404195  1.2006207773016742 -1.1580163105459178 1.0672931757675315 -0.18227461434798897 0.22737852881837173  0.0013739671082372952 72.317041813582179 -72.065266790986058 72.286561896279451 0.18423389501672319 -0.72060014292073904  0.0051226318295938718 0.00059692637665181294 -0.014948912577048647  -1.3291601412390719e-05 0.00040460324625246559 -0.00094153214199081963  0.012493474229064817 0.00045955428937027241 -0.038869269395570429  -0.95170855591313741 -0.0032212250078941908 2.9094612017324835  -0.063411198553876599 -0.00075171351326908109 0.19344830413738237  -0.00014586085532773162 0.00087700510368269593 -0.00078430175781250009 -6.866455078125e-05  0.005108502669319526 0.00018716734189328511 0.0034753129600296976 -0.014147069330618933  0.078767432710992583 0.002240705631403328 -0.25651707510296545  -0.088370699501047062 -0.00262840197964771 0.28969895002373963  0.0011678004730486247 0.00029856412650074664 -0.0040629187502742251  
shrinkage=0.1


Tree=61
num_leaves=31
num_cat=0
split_feature=1 1 1 1 1 9 9 4 0 7 6 9 4 6 6 4 5 4 4 7 4 9 6 7 7 5 9 9 6 7
split_gain=1.52724 2.33213 2.30285 1.68828 2.3116 1.43237 7.34567 1.86282 1.80462 1.72828 1.49955 3.92632 1.35946 1.29959 1.83256 2.4799 1.78299 2.45366 2.69113 2.27749 2.45473 3.58509 1.97812 6.76614 5.95723 2.46773 2.13789 1.46267 1.42206 1.29973
threshold=7.2060062339413085 7.6398827302766898 8.0819387425566926 6.9730746354109483 6.6852363373681447 6.3603544996165118 6.5616743209359241 6.463808880305316 1.7005986908310777 5.6751980147062477 7.2345018017286149 6.3204042442512467 2.8617925509761908 6.937418885832872 6.0340132551151688 4.4005842009683471 12.547839767963366 3.5114340430413216 5.2176457913436565 5.6774346686370061 6.3587080675902401 6.3204042442512467 6.3398036457142659 5.8867145334610393 5.7387779198706923 12.109368995281573 6.3204042442512467 6.0514929658566965 5.3289933222764185 6.145546372902067
decision_type=2 2 2 2 2 2 2 2 2 2 2 2 2 2 2 2 2 2 2 2 2 2 2 2 2 2 2 2 2 2
left_child=3 -2 -3 4 5 7 -7 8 10 -8 13 -12 -11 14 15 -1 17 -16 -19 27 22 -22 25 24 -24 -21 -26 -20 -17 -15
right_child=1 2 -4 -5 -6 6 9 -9 -10 12 11 -13 -14 29 16 28 -18 18 19 20 21 -23 23 -25 26 -27 -28 -29 -30 -31
leaf_value=0.00019218821445103517 0.0013198296406137476 -0.0014077294697706013 0.002461018093198649 -0.0011033834287173866 0.00092952250599445316 -0.0083725152876049022 -0.00012206957188986217 -0.0078122316152369449 0.005148270880932667 -0.0001094761758655694 -0.0057143341116353769 0.0016312013476528617 0.00023051175840974449 0.00088813932780810144 0.00021663512437128442 -0.00921796272090805 0.0019814077601966879 -0.0011250377204803251 0.0017604757187029531 0.0023422262882550038 -0.027610215686616448 0.0039470051962231835 0.0014637953179195064 0.0019991785366560372 -0.020568493255126625 -0.0019196088066151193 0.0045431800790735194 -6.3273254727004154e-05 0.001392053061024858 -0.0048350712960928827
leaf_weight=92775 20127 7335 1947 14046 26214 1061 1048762 291 733 187768 1470 1441 314760 30684 77259 127 3982 40020 8466 2295 84 63 227 781 405 3330 37 9151 23719 402
leaf_count=92775 20127 7335 1947 14046 26214 1061 1048762 291 733 187768 1470 1441 314760 30684 77259 127 3982 40020 8466 2295 84 63 227 781 405 3330 37 9151 23719 402
internal_value=0 0.000715091 -0.000596218 -1.11241e-05 -2.94743e-06 -1.61596e-05 -5.46947e-05 0.000184753 0.000192576 -4.90058e-05 0.000180334 -0.00207816 0.000103476 0.000202711 0.000130366 0.000425975 -0.000105598 -0.000164074 -0.000617568 0.000200056 -0.00129548 -0.0140857 -0.00102974 -0.0043231 -0.0117038 -0.00018078 -0.0184664 0.000813145 0.00133555 0.000814128
internal_weight=1.91976e+06 29409 9282 1.89035e+06 1.87631e+06 1.85009e+06 1.55235e+06 297742 297451 1.55129e+06 296718 2911 502528 293807 262721 116621 146100 142118 64859 24839 7222 147 7075 1450 669 5625 442 17617 23846 31086
internal_count=1919762 29409 9282 1890353 1876307 1850093 1552351 297742 297451 1551290 296718 2911 502528 293807 262721 116621 146100 142118 64859 24839 7222 147 7075 1450 669 5625 442 17617 23846 31086
is_linear=1
leaf_const=-0.0056318276719750761 -0.023358676710150662 0.0078479055475625618 -0.032194610433096925 -0.055375877722674716 0.01203000274080992 -0.28597599349457142 0.00067568604243034569 0 -0.049043340541471282 -0.0071334976078450303 0 0 -0.0039609925587088318 -0.0078297471444528817 -0.0093653221294051747 0.22897609514376427 0.054630709502521316 0.0013649983070603612 0 0.027100672189686748 0 0 0.15222563738952888 0.060420878269678728 0 0.21546239258650532 0 -0.38333188099841209 0.011448597064634925 -0.39054035542530985
num_features=5 1 1 1 1 1 2 3 3 4 4 3 3 4 4 6 5 4 6 6 7 7 5 5 5 7 7 5 6 5 4
leaf_features=0 1 4 6 9  1  1  1  1  1  1 9  1 7 9  1 4 9  0 1 4 9  1 4 7 9  4 6 9  4 6 9  1 4 7 9  4 6 7 9  0 1 4 5 6 9  0 1 4 6 9  4 5 6 9  0 1 4 5 6 9  1 4 5 6 7 9  0 1 4 5 6 7 9  0 1 4 5 6 7 9  4 5 6 7 9  4 5 6 7 9  4 5 6 7 9  0 1 4 5 6 7 9  0 1 4 5 6 7 9  4 5 6 7 9  1 4 5 6 7 9  0 1 4 6 9  4 6 7 9  
leaf_coeff=4.8068817746926151e-05 -4.1156534987871132e-05 0.00013154348996191278 -0.00013748759368247248 0.0010198281596184606  0.0033260249306389157  -0.0011911185400171221  0.0040612561927875655  0.0076604970756950054  -0.0016268319493297767  0.00014952764177329493 0.04264870784447794  1.7664766065340031e-05 -1.3830584333034048e-05 -0.0001028072571258018  0.0013407532729400901 0.005374634491123232 -0.0075159150695874649  0.015366937095723499 0.0001278280353857797 -0.0012235578248255303 0.004283903062809547  -0.00018624036886404701 0.00014272192396066579 0.00096362241732195208 0.00014330207779149063  0.00012750054611867511 -0.013218754547496304 0.015457197867445416  -0.0001308938163688378 0.00078518507619875779 -0.00062824117823581107  -7.1267688289599354e-05 7.7534269855561447e-05 0.0010101859367211087 -0.00026540522946680301  6.745039314016433e-05 0.0010545074821720847 -0.00014125373604532941 0.00029793974030262182  -0.00090854179364943189 4.2540766289275553e-05 0.0031237929286079547 -0.0026715630405650115 0.0031405815717491237 0.00083132176559846396  0.0039079679293516634 -0.0028398637003169691 -0.032349935800833056 -0.045360352435514534 0.026406330850089789  0.08679019266143656 -0.085770145608252343 0.081132011603533283 -0.0050010137853248263  -0.0032242181132347975 0.00064896542436548236 0.052461572551984408 -0.051529177129601325 0.051558209010102024 -0.00124758508124172  -0.0015217670661436312 -0.0031765082751462614 0.0038325061195592981 -0.0023804516658309186 0.0016462786281167042 -0.0034608036477848715  -0.0077270711192870796 0.0011084384651471769 -0.035096188449996291 0.033832545835455807 -0.032884054625297664 0.0014250763246103305 -0.0051268267410038877  0.025914402989906195 0.000351763471439881 1.7630590795917671 -1.6801901545579314 1.8585861777712127 0.2593313049437711 -0.53226548224192816  0.28172489918734983 -0.20581338921795123 0.29485136653524363 -0.096676530009881398 -0.074704425090976662  -0.039879928387941278 0.040767698583158207 -0.054145129737753456 -0.013105190241253695 0.0007616052222250147  -0.01290879654071091 0.0066316701336852192 -0.0088493937698238771 0.0022272901860738159 -0.003836138655813115  -0.010934699062532971 0.0023045424160219596 1.0001837497571615 -0.99793478964024873 1.0305448855657688 -0.036396919281423835 -0.0066510214995105345  -0.013111070850545126 -0.00058256047384488421 0.21183014984818024 -0.20955626430682717 0.20414663641231529 -0.038354182694487808 0.0033286145508810818  -0.07610275621282199 0.064040191891399451 -0.092744264101929735 0.041323619916056487 0.0020479447090110624  -0.00060559977769099468 0.042430842207036371 -0.042992262120058869 0.044944277220296175 0.0016757539731953931 0.057436175463817567  -0.00012872895489128081 6.9234831791403382e-05 -0.00049285734288903452 0.0015208620197523005 -0.0026807511721378408  0.0033061828951645115 0.017822808602454644 0.026699991646616184 0.014408758528617139  
shrinkage=0.1


Tree=62
num_leaves=31
num_cat=0
split_feature=8 4 4 1 1 6 3 9 7 5 6 7 6 7 5 6 6 5 4 6 7 9 6 7 4 4 1 1 1 4
split_gain=1.42652 2.77647 2.27284 1.55529 1.68721 2.91994 6.21632 1.34391 6.77052 6.02188 5.1365 2.58215 4.30903 7.94952 3.65793 4.32616 2.75685 2.11851 2.04956 1.73238 1.68848 1.29604 1.28621 1.65667 1.3322 1.727 1.16619 2.02611 1.47868 1.43555
threshold=3.0000000000000004 3.7256208424938388 4.863673427408628 7.5408869918967314 6.7575134468376428 5.6756359132076737 5.9655435960308756 6.0514929658566965 5.4617018978108733 11.001824803350063 5.741781982444456 5.7413866837872307 6.2170414987720379 6.0510967590961071 12.269903885284515 6.3618821036035484 6.8596425165218067 12.109368995281573 6.463808880305316 6.2643534266153287 5.5876144381198438 7.5121052670435509 6.3090024549280033 5.7519233548099864 6.6463896715344877 6.8992188208074312 5.9597150163265287 6.1147871526576338 6.2235673486733658 3.2384861814448418
decision_type=2 2 2 2 2 2 2 2 2 2 2 2 2 2 2 2 2 2 2 2 2 2 2 2 2 2 2 2 2 2
left_child=1 26 -2 4 7 6 -6 8 -4 -10 20 18 -13 14 15 17 -17 -14 -12 -19 -11 22 23 24 -9 -26 29 -28 -29 -1
right_child=2 -3 3 -5 5 -7 -8 21 9 10 11 12 13 -15 -16 16 -18 19 -20 -21 -22 -23 -24 -25 25 -27 27 28 -30 -31
leaf_value=7.4912291194591582e-05 -0.00016357353546322853 0.00093973057861915915 -0.01341921978818696 -0.0094310634279728342 -0.0031055221825730516 0.0018031358913035641 -0.049372205633853535 -0.00027397685703809885 0.0078049652087615762 -0.0062150236288914338 0.0013373517503534995 0.0042094955395299881 0.0023856185181690246 0.0030475337610200602 -0.00077938383758237903 -0.020519481202554424 0.001982043005266517 0.0026269626617431642 -0.0071985389481772459 -0.022914843016032933 -0.020341075691752711 0.00070093013872096408 0.0004991947854933673 0.00069729222213435796 0.0024256246948297921 -0.0024291009361566938 0.0021393482810367547 -0.0014499507563954385 0.00043746635445574374 -0.00036424200018146593
leaf_weight=643615 793571 37515 331 169 242 8996 33 170482 1230 454 21640 822 209 864 351 507 61 40 285 79 104 27697 39427 21714 3663 916 6567 4531 49476 84171
leaf_count=643615 793571 37515 331 169 242 8996 33 170482 1230 454 21640 822 209 864 351 507 61 40 285 79 104 27697 39427 21714 3663 916 6567 4531 49476 84171
internal_value=0 9.92081e-05 -7.48998e-05 0.000159416 0.000164816 0.00149285 -0.00865752 0.000122488 0.000794773 0.000971341 0.00064063 0.000853622 -0.00193296 -0.00432476 -0.00943275 -0.0128226 -0.0181029 -0.00367866 0.00122639 -0.0143294 -0.00884784 5.37641e-05 -2.21224e-05 -0.000126577 -0.000228767 0.00145447 5.92109e-05 0.000480791 0.000279119 2.41226e-05
internal_weight=1.91976e+06 825875 1.09389e+06 300316 300147 9271 275 290876 26977 26646 25416 24858 2933 2111 1247 896 568 328 21925 119 558 263899 236202 196775 175061 4579 788360 60574 54007 727786
internal_count=1919762 825875 1093887 300316 300147 9271 275 290876 26977 26646 25416 24858 2933 2111 1247 896 568 328 21925 119 558 263899 236202 196775 175061 4579 788360 60574 54007 727786
is_linear=1
leaf_const=0 0 0 0 0 0 0 0 0 0 0 0 0 0 0 0 0 0 0 0 0 0 0 0 0 0 0 0 0 0 0
num_features=3 2 2 4 3 5 4 5 6 5 6 6 6 5 5 6 6 5 5 6 5 6 4 5 6 6 5 3 3 3 3
leaf_features=1 4 8  4 8  4 8  1 4 7 9  1 4 8  1 3 4 6 8  1 4 6 8  1 3 4 6 8  1 4 6 7 8 9  1 4 5 7 9  1 4 5 6 7 9  1 4 5 6 7 9  1 4 5 6 7 9  4 5 6 7 9  4 5 6 7 9  1 4 5 6 7 9  1 4 5 6 7 9  4 5 6 7 9  4 5 6 7 9  1 4 5 6 7 9  4 5 6 7 9  1 4 5 6 7 9  1 4 8 9  1 4 6 8 9  1 4 6 7 8 9  1 4 6 7 8 9  4 6 7 8 9  1 4 8  1 4 8  1 4 8  1 4 8  
leaf_coeff=-6.4766853249509888e-05 -1.4240757465552825e-05 6.4225947755371365e-05  -1.8521578745932547e-05 -2.7010549359201132e-05  0.001695464593666496 -0.0029184740845666912  -0.0012156407582001455 -0.011111453426243046 0.046210613884500165 -0.034306176608507148  -0.0061069987553011634 -0.0042510888686983607 0.015373891225689818  -0.0038813510738912706 0.0017342172515522115 -0.0048633794342620943 0.059494729646224091 -0.072239808812277317  -0.0028048185393266148 0.00087660015366166635 -0.00018049720306407836 0.0044338369994719072  0.093398519124320956 0.37405104447857412 0.024065528685633809 -0.14818770384387109 -0.56919707011538778  -2.885158927886742e-05 0.00010201082247885505 -0.0011234527318608092 0.0034368450955920408 -0.002790527101655749 -0.0003163994324231423  -0.00048067902225997774 0.011046932343582228 -0.013462885215083277 0.010821774511676097 0.0064779739263514102  -0.00027039170008215374 0.33281316763351754 -0.32808267001458663 0.38038956267983082 -0.077958117710261385 0.01662583638675983  0.00027115213761306491 0.083190648554528762 -0.082442312372416643 0.082903287095136058 -0.0072949033845084443 0.0058411666973647415  0.00037963893796720831 0.0080733282919787548 -0.0066848758268150737 -0.0059285480162255769 0.010365836791247319 0.00212663049753985  -0.0013667459126480708 0.0057087913630766707 0.01767678570702742 0.0090009554484311149 -0.037511961864538534  -0.016846874200913221 0.015581146142164926 -0.019802162115032475 0.0021970636619165875 0.0041118482792512623  -0.00084224314652388841 0.22930071042266889 -0.20184628349206016 0.23869126050031042 0.010970294357628065 -0.079565095884179732  -0.00010324757169861699 2.8523164451966299 -2.8476643729198261 2.829591384230298 -0.0082138308691014576 0.017312399614093012  -0.013953647666393466 0.010472863114351583 -0.020380454225778524 -0.00075484334067397194 0.015857568238811837  -0.11907171125276933 -0.0088195948571410561 -0.10709391705513555 0.77067612698865562 -0.50052815663948425  0.00092468174629207762 11.400046150200069 -11.389662573486568 11.403132771328092 -0.014401945395110262 -0.020247542462311686  1.6459918120635848 -1.6216330530121923 1.6652505114368978 -0.016881693304094371 -0.059896451637905558  0.0011770143789334498 16.672396778315306 -16.615653888881209 16.649353130906821 0.2117474555248009 -0.31269119774806314  -0.00012986253703637109 0.00078290759355233131 -0.00070343017578125002 -5.8746337890625001e-05  -0.001693758765871068 0.0010018689120715376 0.00095055747758498457 -0.0034679251925361812 0.00036311623758908954  -0.00030891365278334953 0.00074431332779306453 -0.0073596481367860346 0.0074017090176612347 9.5655266234118137e-06 -0.0002192147574963943  0.00018425774241211183 0.010204990285202742 0.0026262265678349164 -0.00078719867767160787 -0.010367941490571653 -0.0050014103070581406  -0.092451816489427338 0.0042723929120956905 0.0014271600771293969 0.15058295023126078 0.00040468303427552147  0.018014417441176534 -0.00012160810902863487 -0.05324780940253504  2.2255300935114521e-05 0.00037124762396386073 -0.00095654121977304394  0.00023909290798231064 0.00026893798226736778 -0.00067666042603306  0.00014440808398930307 0.0014208235706383078 -0.0026630854734922106  
shrinkage=0.1


Tree=63
num_leaves=31
num_cat=0
split_feature=9 5 5 9 9 9 1 1 1 1 1 1 9 9 9 1 6 4 3 9 1 9 9 9 4 2 1 6 9 9
split_gain=1.2306 1.44501 1.82661 1.67497 8.72928 2.68398 1.67493 2.31624 1.50607 3.72344 2.67873 2.55833 1.5642 2.83377 1.54695 1.48282 1.59336 1.52467 2.34321 1.73888 1.33396 1.20276 1.1891 1.10946 1.19487 1.02518 0.956439 0.939114 1.55976 1.75077
threshold=7.0413885088913739 6.8015610439311045 8.6530344105171704 6.9534033917656322 6.679421601977551 6.7382419808712832 7.9067313605233123 7.7478126815626318 7.4051916194077991 6.8971996373756754 6.2719327192022343 5.9012653434919295 6.603745375804027 6.0514929658566965 6.3204042442512467 6.6939428633955229 5.7272202484528396 4.8242976514536702 5.9430444544147889 6.3204042442512467 7.1510934607486316 7.1718446704695902 6.3603544996165118 7.4713273731927385 5.5702492679694311 5.2632080553416527 7.6016521472294505 6.0038962119703276 6.3603544996165118 6.603745375804027
decision_type=2 2 2 2 2 2 2 2 2 2 2 2 2 2 2 2 2 2 2 2 2 2 2 2 2 2 2 2 2 2
left_child=1 3 -3 4 6 -6 7 8 9 10 11 -1 13 -11 -10 27 17 -17 19 -19 -14 -2 25 -23 -25 -12 -16 28 -4 -30
right_child=21 2 15 -5 5 -7 -8 -9 14 12 22 -13 20 -15 26 16 -18 18 -20 -21 -22 23 -24 24 -26 -27 -28 -29 29 -31
leaf_value=0.00047877306758147979 -0.0062423621662079341 -0.00021006079706733079 0.00067917038266414841 0.0010780239592111617 -0.011371651515588388 -0.003723355568061441 0.0048721108647327219 -0.0044704489606824998 0.0048873349722169043 -0.00040129595618095437 0.0060176131478587181 -0.0024255464101827942 -0.0022467538502557241 -0.0058853287489179628 0.0023917918213974057 0.0007406009343047062 0.0021170006561320055 -0.010732661192589326 -0.037847649243970716 0.0051936092307266687 0.0021755235563174257 -0.0001221389760601901 0.00099512709053329955 5.4381438959019476e-05 0.00098980434114308573 0.0024529703486541607 -0.00089203076088999124 -1.1577014663028044e-05 -0.0064500138236971332 0.000124861425046468
leaf_weight=31510 315 192624 67591 30556 666 1475 826 985 1406 1788 1074 3356 1440 1992 2061 582 6453 205 24 103 1296 850074 4335 307059 14291 3243 1557 226223 406 164246
leaf_count=31510 315 192624 67591 30556 666 1475 826 985 1406 1788 1074 3356 1440 1992 2061 582 6453 205 24 103 1296 850074 4335 307059 14291 3243 1557 226223 406 164246
internal_value=0 0.000100211 4.89505e-05 0.000477063 0.000165879 -0.00610251 0.000401871 0.000335985 0.000421974 0.000256243 0.00059005 0.00019922 -0.00197313 -0.00329129 0.00207249 0.000156053 0.00156352 -0.00234417 -0.0077518 -0.00540667 -0.000151991 -6.39647e-05 0.00216502 -6.23033e-05 9.59813e-05 0.0033398 0.000978604 0.000133437 0.000274691 0.000108649
internal_weight=1.91976e+06 748023 658457 89566 59010 2141 56869 56043 55058 50034 43518 34866 6516 3780 5024 465833 7367 914 332 308 2736 1.17174e+06 8652 1.17142e+06 321350 4317 3618 458466 232243 164652
internal_count=1919762 748023 658457 89566 59010 2141 56869 56043 55058 50034 43518 34866 6516 3780 5024 465833 7367 914 332 308 2736 1171739 8652 1171424 321350 4317 3618 458466 232243 164652
is_linear=1
leaf_const=-0.001813327890847738 -0.3672782952895432 0.00064729376665768619 -0.0060846451385982549 0 0 -0.27174322731284523 -0.014531858400435027 0.22210425301389025 0 0 0.055703447518786225 0.013630437813650077 0 -0.51986050151172092 0.022675197243336245 -0.043833465405560192 0.0097841229934189766 0 -1.6421006586784643 0.084742449626537569 0 0.0051500187700691319 -0.52607324463315308 -0.027293756888548161 -0.18265596789974553 -0.028435795218811677 0.15376824315667365 -0.0042952808816691833 -0.34247365305268435 -0.0012577805405491916
num_features=3 1 2 4 2 1 2 2 2 2 3 3 3 2 3 2 5 4 6 6 6 2 1 3 2 2 4 2 4 3 4
leaf_features=1 5 9  9  5 9  1 5 6 9  5 9  9  5 9  1 9  1 9  1 9  1 5 9  1 2 9  1 5 9  1 9  1 5 9  1 9  1 4 5 6 9  1 5 6 9  1 3 4 5 6 9  1 3 4 5 6 9  1 3 4 5 6 9  1 9  9  1 5 9  4 9  4 9  1 2 5 9  1 9  1 5 6 9  5 6 9  1 5 6 9  
leaf_coeff=0.00027573947150191655 0.00020399809359573641 0.00016361711259335057  0.05071563411664215  1.0973544857369178e-05 -0.00014359745638422712  4.7511627991526055e-06 0.00018786371409353349 0.00055764931919999317 0.00027159158429633788  -5.3084480160910715e-05 0.00017692450254996466  -0.0016977014667612777  -0.00093643091938364629 0.039071968823947145  0.0029807746520431168 -0.00085190950496754074  -0.032273816517010799 0.0039983024053355633  -0.024598214965738663 0.032498824186703246  0.0044677765738276864 0.00097456650175328265 -0.0054770695030244461  -0.0023966627360600514 -0.0061200548275550659 -0.00058174279333407248  -0.0034054844033798663 -0.00010283938677814464 0.0007330830474255646  0.015149127275590502 -0.016297272462924541  0.00016856665588784738 0.0010203480541492338 0.080783593301384835  -0.00030122791959215079 -0.0027587758171464753  -0.0012035330598032191 0.1274520016109392 -0.12401664642260785 0.12968121628206861 0.00071824554699825849  -0.0036877671160731929 0.0018939583074986889 0.0025650089114561681 -0.0026149464653513867  -0.004833856544088278 -0.003335035443971113 5.2445802151050884 -5.2155992226376844 5.2418354327543062 -0.052868701586703537  0.053792213513494863 0.17945801380133164 8.6464735603774905 -8.5553888756548986 8.4513357271440324 0.0255468749990456  -0.0036580038104435 -0.00082226392367884332 -0.075132497458048425 0.079143517926581808 -0.089287114994931471 -0.0017578677837780889  0.0088086091307641116 -0.0093017936198712906  -0.00071771643371816303  -0.0038221124865403969 0.00042222305093336386 0.082926763955674693  -4.0286064704335436e-05 0.0036575891344654112  -0.00010984336812336348 0.024571281519598642  0.0016915948236542633 -0.00027730271938866127 -0.00074143557641465356 0.0034852647449279406  -0.020177359268014783 3.7867969113314362e-06  -6.6561305852983363e-05 1.372519543903746e-05 0.00036777313106235764 0.00028153580027844721  0.0029394511227199384 -0.013547642576534714 0.058497982030701223  -1.2671025528357893e-05 -1.7654236435595441e-05 0.00076076792641396331 -0.00041594043050342534  
shrinkage=0.1


Tree=64
num_leaves=31
num_cat=0
split_feature=8 4 4 1 1 7 3 4 6 9 9 7 6 7 6 7 5 7 5 7 5 6 7 6 4 6 6 4 4 4
split_gain=1.2602 2.14821 1.77479 1.26127 1.21188 2.13974 6.41751 1.16754 1.68954 2.36752 1.38027 1.89653 2.62603 2.70178 2.64041 5.32297 4.708 2.96007 2.59198 1.98807 2.10255 2.27296 1.77898 2.70311 1.73647 1.80908 1.65618 1.64214 11.0383 9.1347
threshold=3.0000000000000004 3.7256208424938388 4.863673427408628 7.5408869918967314 6.7575134468376428 5.5071275225338931 5.9655435960308756 5.0139575654555903 5.6003751013832401 6.3204042442512467 6.0514929658566965 5.6192531703524899 5.7795175494447024 5.6598642820228067 6.3741912006830921 5.9747865191244838 12.269903885284515 5.7159021040492455 12.109368995281573 5.4617018978108733 11.001824803350063 5.7347581941316612 5.670938446450708 5.8344592547916863 5.344720891341141 5.9532612470882746 6.7805467106289585 6.1081352352533109 6.0879098011795767 6.2275238364393255
decision_type=2 2 2 2 2 2 2 2 2 2 2 2 2 2 2 2 2 2 2 2 2 2 2 2 2 2 2 2 2 2
left_child=1 -1 -2 4 7 6 -6 -4 9 -9 11 19 13 -13 18 16 17 -16 22 -10 -21 -22 23 -14 25 -12 -19 28 -26 -29
right_child=2 -3 3 -5 5 -7 -8 8 10 -11 24 12 14 -15 15 -17 -18 26 -20 20 21 -23 -24 -25 27 -27 -28 29 -30 -31
leaf_value=5.8067900574345638e-05 -0.00014875218712744599 0.00083258437063516702 0.00061782212413956199 -0.0084998515800341484 -0.0015175932400863627 0.0015652689580508583 -0.044126041845875083 -0.011678697811973998 -0.013295112665906383 -0.001453838198498677 -4.0496006925888763e-05 -0.018312657402851915 -0.009142632980323126 0.003882824651719559 0.0011293838090562034 0.0022209623812129665 0.0018672164474372512 -0.019029188622611576 -0.00091483324510654431 0.0071827046945100725 -0.0065267575232532725 0.001484587850960831 0.0042506453738911159 0.0021011473072714342 6.2925555876690582e-05 -0.0012056787243460382 0.001959091570319199 -0.0034148406969662067 0.003723944904808177 0.0002857730555959358
leaf_weight=788360 793571 37515 38602 169 304 8927 40 244 91 3149 33262 158 276 84 106 795 270 453 4549 631 363 14518 2402 949 113339 22231 41 8120 8881 37362
leaf_count=788360 793571 37515 38602 169 304 8927 40 244 91 3149 33262 158 276 84 106 795 270 453 4549 631 363 14518 2402 949 113339 22231 41 8120 8881 37362
internal_value=0 9.325e-05 -7.03942e-05 0.000136663 0.000141526 0.00126704 -0.00647206 0.000105652 2.72823e-05 -0.00218914 5.74987e-05 0.000751691 -0.000317219 -0.0106084 -6.41475e-05 -0.00369392 -0.00909889 -0.0140336 0.000675036 0.00144244 0.0015289 0.00128916 0.00266906 -0.000432145 -2.23912e-05 -0.000507279 -0.0172872 0.000138059 0.00032895 -0.000374906
internal_weight=1.91976e+06 825875 1.09389e+06 300316 300147 9271 344 290876 252274 3393 248881 25686 10083 242 9841 1665 870 600 8176 15603 15512 14881 3627 1225 223195 55493 494 167702 122220 45482
internal_count=1919762 825875 1093887 300316 300147 9271 344 290876 252274 3393 248881 25686 10083 242 9841 1665 870 600 8176 15603 15512 14881 3627 1225 223195 55493 494 167702 122220 45482
is_linear=1
leaf_const=0 0 0 0 0 0 0 0 0 0 0 0 0 0 0 0 0 0 0 0 0 0 0 0 0 0 0 0 0 0 0
num_features=2 2 2 3 3 5 4 5 4 5 5 5 5 6 5 5 5 5 6 6 6 6 6 6 6 5 5 5 5 5 5
leaf_features=4 8  4 8  4 8  1 4 8  1 4 8  1 3 4 7 8  1 4 7 8  1 3 4 7 8  1 4 6 9  1 4 6 7 9  1 4 6 8 9  1 4 6 8 9  1 4 6 7 9  1 4 5 6 7 9  1 4 6 7 9  4 5 6 7 9  1 4 6 7 9  4 5 6 7 9  1 4 5 6 7 9  1 4 5 6 7 9  1 4 5 6 7 9  1 4 5 6 7 9  1 4 5 6 7 9  1 4 5 6 7 9  1 4 5 6 7 9  1 4 6 8 9  1 4 6 8 9  4 5 6 7 9  1 4 6 8 9  1 4 6 8 9  1 4 6 8 9  
leaf_coeff=-5.1213565879111513e-05 8.8012057291345439e-05  -1.5995254873408909e-05 -2.5198815732885447e-05  0.0014795517853683994 -0.0025405513816571194  -5.2766008487464599e-05 0.012022955804292934 -0.01466921215316468  -0.005863455546484886 -0.0039138125369433396 0.014661123161948808  0.0057079495198047343 9.1562069521428099e-05 -0.0051529350984384605 0.036513909541492855 -0.053665812044120291  -0.0029282540678296611 0.0005608769212268772 0.0013430182400565372 0.0028635872557430278  0.094747164245220006 0.32423288900963598 0.015708645356309604 -0.14528106070904415 -0.49320383463646067  9.6575863690331889e-05 0.0011689262260381917 0.062601187431931757 -0.061946557166493221  -0.0010096053930558346 -0.041468549632002555 -0.036684172487902345 0.2728294997705234 -0.18191254580851821  0.00017108874015375338 -0.0015040585033063076 -0.004172987470039447 0.01344302080302371 -0.00330923484843213  6.5159552138236923e-05 -0.00061396700279644405 -0.00084028422304387423 0.0018879044150629722 5.74773723535222e-05  0.0014574326754190016 -0.025957469994864368 0.063281767623328739 0.069060111683756989 -0.10655574582197005  0.00058826759245298463 2.172701933179797 -2.1866743436467915 2.1605613798431023 -0.12728239488183135 0.15630159152397027  0.00084473078692358654 -0.016316510933165062 -0.37492746217876632 0.31440010269755025 0.07885682789146814  0.00089562896005190851 -0.0076200443639208972 0.0043929976601617682 -0.00022121333382330022 0.010153643738539131  -0.008006120378768156 0.0021015776679252697 5.8931560608321831e-05 0.013068350538959096 -0.015303792476369439  -0.066954724131817051 0.065968248255573778 -0.067230349911746506 -0.0014944066325490724 0.0042627593951806379  6.173909541296041e-05 -5.0812672076048333 5.033762237837073 -5.139628381759394 0.011140329255981386 0.15149328836396309  -0.001251464629987147 0.28077655118846928 -0.27638153155329415 0.29129568431183855 -0.04911120676988006 0.026656692611724965  -0.00099940087403664331 0.007292264402138926 -0.023865080386336501 -0.0088241336601569739 0.060861502766482549 -0.0095023152216754184  -0.00048001425326053008 0.32123802663278661 -0.31573245230128466 0.31777509876841353 -0.10481072700255822 0.089913794943777256  0.00049627665823309274 0.033556575464156427 -0.03254210478656603 0.03302835239579878 -0.00088239304388295638 -0.00044994745206352606  0.0005041328377609289 -0.020509344644768748 0.023032958868190435 -0.02967890816095178 0.0049548264785350682 0.00031131811242701701  0.00010644304143097028 0.118545794252627 -0.11044983239757755 0.11211407453459971 0.032933009435117809 -0.040807589068276688  -6.8604726012569273e-05 -0.0013701205109199106 0.0003300417630383828 0.0010015727235173119 0.00026692648256948607  9.0349425257378951e-05 -0.00062202785576413462 0.00063191197411660571 0.00052536302800565426 -0.00057431283528837091  -0.0039925218882878259 0.011121087632996308 -0.020467213738763236 0.0015228107300622185 0.0038161367616453392  0.0008212200749051859 0.0056412018322379966 0.0011356889458393026 -0.011161992063874138 -0.00018250395378482942  -0.00069561113296210753 0.02826505223322098 0.002743211721026176 -0.046101745202170544 -0.00016629837099408907  7.1366765063951218e-05 0.0018683086118284474 0.00033446667749949119 -0.0032598349255266224 -0.00010552220556217241  
shrinkage=0.1


Tree=65
num_leaves=31
num_cat=0
split_feature=8 4 4 4 4 6 6 7 4 5 9 7 3 6 6 7 9 7 5 6 6 5 9 7 4 6 9 7 9 9
split_gain=1.02076 1.74005 1.45357 2.77261 2.49453 1.4981 1.26484 1.28918 1.05222 1.19404 2.36036 1.04124 5.35192 1.36527 1.99433 1.83922 1.97244 5.36259 3.54127 1.92625 2.61269 1.58452 1.5561 2.30912 3.27112 2.81404 2.38665 3.32337 1.68585 1.90438
threshold=3.0000000000000004 3.7256208424938388 4.2835627800822236 4.516324041782946 4.863673427408628 6.8070436626251576 5.7272202484528396 5.6687848691605724 3.9415346756528771 11.073807908447662 6.603745375804027 5.4935043942411781 5.9655435960308756 5.9650135441805476 6.2728948061581393 5.7313760753925562 6.3204042442512467 6.0510967590961071 12.321512938907142 6.3398036457142659 6.7313530529011913 12.109368995281573 6.3603544996165118 5.6751980147062477 5.3821962081647756 5.7825629583968174 6.3204042442512467 5.5856178035546149 7.5121052670435509 7.4277015263540083
decision_type=2 2 2 2 2 2 2 2 2 2 2 2 2 2 2 2 2 2 2 2 2 2 2 2 2 2 2 2 2 2
left_child=1 -1 8 5 6 -4 -5 -8 -2 10 -10 12 -6 22 -15 -16 17 18 19 21 -21 -17 23 24 -13 26 27 -26 29 -24
right_child=2 -3 3 4 11 -7 7 -9 9 -11 -12 13 -14 14 15 16 -18 -19 -20 20 -22 -23 28 -25 25 -27 -28 -29 -30 -31
leaf_value=5.2261109754610876e-05 -0.00012271692922759719 0.00074932590917926563 0.00054385875842842795 0.00052969821318250658 -0.00055608280212893679 0.0028888223340080683 -0.00081283069869896171 -0.00013803488022212385 -0.001958823269178882 0.0018278856692918656 -0.00034407778784187738 0.0037260646211678462 -0.037643595125514254 -0.00030526575621749676 0.0006180348583587215 0.0028795124587561124 5.6642040588537892e-05 0.0024597981711015054 0.0020941160483793782 -0.016271451028641509 0.001632089032791555 -0.011946795235818892 0.00024949319458954239 0.0044978364056115537 -0.0035046047627463176 0.00064035708348624692 0.0022170461089917404 -0.016912283294812869 0.0011427198686133168 -0.0015450544121716056
leaf_weight=788360 529644 37515 69224 13004 16748 2836 63301 51221 10992 2043 51306 2720 39 98000 53394 156 4170 837 275 574 95 134 88677 2140 628 4905 358 262 19868 6336
leaf_count=788360 529644 37515 69224 13004 16748 2836 63301 51221 10992 2043 51306 2720 39 98000 53394 156 4170 837 275 574 95 134 88677 2140 628 4905 358 262 19868 6336
internal_value=0 8.3925e-05 -6.33548e-05 6.22993e-05 -3.4352e-05 0.000636147 -0.000404898 -0.000511022 -0.000169106 -0.000550975 -0.000628987 0.000122997 -0.000642245 0.000168305 -2.77996e-05 0.000428169 -0.0011962 -0.00371883 -0.00790968 -0.0107783 -0.0137291 -0.00397126 0.000413851 0.00154935 0.000838233 -0.000438364 -0.00467805 -0.00745158 0.000304997 0.000129823
internal_weight=1.91976e+06 825875 1.09389e+06 499902 427842 72060 127526 114522 593985 64341 62298 300316 16787 283529 157635 59635 6241 2071 1234 959 669 290 125894 11013 8873 6153 1248 890 114881 95013
internal_count=1919762 825875 1093887 499902 427842 72060 127526 114522 593985 64341 62298 300316 16787 283529 157635 59635 6241 2071 1234 959 669 290 125894 11013 8873 6153 1248 890 114881 95013
is_linear=1
leaf_const=0 0 0 0 0 0 0 0 0 0 0 0 0 0 0 0 0 0 0 0 0 0 0 0 0 0 0 0 0 0 0
num_features=2 2 2 3 3 4 3 4 4 4 3 4 5 4 4 4 5 5 4 5 5 5 5 5 5 4 5 4 4 5 5
leaf_features=4 8  4 8  4 8  4 6 8  4 6 8  3 4 7 8  4 6 8  4 6 7 8  4 6 7 8  4 5 8 9  4 5 8  4 5 8 9  4 6 7 8 9  3 4 7 8  4 6 7 8  4 6 7 8  4 5 6 7 9  4 6 7 8 9  4 6 7 9  4 5 6 7 9  4 5 6 7 9  4 5 6 7 9  4 5 6 7 9  4 6 7 8 9  4 6 7 8 9  4 6 7 9  4 6 7 8 9  4 6 7 9  4 6 7 9  4 6 7 8 9  4 6 7 8 9  
leaf_coeff=-4.6092209373186965e-05 7.9210851645215906e-05  -1.1918136113714006e-05 -2.394530241826812e-05  0.0013315966143821912 -0.0022864962580450786  -0.0016009418270673593 -0.00063918171057393287 0.0028486873933147197  -0.0017909057706070543 -0.0032298364672897375 0.0067443699738887197  -0.00018208803621807477 5.5429052343092257e-05 0.0026516480375434527 -0.0038162772031952842  -0.0046975482422112694 0.0024886980791787752 0.0015452844430342339  -0.00021639070775036906 -0.00027054384593931945 0.00056461779659482407 -0.00032455688741066528  0.0035483430518615357 -0.0018198095110991475 0.003364146906912069 -0.0063224485560228862  0.00083319331966362768 -0.0013747071669351326 0.00051681759839543599 0.0010984133851401623  -0.011473123648207207 0.0026900350152509137 0.004894440634870989  0.0011005219308605589 0.00012612954892295266 -0.0018535174873813177 0.00017470507103736765  -0.0033443755048686908 -0.012167210269680529 0.021060031731853137 0.008297011587751868 -0.009668588276740487  0.20704999240062991 0.024360526630502477 -0.18995537317427991 -0.098753341123483551  0.00051161678246261781 -0.00018345368307790544 0.0026170647264934566 -0.0042301918766789902  0.00066949358282876188 0.00090715437783051023 -0.0025378536016418709 0.0012985413555725246  0.0073590957956980677 0.00045909929966683196 -0.0066048738074073301 -0.0044939776901628649 0.0040197330217552011  0.00096851610343483871 0.00037715657715012356 -0.0014459088190509764 0.0028371742475979942 -0.0015265778383811495  -0.0013717969181120894 -0.0036336285928026514 0.00089117687821058675 0.0047969140792780253  -0.093738765209886318 0.089782189148200339 -0.096565306358166944 -0.0017246829475261905 0.013721433525098803  0.20662716301358161 -0.24006588797310544 0.13473459407759947 -0.015599113871905957 0.15922387100813468  -0.017844978890840937 0.015784149421318717 -0.024436855285665617 -0.0018655415715457481 0.014221096143518254  0.74958299166746656 -0.7621633171198483 0.64715069496269284 -0.67399673269883353 0.79046310023477417  0.00011800160278281312 -0.00065512499006047597 0.0056437622887644673 -0.0080652682020642408 0.00053791470064519509  -0.002007748181588298 -0.014926393432525177 0.0012801973767667897 0.031825823227760709 -0.0051042457934603828  0.0011269108251140915 0.043054971161946301 -0.050253382893822619 0.0039069476635859249  0.0031976935769654014 -0.0065290366914777373 -0.011579370676018198 0.017399357038340335 0.0025293254412018795  -0.00098955377761185122 -0.027324345216305803 0.032064023957000386 -0.0022010839195843348  -0.01322415577082392 0.027020456153499597 -0.0070508004290786635 -0.0097544297305375959  -1.5980827474445375e-06 0.0001145225069311584 -0.001745153749553563 0.0025878906250000003 1.5258789062500001e-06  0.0027872102835249991 0.0017163578440198002 -0.0091612032854349931 -0.048862328789687132 0.029276737228946106  
shrinkage=0.1


Tree=66
num_leaves=31
num_cat=0
split_feature=9 5 4 4 4 5 6 5 8 5 6 7 7 9 9 9 1 1 1 1 1 1 1 9 7 7 7 1 7 9
split_gain=0.982588 1.14813 1.48879 1.83385 1.69788 2.08244 1.80532 1.90514 8.42712 5.76647 1.7031 1.40307 2.7557 1.35408 7.05549 2.20091 1.35394 1.87355 1.2282 3.02453 2.15429 2.10889 1.29117 1.25391 1.16264 3.57504 1.336 1.11089 1.10519 1.4884
threshold=7.0413885088913739 6.8015610439311045 2.3502401828962087 1.7005986908310777 2.602003343538398 8.5808250472585055 6.9125861838978802 9.5391763832008447 3.0000000000000004 9.3994306351091268 7.028773815326308 5.4284635715889005 5.449670299572043 6.9534033917656322 6.679421601977551 6.7382419808712832 7.9067313605233123 7.7478126815626318 7.4051916194077991 6.8971996373756754 6.2719327192022343 5.8678824850335358 7.2060062339413085 6.3204042442512467 5.4959890894727748 5.4284635715889005 5.3723341671348246 6.7232311178383295 5.6821401191266458 6.3204042442512467
decision_type=2 2 2 2 2 2 2 2 2 2 2 2 2 2 2 2 2 2 2 2 2 2 2 2 2 2 2 2 2 2
left_child=1 13 3 -3 6 -6 -4 8 9 -8 -11 -9 -13 14 16 -16 17 18 19 20 21 -1 -21 -20 25 26 -12 -7 -26 -30
right_child=-2 2 4 -5 5 27 7 11 -10 10 24 12 -14 -15 15 -17 -18 -19 23 22 -22 -23 -24 -25 28 -27 -28 -29 29 -31
leaf_value=0.00044188731657645691 -5.7147069635041501e-05 0.00012995941097294534 0.00063831202446427765 -0.00066055054939998447 -0.00057341931525707449 0.00011076490367571595 0.065933407538124877 -0.0091108313989862518 0.0001209841867131082 -0.0088394480092184886 0.031121645532548425 0.030697313944498702 0.00032849236877039784 0.00096580913856806965 -0.010261262286532749 -0.0033353554353875632 0.0043769777057314418 -0.0040241786471903705 0.0044006966600396409 -0.0027963014812692442 0.0019395395350797918 -0.0021037046824285122 0.00017252074654924328 0.00088160023496848181 -0.0062531522758629016 0.050369060802317803 -0.0020290180800422546 0.0013925243328996879 0.0027978389834364256 0.038016223907470705
leaf_weight=31233 1171739 56761 36972 60759 46355 449633 29 126 423 21 20 33 316 30556 666 1475 826 985 1406 4292 8652 3633 2224 3618 23 42 31 6865 24 24
leaf_count=31233 1171739 56761 36972 60759 46355 449633 29 126 423 21 20 33 316 30556 666 1475 826 985 1406 4292 8652 3633 2224 3618 23 42 31 6865 24 24
internal_value=0 8.95551e-05 4.38624e-05 -0.000278742 0.000113949 6.51928e-05 0.000757717 0.00472771 0.00830199 0.0244728 0.0179736 -6.55785e-05 0.00320004 0.000425471 0.000145679 -0.00548979 0.000357842 0.000298606 0.000375941 0.000226277 0.000527129 0.000176639 -0.001783 0.00186644 0.021407 0.0287638 0.0109712 0.000130041 0.0117706 0.020407
internal_weight=1.91976e+06 748023 658457 117520 540937 502853 38084 1112 637 214 185 475 349 89566 59010 2141 56869 56043 55058 50034 43518 34866 6516 5024 164 93 51 456498 71 48
internal_count=1919762 748023 658457 117520 540937 502853 38084 1112 637 214 185 475 349 89566 59010 2141 56869 56043 55058 50034 43518 34866 6516 5024 164 93 51 456498 71 48
is_linear=1
leaf_const=-0.0019168394672223867 -0.0021522929099006662 0.00016488996476274887 -0.019381599692629162 -0.00091698208179566984 -0.0054334312030416502 0.0018299520290367855 0 -1.7031154529671768 0 0 0 0 7.8068021912855334 0 0 -0.24485965366570783 -0.012950720725154952 0.20013732708041518 0 0.013496325576554113 0.024991401446148132 0.016735173439047912 -0.039647306187953292 0.12372796740914965 0 0 0 -0.010693688903891286 0 0
num_features=3 1 3 4 3 3 4 5 4 5 4 5 5 5 2 1 2 2 2 2 3 3 3 2 2 6 6 5 4 5 5
leaf_features=1 5 9  9  4 5 9  4 5 6 9  4 5 9  4 5 9  1 4 5 9  4 5 6 8 9  5 6 7 9  4 5 6 8 9  5 6 8 9  5 6 7 8 9  4 5 6 7 9  4 5 6 7 9  5 9  9  5 9  1 9  1 9  1 9  1 5 9  1 5 9  1 5 9  1 9  1 9  4 5 6 7 8 9  4 5 6 7 8 9  4 5 6 7 9  1 4 5 9  4 5 6 7 9  4 5 6 7 9  
leaf_coeff=0.00028695681626362965 0.00020310647214834485 0.00017328779826712438  0.00028347447344645449  -0.00050375524037767929 7.0953698708688126e-05 1.2289602530719813e-05  0.0037126707062489217 0.00044737101366513213 4.2271110049607599e-05 0.0010242212253174288  0.00015941937304759791 0.00022346436297600303 -0.00028926050995984888  0.00039545066688589372 0.00047151722436382664 -2.7482548408780395e-05  -6.6761832453929831e-07 0.00014663492861387436 -0.0001388619461626356 -0.00014011091580326125  -0.18014902639945768 0.42504026347948598 -0.93467890980033419 1.9468894107359576 -0.12984662331345334  0.26991705248419751 -0.12492444189275426 -0.0070911034251399663 0.0065176359551010424  0.027940484897141141 -0.030926048020568964 0.017844883166620595 0.022356019013883469 0.0010257905076998975  -0.84763687339282834 0.66207211033557178 1.7389217411927576 -0.015221706840088702  -0.55337695293987965 -2.6745985996130912 0.32222015630613898 10.830876716358034 0.13545608289377925  -37377.119659423828 42687.236358642578 -42720.321307373051 12.405036917328836 -1576.0483774185182  -26.702915868244602 24.452583546095411 -24.51204847233894 0.033663780973417622 0.028008388622011094  -4.5983353335404348e-05 0.00015783713001873734  -0.0015319244390862438  -0.00084152650669917512 0.035209439957577617  0.0026720187430758994 -0.00077383399231507617  -0.029076495833348304 0.0035969884934827115  -0.022136780583865347 0.029247221085786635  -0.0021308099917732195 0.00088488691193152756 -0.00020257438199955402  -0.0013212546511790714 -0.00023163114376485301 -0.0022388957648578956  -0.0036168652384654721 -0.00011007161185670744 0.00049128288469826311  0.0045881045408471266 0.00098778158721282705  -0.014893502322141129 -0.0015281844525270928  -34.79713950957921 31.552256413307624 -31.762645631426132 0.42319457249297088 5.097903016260716 -0.039556530066165864  -73.127940334611779 67.378157778716556 -67.64956150087383 -0.052234553250269759 11.140623214727022 0.030339580991008575  -381.2328000227397 348.55403213590034 -349.5795266329078 3.4190066642379864 15.856432012861479  -0.0038813184330638521 -0.0056504635306739992 0.0065613929969469357 -0.00050962811034135913  256.17664060629903 -238.9683710584417 233.72324036145585 1.9163541396897927 -6.3848294561903458  249.36904834844174 -227.22204175889493 229.24290001951158 -0.064433237911998731 -14.019643405382523  
shrinkage=0.1


Tree=67
num_leaves=31
num_cat=0
split_feature=4 4 5 6 6 7 8 5 5 5 8 4 8 6 5 5 5 4 1 1 1 2 4 9 5 9 0 1 5 6
split_gain=0.934747 1.9243 1.26247 1.26208 3.91494 2.70604 3.13672 1.85749 1.7669 1.2882 3.39285 3.59672 1.24514 2.71257 9.24803 7.14229 2.55808 5.00733 2.02661 2.44041 3.96231 1.64957 1.56382 2.44389 2.25986 1.46165 1.35818 1.31821 1.26976 1.25456
threshold=2.8617925509761908 2.602003343538398 9.3378096762532845 7.1508321594623085 7.0976522311589436 5.4284635715889005 3.0000000000000004 9.5391763832008447 9.5391763832008447 9.5391763832008447 3.0000000000000004 2.524928003624769 3.0000000000000004 6.5382001192154382 9.5193312890754243 9.497547328764556 9.5391763832008447 2.9174053685313028 5.8678824850335358 6.2719327192022343 6.2015223456153068 6.0593567858686903 3.2384861814448418 7.2795765870410243 8.9836279578803069 6.603745375804027 1.0000000180025095e-35 6.6522174514715386 10.059122843151934 6.6308600567354494
decision_type=2 2 2 2 2 2 2 2 2 2 2 2 2 2 2 2 2 2 2 2 2 2 2 2 2 2 2 2 2 2
left_child=1 2 -1 4 9 8 7 -7 -6 10 11 -4 13 18 15 -15 17 -16 22 20 21 -20 23 26 -24 -22 -2 -21 -23 -19
right_child=12 -3 3 -5 5 6 -8 -9 -10 -11 -12 -13 -14 14 16 -17 -18 29 19 27 25 28 24 -25 -26 -27 -28 -29 -30 -31
leaf_value=-2.8789160329516756e-06 0.00087629840682679834 -0.00035419457836251918 0.055961850984022024 -0.0015989866143181213 0.016859162090986504 0.025603602081537249 -0.00066681750883747432 0.056423307994775698 -0.01862204173952341 -0.0034972017010053004 0.0005800644216079142 0.011530066436191776 -5.8402976045132613e-06 0.011364090840021769 0.041377743732097544 0.081589317321777349 -0.0042506588485849888 0.01200623108368171 0.0028070817436932592 -0.00058769304102254194 0.002199161444372268 -0.0026179932732070589 -0.0009407061746211329 1.134506904424402e-05 0.00011637732152879339 0.010575968049550745 -0.00084244165464793729 0.0016823027474107478 0.0057803100758345334 -0.0087960371905464237
leaf_weight=661746 72496 194532 22 420 32 48 28 33 25 273 422 106 758133 30 43 28 231 57 3661 6047 282 1134 26288 95563 87669 797 4909 4434 214 59
leaf_count=661746 72496 194532 22 420 32 48 28 33 25 273 422 106 758133 30 43 28 231 57 3661 6047 282 1134 26288 95563 87669 797 4909 4434 214 59
internal_value=0 -7.76382e-05 3.48776e-06 0.00299364 0.004944 0.0189531 0.028186 0.0381598 0.00129723 0.00211835 0.0049057 0.0191668 6.27171e-05 0.000233722 0.00800927 0.0452659 0.00246854 0.0122304 0.000222244 0.00129758 0.00288997 0.00170591 0.000160147 0.000349641 -0.000127474 0.00838666 0.000767296 0.000372631 -0.00128473 0.00142577
internal_weight=1.91976e+06 857687 663155 1409 989 166 109 81 57 823 550 128 1.06208e+06 303942 448 58 390 159 303494 16569 6088 5009 286925 172968 113957 1079 77405 10481 1348 116
internal_count=1919762 857687 663155 1409 989 166 109 81 57 823 550 128 1062075 303942 448 58 390 159 303494 16569 6088 5009 286925 172968 113957 1079 77405 10481 1348 116
is_linear=1
leaf_const=0.00013235731835052402 0 0.0014433025684176927 0 -0.94666031173055676 -18.021764004346917 0 0 0 -2.1351372278702914 0 0 0 0 0 0 0 0 0 0 0 0 0 0 0 0 0 0 0 0 0
num_features=2 4 1 4 3 4 5 5 4 3 3 4 3 2 4 2 4 4 4 5 4 5 5 5 5 5 5 6 4 5 3
leaf_features=4 5  4 6 8 9  4  4 5 6 8  4 5 6  4 5 6 7  4 5 6 7 8  4 5 6 7 8  5 6 7 8  5 6 7  4 5 6  4 5 6 8  4 5 6  4 8  4 5 6 8  4 5  4 5 6 8  4 5 6 8  4 5 6 8  1 2 4 6 8  1 4 6 8  1 4 6 8 9  2 4 5 6 8  1 4 5 6 8  1 4 6 8 9  1 4 5 6 8  1 4 6 8 9  0 1 4 6 8 9  1 4 6 8  1 4 5 6 8  4 5 6  
leaf_coeff=2.081903181812831e-05 -2.7958062567758841e-05  -0.00035346704083429883 0.00070463979405731292 -0.0030468177086062642 0.0005761791866588428  -0.0006553513581750714  32907.120141601561 -30044.551257324219 30068.378674316409 -4959.5471786499029  6.7055579467618376 -6.1265589845868824 5.9825204343625957  48.59809196814895 -44.336963832518087 44.733386769611393 0.1374502131195186  131.87271618563682 -120.33375842906536 121.78454683311284 -0.044982653370789195 -24.651181046105922  0.047817408562534441 -0.032157814694342694 -0.045177553183191325 -0.0038180374472429612 0.13269132713369344  -1.2295185343682533 0.31913826188683747 -0.026203866562730129 4.8443360407836735  0.2959589115334893 -0.088678108560998226 -0.014720829303951178  2809.8326660156254 -2906.9625976562502 2908.9685546875003  0.01168542837764406 -0.024692053802072424 0.015087829330787629 0.024520367557185098  -0.50980255733200008 0.20774202335528572 -0.093405973608969364  6.0901935431080244e-05 -7.2386304513424413e-05  -0.22123029324662868 -1.3086545060453318 -1.4863088417033397 11.387571910320185  12.049968555365922 -3.6494933819602013  205.86073018908502 -196.55165858864785 195.45280002653601 -15.468155691027642  3.2199726021266546 -2.9733157765818761 3.0538887512637305 -0.71656871158047586  735.82559749782092 -703.37010811120274 700.94969327896843 -59.132760558091107  -0.00533402990106211 0.00067622137612617379 0.0012123500285264877 -0.0019158272240295206 0.018937093799213756  -0.0021998783783254263 -0.00019271084860554913 -4.5679323966085764e-05 0.0073216745008972241  -0.034326570668140988 -0.007013363243371349 -0.0025813845723859975 0.090068479743120655 0.012805253381120308  0.044412652722751036 0.067319154312112064 -0.063749057350878505 0.064662384927046901 -0.14745630497378101  0.00014580285821835949 0.00086985992926855724 0.0021940062782848102 -0.0018354706491819251 -0.006559847467110913  -0.00032370625646518453 -0.0013906950136972143 0.00011077128155320676 -0.016650524876250152 0.004977994824199858  1.447186822931268e-05 -0.010776293015953354 0.011015151364079845 -0.013662829401959887 0.007600344693875361  -0.11223886501100502 -0.0016407360467424971 0.00043445770694676704 0.34794842196969678 0.0025333521490603418  -0.00079466092871736125 0.0004449935854195836 0.0024866582348532888 0.00019169708163964267 -0.0010522648327461527 -0.0012993402343868254  0.0015929627565082873 0.00014952975265505875 -0.00075411311151478704 -0.0027068273958672506  0.05918926625071777 0.049029013340589248 -0.056872911629113787 0.076169667280646544 -0.21898776166372047  -0.8452642907592236 -0.016991194531999553 0.39764082759174929  
shrinkage=0.1


Tree=68
num_leaves=31
num_cat=0
split_feature=7 9 5 9 4 6 4 8 6 5 4 4 9 5 4 4 5 4 4 9 9 6 4 6 4 4 1 1 5 9
split_gain=0.882928 0.965714 1.8521 1.37501 0.964909 0.867481 0.966801 1.1884 3.17896 5.487 0.887521 0.947764 1.71671 0.986945 0.864004 2.56119 0.875743 0.856862 1.86649 1.21901 1.48678 0.998328 0.990368 0.839602 0.832568 1.44886 0.826649 0.841855 0.813862 4.16545
threshold=5.6128616676816723 7.287303286647794 6.8643255847119082 7.42992861678864 2.3502401828962087 6.8596425165218067 2.8617925509761908 3.0000000000000004 6.5610895968884506 9.5391763832008447 4.6959141240107813 3.2384861814448418 6.603745375804027 9.0001438939403773 5.9750802605835984 5.9282575846801535 11.975718786716852 6.1081352352533109 6.2156070997535293 6.4132755050809012 6.679421601977551 5.7075668346731492 6.0879098011795767 5.9744633243780196 2.602003343538398 2.4414009612931857 6.7575134468376428 7.5819744172008852 11.935406635759234 7.5038750479758836
decision_type=2 2 2 2 2 2 2 2 2 2 2 2 2 2 2 2 2 2 2 2 2 2 2 2 2 2 2 2 2 2
left_child=1 2 -1 -3 -2 6 24 8 10 -10 11 -8 -13 -14 15 16 23 19 -19 21 22 -16 -21 -9 25 -4 -6 -28 -5 -30
right_child=4 3 5 28 26 -7 7 14 9 -11 -12 12 13 -15 17 -17 -18 18 -20 20 -22 -23 -24 -25 -26 -27 27 -29 29 -31
leaf_value=0.00036046658953033171 -0.00018810324192672498 -0.00030209384410415357 -0.00032538607685002655 -1.366806452011397e-05 0.00011134228117211541 0.00034404455757603981 0.00059603599017645512 -7.3970858082453372e-06 0.048515906023818098 -0.0037336501970209861 0.0090157879768218065 0.0010954517106644759 -0.0013285023285701865 -3.2097523083015014e-05 -0.009486314262154974 -0.0024518292363868923 0.0010100333457575615 -0.0038067074357599449 0.00048721753018033417 0.00038991999906410864 0.0011499467853972457 0.00057380565396816785 0.0080426687270956278 -0.00046185374988927776 -0.00061551285739345205 0.00059646034969736313 0.00099774990595539732 -0.0077489707735891519 0.00061949155932426638 0.016042167714305139
leaf_weight=131198 113752 289089 83046 205361 661185 47543 45783 116266 37 44 117 8824 9512 15347 103 4853 6561 1104 12190 218 1293 2332 754 62509 55454 21454 12711 111 10833 178
leaf_count=131198 113752 289089 83046 205361 661185 47543 45783 116266 37 44 117 8824 9512 15347 103 4853 6561 1104 12190 218 1293 2332 754 62509 55454 21454 12711 111 10833 178
internal_value=0 -5.6571e-05 2.6389e-05 -0.000159404 8.12977e-05 -6.20955e-05 -0.000105215 4.317e-06 0.000332784 0.0201334 0.000312631 0.000299817 -0.000102813 -0.000528151 -0.000121375 -0.000184038 -0.000124656 0.000540939 0.000130629 0.00170151 0.00337133 0.000148265 0.00632631 -0.000166299 -0.000302326 -0.00013613 0.000126764 0.00092203 3.12405e-05 0.000868809
internal_weight=1.91976e+06 1.132e+06 626542 505461 787759 495344 447801 287847 79664 81 79583 79466 33683 24859 208183 190189 185336 17994 13294 4700 2265 2435 972 178775 159954 104500 674007 12822 216372 11011
internal_count=1919762 1132003 626542 505461 787759 495344 447801 287847 79664 81 79583 79466 33683 24859 208183 190189 185336 17994 13294 4700 2265 2435 972 178775 159954 104500 674007 12822 216372 11011
is_linear=1
leaf_const=0.00014081995747000642 -0.0038476265811463461 -0.001975021002722599 0.001569905127384752 -0.028816934359761605 -0.0016149790940652498 0.013952665216302229 0 0 0 0 0 0 0 0 0 0 0 0 0 0 0 0 0 0 -6.3048413474930955e-06 -0.00040959236546811439 0.011236017007182398 0.034740141831753134 0.064153983350843199 -7.0947532640071591
num_features=3 2 2 5 3 3 4 6 6 6 6 6 6 6 6 5 6 6 6 6 6 6 6 6 6 5 5 3 3 3 3
leaf_features=5 7 9  4 7  7 9  4 5 6 7 9  5 7 9  1 4 7  5 6 7 9  4 5 6 7 8 9  4 5 6 7 8 9  4 5 6 7 8 9  4 5 6 7 8 9  4 5 6 7 8 9  4 5 6 7 8 9  4 5 6 7 8 9  4 5 6 7 8 9  4 5 6 7 9  4 5 6 7 8 9  4 5 6 7 8 9  4 5 6 7 8 9  4 5 6 7 8 9  4 5 6 7 8 9  4 5 6 7 8 9  4 5 6 7 8 9  4 5 6 7 8 9  4 5 6 7 8 9  4 5 6 7 9  4 5 6 7 9  1 4 7  1 4 7  5 7 9  5 7 9  
leaf_coeff=-1.0703440566847689e-08 3.2553608728712583e-05 2.5560265861171439e-05  -4.4364806776134998e-05 0.00063617673991397949  3.8023334244418477e-05 0.00020415321571878311  0.00072902223019225562 -0.00067455457717127969 0.00068161319919514689 -8.849487299707766e-05 -0.00026139013753167796  -8.789194431660129e-05 6.9528177975859001e-05 0.0038865231201547171  -3.4157308775399026e-05 5.6369968877999225e-06 0.0002993695422476184  7.7277365486232152e-05 -0.0019417334728965676 -0.00010863794363427521 -2.1564548390989871e-05  -0.0036972074519471265 0.003643299340371298 -0.0035740251963529536 -5.2751690730818568e-05 -0.00077399465538039456 0.00034841720847339497  -0.0090075214470150891 0.0088978679909387289 -0.0083683816123044097 0.00056384321564108828 -0.0015363756044273341 0.00011004376027332062  -192.96372563556943 179.62356929240923 -182.69430276625499 -0.60369650841616651 36.781026028860289 -0.097751977555060432  32.666237536317617 -30.93359195499702 31.019813330089846 0.021332276254425242 -3.7189105894192096 -0.012109785669096063  0.077996626105189648 -0.049097942996206713 0.048534514660332921 0.049384191401871648 -0.18153609816645117 -0.0054289566090221621  -0.007753855286021333 0.0088872339730967087 -0.012488839602566028 0.00063972969145431396 0.011046880134892235 -0.0012824420774592894  -0.0028021705204268224 0.005846425978022313 -0.0065567771439947187 0.0018249762713073827 -0.0096660914919688423 0.00032762167965361133  -0.01326374286795874 0.013534723392877437 -0.014755901414172885 0.00047130622093355254 0.0065805021754689833 -0.0013288210547945331  170.12712620198727 -169.68496709913018 170.26591089218857 0.035922180740726617 -1.2168557892669924  0.10683515613632083 -0.046739060632039836 0.052632581625170795 0.0040456342932563899 -0.1037287643684449 -0.00063564184018900522  -0.077442288467998888 0.077798264512883297 -0.080539768665359807 -0.003381993073639056 0.011295563552483557 -0.0014295512891286833  0.025184390048595018 -0.064277519289997059 0.070973858873016313 0.0072474671691352029 0.040939960977496394 -0.0011688998743401679  0.25769768743632232 -0.25317128171221859 0.25672614438352304 -0.0084881948046442342 0.0021962648831830053 -0.0019603541050214725  -0.048235287042321676 0.02207535325665937 -0.015314379391999467 -0.0093328822386750786 -0.050031506241447234 0.055417752322976813  -0.024472570934691708 0.034192920790430216 -0.031375592228807217 -0.020648256470802019 0.0029846896986186703 0.0039150329054462142  -0.052330932489214346 0.015793129543440112 -0.014029819923250308 -0.013678735288151112 0.070670750803144153 0.00093343573620702225  0.017488824278825633 -0.020906741650009053 0.023486756894834572 -0.012057251421031624 -0.046814309857222729 0.040104710793150394  0.038247468237285753 -0.037691916569366019 0.038589657989087513 -3.6956463094196816e-05 -0.0020320642548387279 -0.0001543767267293217  -0.00094834836523300943 0.00057616534713558212 -0.00029782377755105394 0.00024769430155435757 -0.00036619427954234232  -0.001710967381343842 0.0010765215675969887 -0.00098008835802273499 -0.00033450894389024381 0.00057485390021754792  -0.0015882288544285972 0.00046541863895816496 -0.00024628141957805383  -0.020977613243644555 -0.0035807590146859527 0.02440138115742059  -0.00056723334692942995 0.0093506805007947946 -0.014557656108081574  0.036848779144462183 -0.071986423880775877 0.94037720244523371  
shrinkage=0.1


Tree=69
num_leaves=31
num_cat=0
split_feature=8 4 4 4 4 6 1 6 5 5 4 7 7 7 6 6 4 4 5 4 7 6 6 9 7 7 1 4 1 5
split_gain=0.829988 1.00148 0.995298 2.34384 1.897 1.16722 1.10394 0.999124 0.989072 1.80734 14.7465 8.87581 3.90433 2.89955 2.14794 2.09948 1.57082 7.44925 12.8713 4.88327 4.54083 1.29017 2.45367 1.20285 2.56616 0.934947 0.892799 0.862745 1.03568 4.72334
threshold=3.0000000000000004 3.7256208424938388 4.2835627800822236 4.516324041782946 4.863673427408628 6.8070436626251576 3.1984648276080736 5.5621979491835729 9.5391763832008447 9.497547328764556 2.8029010331479989 5.7546300559679597 5.6552680625242528 5.2507916655164264 6.8596425165218067 6.8865476024392214 3.1567740231385479 2.8617925509761908 9.5193312890754243 2.9174053685313028 5.7599013727787076 6.9681151594426796 6.937418885832872 6.3204042442512467 5.4143657844978703 5.4617018978108733 7.5408869918967314 3.9415346756528771 1.0000000180025095e-35 6.5978273652505841
decision_type=2 2 2 2 2 2 2 2 2 2 2 2 2 2 2 2 2 2 2 2 2 2 2 2 2 2 2 2 2 2
left_child=1 8 27 5 6 -4 7 -5 9 -1 11 12 13 -11 -15 -14 17 -12 20 -20 -19 22 -16 -23 -25 -21 -6 28 -2 -30
right_child=2 -3 3 4 26 -7 -8 -9 -10 10 16 -13 15 14 21 -17 -18 18 19 25 -22 23 -24 24 -26 -27 -28 -29 29 -31
leaf_value=5.4164935547559207e-05 -4.0754761195262309e-05 0.00058048107674836666 0.00049299851906316129 0.0011843199672579064 9.9288433220887443e-05 0.0025628612445712049 0.00041341511626243489 -0.0005302530228050035 -0.00078626159166734176 0.044135954507943637 -0.0045689143074883363 -0.0024579640178784838 0.06337171819061041 -0.005215724215314195 0.014727409338128978 0.030548512935638428 -0.0005504768048352561 0.077109678846930985 0.036119289176408637 0.01977519879117608 0.02598273226467427 0.026565440801473768 0.057953087488810222 0.027410418257631103 -0.013660349557176233 -0.0029330928397086481 -0.0071710665445063916 -0.00049041932696640065 3.9762699017083532e-05 -0.001606725715795034
leaf_weight=769400 442918 37515 69224 3509 300147 2836 15936 108081 13840 47 405 137 40 37 29 38 3923 38 43 20 32 52 24 29 32 194 169 64341 62580 24146
leaf_count=769400 442918 37515 69224 3509 300147 2836 15936 108081 13840 47 405 137 40 37 29 38 3923 38 43 20 32 52 24 29 32 194 169 64341 62580 24146
internal_value=0 7.56751e-05 -5.71304e-05 4.68462e-05 -4.20181e-05 0.00057446 -0.000365152 -0.000476337 5.16534e-05 6.66262e-05 0.00193922 0.0189194 0.0278484 0.0217542 0.0165722 0.0473809 0.000243029 0.00449565 0.0157224 0.00536815 0.0537374 0.0214286 0.0343013 0.0153909 0.0058651 -0.000810823 9.51971e-05 -0.000144638 -0.000102632 -0.000418648
internal_weight=1.91976e+06 825875 1.09389e+06 499902 427842 72060 127526 111590 788360 774520 5120 465 328 250 203 78 4655 732 327 257 70 166 53 113 61 214 300316 593985 529644 86726
internal_count=1919762 825875 1093887 499902 427842 72060 127526 111590 788360 774520 5120 465 328 250 203 78 4655 732 327 257 70 166 53 113 61 214 300316 593985 529644 86726
is_linear=1
leaf_const=0 0 0 0 0 0 0 0 0 0 0 0 0 0 0 0 0 0 0 0 0 0 0 0 0 0 0 0 0 0 0
num_features=3 2 2 3 4 3 3 3 4 3 4 2 4 4 3 3 5 3 4 2 4 4 5 3 5 5 4 3 2 4 4
leaf_features=4 5 8  4 8  4 8  4 6 8  1 4 6 8  1 4 8  4 6 8  1 4 8  1 4 6 8  4 5 8  4 5 7 8  4 5  4 5 7 8  5 6 7 8  4 5 7  4 5 7  4 5 6 7 8  4 5 8  4 5 7 8  4 5  4 5 7 8  4 5 7 8  4 5 6 7 9  4 5 7  4 5 6 7 9  4 5 6 7 9  4 5 7 8  1 4 8  4 8  1 4 5 8  1 4 5 8  
leaf_coeff=6.7879735065235031e-05 -4.1674392574399842e-05 0.00010440684110649798  0.0001284618605431626 -9.141542831983448e-05  0.0010011471965528096 -0.0017105246100644568  -0.0014606143513696602 -0.0005640674978386939 0.0025698477111502529  -0.00043228961967980289 -0.0028202870902946488 -0.0035611903592416283 0.0084594365868611021  1.013674645646502e-05 2.975791851306947e-05 -1.9045257188509552e-05  -0.0042629859625563432 0.0022098093236081694 0.0014724492946157854  -0.00021745763578451087 0.0045008986557064203 -0.0048851865368851671  4.6547267808040257e-05 0.00022701009489698443 -0.00043382980376303063 0.00025230218749245915  0.0023553306685456521 -0.0030811235963684072 0.01032774951559361  -0.12945950974935841 -3.400612987774366 0.12798049999901195 16.063003288436448  0.023507588951542858 -0.0074766193709365327  -0.066057895829402469 -0.72600150047610446 -0.0099036810800107854 3.575443176971385  -1.6508511599240592 -0.41414221402956175 0.018495854655429866 9.2529121213883627  5.8567866877354788 -1.6379554814490149 -0.11715043392155451  15.472153310688464 -4.5002362006339132 0.18179256369195118  -0.49465572831632021 0.078139682768960494 -0.44727010623246316 0.16477985889444824 1.3865385616314598  0.004103578755496118 0.01342652020819628 -0.071393172740181407  0.18609563680550992 -4.5334201520832726 0.019603614741049571 21.264576419955119  10.389530216943241 -3.1465610287385064  -6.4231611421681016 -9.703612243797398 -3.0286465656899964 64.094197927205826  -0.5090165676340348 -3.7407841190099136 -0.061920382072958094 18.757647067005745  -181.19462343463675 167.49364979872482 -167.19283132655548 0.088101684750199638 7.834590611688327  -3.3432432022073044 0.83054786111206347 0.18077095728804127  -145.54418819085694 135.82970145014116 -134.74004047033378 0.88467699785469456 3.7095653734955705  176.86283992808313 -160.6568151314743 163.1887263733428 0.027497356717685762 -11.434385192012996  0.0067529181563713795 -0.86899980987200254 -0.0054679586065653043 4.1451632908683678  -0.0023217996864786984 -0.0031624988452983341 0.0071465665082570242  0.00069325994851219272 -0.0008389447583073917  -0.0001155834142819964 -0.0040342541227238312 0.00083398111028484324 0.00018999091777146247  0.00027541619112465902 -0.0005277494028045782 0.00075649336657985795 -0.0020095741792777845  
shrinkage=0.1


Tree=70
num_leaves=31
num_cat=0
split_feature=1 1 1 1 1 1 4 9 4 9 9 4 0 6 9 7 5 7 0 4 6 4 9 9 1 6 7 4 6 4
split_gain=0.744422 1.69019 1.61075 1.24777 1.00902 0.747195 1.27746 0.709814 0.993434 0.693577 5.65117 1.18247 1.14953 1.10313 3.11304 1.14008 1.55176 1.06846 1.03065 1.19004 3.15234 1.13764 1.01847 1.01801 0.975358 0.871274 1.02813 1.17015 0.941422 1.45969
threshold=7.2060062339413085 6.9730746354109483 7.6170218111633607 8.0819387425566926 6.6852363373681447 7.4051916194077991 5.8593596889746626 6.3204042442512467 4.6681339642869872 6.3603544996165118 6.5616743209359241 6.463808880305316 1.7005986908310777 7.2345018017286149 6.3204042442512467 5.5296209666078013 8.1165663488066588 5.6751980147062477 1.0000000180025095e-35 5.3821962081647756 6.0038962119703276 5.1503930356556173 7.4277015263540083 7.5100540538605687 3.795426061844291 6.937418885832872 6.145546372902067 1.8688348091416842 6.0628214521134778 3.5408542930527882
decision_type=2 2 2 2 2 2 2 2 2 2 2 2 2 2 2 2 2 2 2 2 2 2 2 2 2 2 2 2 2 2
left_child=1 4 5 -4 9 -2 7 8 -7 11 -11 12 13 25 15 16 -15 -12 19 21 22 -19 -21 -24 -20 28 -27 -28 -1 -30
right_child=2 -3 3 -5 -6 6 -8 -9 -10 10 17 -13 -14 14 -16 -17 -18 18 24 20 -22 -23 23 -25 -26 26 27 -29 29 -31
leaf_value=0.0002884925553880957 0.00042550373545048917 -0.0011006421841602296 -0.0010367182533264324 0.0017735872025243509 0.00061648234013734723 0.0051556383683168715 -0.0071541050945767293 0.0015332787286015431 -0.0094618360454938859 -0.0073307626440938523 -8.7585827141587152e-05 -0.0062399185041791391 0.0040929680685814181 0.004307371718301015 0.0014937769448401448 -0.00088081248073801723 -0.0082702727864494355 0.00011974996566293335 -0.0009117120273771334 0.0027879756465610645 4.2842262690528124e-05 -0.0011222148721827683 -0.0023172582423795348 0.0017919269597314047 -3.4937581835788216e-05 0.00071359738155620585 -0.010219847256619785 0.00060492700141798802 0.00021302786615950598 -0.0004365507278574726
leaf_weight=123764 9658 14046 8379 1947 26214 909 161 8306 49 1061 1048762 291 733 110 1441 454 906 402646 18107 7430 21543 7513 856 2039 42394 30684 185 217 73976 64981
leaf_count=123764 9658 14046 8379 1947 26214 909 161 8306 49 1061 1048762 291 733 110 1441 454 906 402646 18107 7430 21543 7513 856 2039 42394 30684 185 217 73976 64981
internal_value=0 -7.76516e-06 0.000499251 -0.000506826 4.16096e-07 0.00104365 0.00167708 0.00183055 0.00440798 -8.31296e-06 -3.51278e-05 0.000131493 0.000137726 0.000127955 -0.00180914 -0.0050469 -0.00690852 -3.0138e-05 8.9754e-05 0.000142737 0.000731385 9.70005e-05 0.00216802 0.000576914 -0.000297342 0.000147148 0.000647771 -0.00437662 8.79124e-05 -9.07371e-05
internal_weight=1.91976e+06 1.89035e+06 29409 10326 1.87631e+06 19083 9425 9264 958 1.85009e+06 1.55235e+06 297742 297451 296718 2911 1470 1016 1.55129e+06 502528 442027 31868 410159 10325 2895 60501 293807 31086 402 262721 138957
internal_count=1919762 1890353 29409 10326 1876307 19083 9425 9264 958 1850093 1552351 297742 297451 296718 2911 1470 1016 1551290 502528 442027 31868 410159 10325 2895 60501 293807 31086 402 262721 138957
is_linear=1
leaf_const=-0.001954395829673139 0.0037042800345062688 -0.050744109331898817 0.021506507130380471 -0.026923228505428123 0.0077159903309542699 0 0.20893938307056034 0.042975228111714614 0 -0.26297305323876119 0.00020552666466835403 0 -0.041923961115128354 0 0 0 0 -0.0048427161399633434 -0.0019599779763019853 -0.087360862298623942 0.0059290738343669609 0.0037152344135961361 -0.063844732966754233 7.3477025154978044 0.0065755742312558988 -0.0075143090606658806 -0.16418576869073151 -0.22141412301905916 -0.0070195637153029457 0.001754399549530561
num_features=5 1 1 1 1 1 3 2 3 3 2 3 3 4 5 3 4 5 3 4 4 4 3 4 4 4 4 4 4 5 5
leaf_features=0 1 4 6 9  1  1  1  1  1  1 4 9  1 4  1 4 9  1 4 9  1 9  1 7 9  1 4 9  0 1 4 9  4 5 6 7 9  4 6 9  4 6 7 9  4 5 6 7 9  4 7 9  0 1 7 9  4 6 7 9  4 6 7 9  4 7 9  4 6 7 9  4 6 7 9  0 1 7 9  4 6 7 9  4 6 7 9  4 6 7 9  0 1 4 6 9  0 1 4 6 9  
leaf_coeff=0.00010633086006002387 -2.2887440352815535e-05 0.00020459594398265465 -0.00010769679540584138 0.00035327982668889037  -0.00044885103228349267  0.0070071154801325981  -0.0029077630358753659  0.00336294926576719  -0.0010404690769828307  -0.0075659280475065321 -0.0006904190858747967 0.010562685135786865  -0.033514805995272921 0.0056964808610123546  -0.0052473789005830444 -9.8326428396910973e-06 -0.00028562176442250566  -0.098720832205509632 -0.0053513895793248171 0.1284302494005658  9.9470544110902284e-05 0.03928341133591573  1.0537849057652877e-05 -5.3495979189511357e-06 -3.7979571976326515e-05  0.001210815179515673 0.0025347095433275514 -0.0040281317720648252  0.013265495498319081 -0.00017524175370388085 -0.00099560637019506233 0.0038481443626088743  -0.003335221850209891 -0.00031550712957901795 0.010533983325587571 0.00036213587283087103 -0.011531257852089994  -2.4736573564299037e-05 0.00097152774164008813 -0.00088363170589609305  -0.010570617796220906 -0.041986579494910359 -0.033154549975168555 0.087367013144151434  -0.035617503214842826 0.024214392376256912 -0.015154229348011583 0.0029292709011697229 -0.011136777094128547  0.00013720302595746775 0.00085598109401573423 -6.5076629539743969e-05  -0.000371143988204925 2.4185925971453861e-05 -0.00016117326656166499 0.00030200175372111507  -0.00021750594215834697 -0.0044741694507653305 0.019057197134392825 0.0012225185209384648  -0.00011588465376127511 0.003413322783905751 -0.0042259669577375814 -0.00031064716081650318  0.0039850813527966267 -0.0012165773039917839 -0.0026194836367002929  0.0017476766741083339 0.0044714502029014726 -0.0014808119141974886 0.004489761751290189  -0.0031667394280873399 0.0085460895080245788 -0.00051533999279342881 -0.98165535815060145  -8.7227852593771418e-05 1.6529288301111785e-05 -0.0013489249744097266 0.00016449663517573154  1.7103840110291313e-05 0.00096389725566279347 -0.00011255332713625173 0.00032211229992887839  0.00028381595425344133 0.00092514576791700174 0.0020278950473539225 0.022719419730339044  0.00040635315982807675 0.020790372595184792 0.015031578881499997 -0.002909434227718233  -0.00094992152344200659 7.3700246320540993e-05 -1.4228775754594053e-05 0.00038803799694515088 0.00077770335264244208  -0.0025488807502623864 0.00039913200441642487 0.00065277668751073388 6.0228646901472338e-05 -0.00096057382899794597  
shrinkage=0.1


Tree=71
num_leaves=31
num_cat=0
split_feature=8 4 5 4 4 5 5 7 7 6 7 4 6 5 9 7 7 7 4 6 6 1 1 1 1 5 9 4 1 4
split_gain=0.680672 0.875338 0.851506 1.64846 1.47247 2.17777 12.1852 9.35057 6.14 1.91564 1.84145 1.68995 1.555 5.81167 5.9271 1.45212 2.31122 1.78093 1.42111 12.0429 1.34103 1.25315 1.75334 2.73632 1.28109 1.73156 1.21886 1.17797 1.05083 0.977684
threshold=3.0000000000000004 3.2384861814448418 8.9836279578803069 3.2384861814448418 2.8029010331479989 9.5391763832008447 9.4766391934208603 5.7340372447439654 5.6687848691605724 6.8865476024392214 5.2507916655164264 2.8617925509761908 6.6783673835575836 9.5391763832008447 6.3204042442512467 5.3780456837657029 5.3971655921947974 5.2589103491354585 2.249904835165133 6.9968673117108562 6.9125861838978802 5.8536372009884516 6.2719327192022343 6.176905692078182 6.0461887465411452 10.094231870550106 6.603745375804027 2.1383330595080281 5.7413980499943591 2.524928003624769
decision_type=2 2 2 2 2 2 2 2 2 2 2 2 2 2 2 2 2 2 2 2 2 2 2 2 2 2 2 2 2 2
left_child=2 -2 3 -1 5 6 18 8 10 -10 -8 -6 21 14 -14 17 -17 -12 27 20 -20 28 23 24 -23 -26 -25 -4 -13 -7
right_child=1 -3 4 -5 11 29 7 -9 9 -11 15 12 13 -15 -16 16 -18 -19 19 -21 -22 22 -24 26 25 -27 -28 -29 -30 -31
leaf_value=5.4317120075582929e-05 -0.00016935411099563137 1.6298057344553553e-05 0.0097820772341004128 -0.00074721599418557042 -0.0016457787819088552 0.0061902368875374481 0.038616544501079875 -0.0020481644604693761 0.069696490721482984 0.032062380086807979 0.01966405487060547 0.00020072491478859172 0.080449409708380715 -0.0028921371616354779 0.010624508703908613 0.052322623843238471 0.017075292331857918 -0.019347346777265725 0.0016689976214179329 0.058825399216852696 0.021141088505585992 0.0028712380410228517 0.00030326190049814272 0.0014683577456876004 -0.0024790865258192411 0.0048225090071870114 0.0087278030456334425 -0.00088188779946848841 -0.0025930746128613176 -0.0028653850149424776
leaf_weight=662249 400872 693015 108 26693 4666 133 48 165 38 21 25 109919 20 109 31 21 163 22 2015 38 36 2424 8942 314 1318 431 878 2534 1363 1151
leaf_count=662249 400872 693015 108 26693 4666 133 48 165 38 21 25 109919 20 109 31 21 163 22 2015 38 36 2424 8942 314 1318 431 878 2534 1363 1151
internal_value=0 -5.17371e-05 6.85306e-05 2.32618e-05 0.000296289 0.0017631 0.00266845 0.0174661 0.0269922 0.0563013 0.0207943 0.000222979 0.000292321 0.0101444 0.0380068 0.0170909 0.0210981 0.0014034 0.00109517 0.00304427 0.00201078 0.000279769 0.00116075 0.00258994 0.00138293 -0.00067978 0.0068155 -0.000445965 0.000166506 -0.00192738
internal_weight=1.91976e+06 1.09389e+06 825875 688942 136933 6518 5234 503 338 59 279 130415 125749 160 51 231 184 47 4731 2089 2051 125589 14307 5365 4173 1749 1192 2642 111282 1284
internal_count=1919762 1093887 825875 688942 136933 6518 5234 503 338 59 279 130415 125749 160 51 231 184 47 4731 2089 2051 125589 14307 5365 4173 1749 1192 2642 111282 1284
is_linear=1
leaf_const=0 0 0 0 0 0 0 0 0 0 0 0 0 0 0 0 0 0 0 0 0 0 0 0 0 0 0 0 0 0 0
num_features=3 2 2 3 3 2 2 4 4 5 5 3 5 3 4 2 3 4 4 4 4 4 5 5 6 5 5 6 2 5 3
leaf_features=4 5 8  4 8  4 8  4 5 8  4 5 8  4 5  4 5  4 5 7 8  4 5 7 8  4 5 6 7 8  4 5 6 7 8  4 5 7  1 4 5 6 8  4 5 9  4 5 6 8  5 9  4 5 7  4 5 7 8  4 5 7 8  4 5 6 8  4 5 6 8  4 5 6 8  1 4 5 6 8  1 4 5 6 8  1 4 5 6 8 9  1 4 5 6 8  1 4 5 6 8  1 4 5 6 8 9  4 5  1 4 5 6 8  4 5 8  
leaf_coeff=0.00012241241351755241 -5.6814997824123216e-05 0.00010059744224976148  -0.00011849585219601828 1.1773764987515449e-05  7.9060407960879639e-06 -5.4295307673738479e-06  -0.09337846988447894 -0.0065647736373790622 0.13124839681746608  0.002606843027842354 0.00024925129097481681 -0.0058495098147659519  0.025409242069641281 -0.007940208840290985  5.3319832396060525 -1.3863258135535945  0.18439083852249497 -1.782093577798878 -0.023802085871511738 8.3143865602236477  -0.038072429652677188 -0.086275438542429583 -0.0084272294417569778 0.48582278102603599  -10068.923486328125 9417.337512207032 -9429.990966796875 -0.76116056386381392 1257.3299530029299  -1.8546932032735641 -12.236731327010785 -1.3713139091658377 3.7682209812317526 54.883529355120849  -0.076209154166468812 -4.2318363812424655 7.7147394279963919  2.1434006804088233e-05 0.0040970155102724171 -0.0043294805842561956 0.0029552106792050561 0.0045067792757564453  -0.54301202432488938 -3.0560582984835492 5.2262764893413989  -9234.0381332397465 8735.3723190307628 -8745.1598747253429 1008.162867641449  -2.0119831186799275 3.0224680508337771  0.29228781832134704 1.3662647810473574 -2.5500472414736581  -0.012892641397371563 -0.48246254521800441 0.0044720965173745244 2.3113686642078393  -0.16585196237733726 0.55602361276687595 0.7857462191061132 -4.5238260718251695  0.039946197148194078 -0.032510502873608974 0.038492584370523275 -0.029821173309608897  -0.43876547468213406 -0.14331699553277419 -0.066685093860041886 1.4592045588153271  -81.848090706102084 74.667397641367288 -75.674581999273514 15.736509895505151  -0.0023226772400519735 -0.036428632110779804 0.036389448777046599 -0.032756627339831826 -0.0017853008428261319  0.0031566833709966604 0.033589761946976181 -0.033007046326411431 0.03292320720536495 -0.011709080859899856  0.011621733555373371 -0.24019327717386815 0.22739207566628439 -0.23383339527256039 -0.014130160582690938 0.0084534115855211533  -0.0096370459316275983 0.11062415243037266 -0.1084999593264243 0.11150034712944717 0.013518186522577481  0.068010964653805669 0.0069810775323958301 -0.0085463272867912117 0.0022667412597797919 -0.18332033120525468  -0.016283027841777774 -0.040810139137333223 0.0393142930182993 -0.039593591544886668 0.061611094022480731 -0.00064044069182322971  0.012507801164196765 -0.0031041152094640092  -0.00015701393158167322 0.037215166709218296 -0.036256189100141965 0.036788448620427516 -0.0048103586510421792  -0.010762179848975607 -0.063167049143589796 0.31473529855097698  
shrinkage=0.1


Tree=72
num_leaves=31
num_cat=0
split_feature=4 4 4 4 1 9 9 9 5 4 1 1 1 4 4 6 4 6 9 4 7 7 9 9 9 4 7 6 1 9
split_gain=0.621322 1.76134 7.41205 5.50246 2.77204 2.24728 2.00503 1.16175 1.33621 1.54254 0.874478 1.43069 0.951834 0.850152 2.12103 0.992062 0.901198 1.61503 1.59718 1.22834 1.08427 1.7798 0.85127 0.852078 0.839648 1.82009 1.07919 1.42053 1.01169 0.897463
threshold=6.3587080675902401 6.1081352352533109 6.0879098011795767 6.2156070997535293 3.5972184255501678 6.4132755050809012 6.679421601977551 6.3204042442512467 12.020658310736186 6.2412495553129679 5.8791343840901709 5.4617086595848852 6.2643497376646673 5.9148525341228533 5.9545403518763083 5.7116119396025686 5.5510178349084196 5.7885537303478811 6.3204042442512467 5.5274410133216039 5.6964670988041819 5.5775076527351244 6.9534033917656322 6.3204042442512467 6.3603544996165118 5.7120799114421201 5.7752473215771216 6.3864925652588393 1.8688348091416842 7.5121052670435509
decision_type=2 2 2 2 2 2 2 2 2 2 2 2 2 2 2 2 2 2 2 2 2 2 2 2 2 2 2 2 2 2
left_child=1 2 13 4 -3 -4 -7 -5 9 -9 11 -2 -12 16 22 -16 19 18 20 -1 21 -18 23 -15 25 26 -19 -28 29 -26
right_child=10 3 5 7 -6 6 -8 8 -10 -11 12 -13 -14 14 15 -17 17 24 -20 -21 -22 -23 -24 -25 28 -27 27 -29 -30 -31
leaf_value=-5.0210090818123487e-06 0.00044487477281266764 -0.0039342517191769165 3.9219102469406615e-05 0.0018508503454493456 0.00062918864953094913 0.0072613707856635833 0.002833205558064775 -0.0011323314590284969 -0.0003562667910292067 0.011327616055056736 0.0090794268288564954 -0.0099608849769080056 0.0018251586412118552 -0.00044493835899886728 -0.0039580672832774345 0.0004893074032891212 -0.0012081321878921268 0.0043838213710177664 -0.00079676594583302611 -0.00094932364087924265 0.010529135105510554 -0.015929097682237627 -0.00086391567203199151 -0.0033724965840230404 0.00053094700848046745 0.00048986954196999263 0.0066826080745559626 -0.014119570400263813 -0.00062476590151345221 0.0033048838352307667
leaf_weight=1757731 20180 6439 2431 3047 1678 1211 6570 187 20048 212 220 133 1017 1415 521 13449 149 2207 4960 13884 30 183 9525 3343 34619 5117 59 74 7916 1207
leaf_count=1757731 20180 6439 2431 3047 1678 1211 6570 187 20048 212 220 133 1017 1415 521 13449 149 2207 4960 13884 30 183 9525 3343 34619 5117 59 74 7916 1207
internal_value=0 -6.0493e-06 6.48622e-06 -0.000746261 -0.00299087 0.00269321 0.00352239 2.92335e-05 -0.000242223 0.00548799 0.000533941 0.000376743 0.00311533 -8.29343e-06 -0.000552653 0.000323446 1.19395e-07 0.000393204 -0.00126477 -1.24214e-05 -0.00767724 -0.0093224 -0.00140955 -0.00250186 0.000565546 0.00154636 0.00385663 -0.00489154 0.00039834 0.000624403
internal_weight=1.91976e+06 1.89821e+06 1.8666e+06 31611 8117 10212 7781 23494 20447 399 21550 20313 1237 1.85639e+06 28253 13970 1.82814e+06 56521 5322 1.77162e+06 362 332 14283 4758 51199 7457 2340 133 43742 35826
internal_count=1919762 1898212 1866601 31611 8117 10212 7781 23494 20447 399 21550 20313 1237 1856389 28253 13970 1828136 56521 5322 1771615 362 332 14283 4758 51199 7457 2340 133 43742 35826
is_linear=1
leaf_const=3.3923325018330389e-06 0.004008393244409803 0.057835117046238338 0.30847837976231179 0 -0.063984405094356586 -0.42304672684404071 -0.30868907684998703 0.87528542869604287 -0.026506083825479011 0.64686578480250323 -0.04862653987546537 0.10424306618798483 -0.01802776993887676 0 -0.10055947997777821 0.048581214707746768 0 -0.054235184431570362 -0.024731724152292148 0.095656056848110904 0 0 0.31831015480011049 0.41398631725078305 0.007201624819232322 0.071600287873511095 -0.47825126511743293 0 0.014367972274571629 0
num_features=1 2 2 2 2 2 2 2 3 3 3 2 2 2 2 2 2 4 4 3 1 4 4 2 2 4 3 4 4 4 4
leaf_features=4  1 4  1 4  4 9  4 9  1 4  4 9  4 9  4 5 9  4 5 9  4 5 9  1 4  1 4  1 4  4 9  4 6  4 6  4 6 7 9  4 6 7 9  4 6 9  4  4 6 7 9  4 6 7 9  4 9  4 9  1 4 6 9  4 6 9  4 6 7 9  4 6 7 9  1 4 6 9  1 4 6 9  
leaf_coeff=-2.9232532797195029e-06  -0.00036740393869973516 -0.00053891112864901114  -0.00046995078776983505 -0.010000381362044664  -0.05504922915181823 0.0045101508001457952  -0.0048408221532078247 0.0054930126086617298  -1.9244179855648638e-05 0.010508029952939779  0.027933033960653122 0.039043163656299389  0.048904479755310606 0.0017825671853856752  -0.15570884633029891 0.0091925018778916019 -0.0021655532300153715  0.001240507330542684 0.0015184095430469946 -7.4094791624135248e-05  -0.081523436790723741 -0.017391775799683273 0.011594088974693762  -0.015005535920791858 0.022957926147824992  -0.016033949231756852 -0.0035014157414252622  -0.0027669133934822955 0.0059768868443635277  -0.046148679980942124 0.046526174159384939  0.0050553322390612726 0.011759075700320665  -0.0079903302124559872 9.6865409166382869e-06  -0.0062264834864508957 0.039393589478329008 0.067081654909308952 -0.094892801795433718  0.0084430952254891164 0.00069341758152461361 0.0019922472963578744 -0.00073694885833068828  -0.00062490639071479672 0.0067710741905981919 -0.0015484907281085203  -0.017421134635333149  0.012037511050669992 0.20575563898787552 -0.7231009610746697 0.48971389413909494  -0.030513292489763446 0.0042144007975139178 -0.15481805192030151 0.17117556277598853  -0.053246302879864517 -0.00036947812630523381  -0.067831875993374521 -0.002160311942764892  -0.00026093447347488445 -0.001288141285784139 0.00021683956440077257 -8.5127765642678543e-05  -0.0098663193017815235 0.0001191700634744053 -0.0023961575996508167  0.0071794331362525559 -0.0011998181837000743 0.074392788897603174 0.0035715816457255302  0.014439796858187038 0.0073223111643528687 0.025576021843062336 -0.049371482946662583  0.00039493805099688858 -0.0023755754788325149 0.00031766277497471409 -0.00075059757258025836  -0.001678486873096452 0.001305706625459635 0.0025036593994751223 -0.0025384364768097356  
shrinkage=0.1


Tree=73
num_leaves=31
num_cat=0
split_feature=7 6 9 5 9 6 4 5 9 7 6 7 4 6 7 4 6 7 6 6 5 5 6 4 5 6 4 7 5 6
split_gain=0.608422 0.858411 0.707529 1.35124 1.15445 0.673106 1.18385 1.00673 0.742882 3.1808 2.27823 2.65515 2.34868 2.48281 2.40674 2.06295 1.79382 2.33653 1.99311 1.42316 1.27561 2.67454 1.03643 0.989587 1.62134 1.15274 0.919472 0.837669 0.765515 0.725955
threshold=5.6128616676816723 5.6854299811726712 7.287303286647794 6.8643255847119082 7.4343679728624492 6.0628214521134778 2.8617925509761908 9.5391763832008447 6.3204042442512467 5.7080121936484094 6.3618821036035484 5.9299631527520482 4.863673427408628 6.8865476024392214 5.8221654222455195 2.602003343538398 6.6528332517917246 6.2123735778158169 6.5177707588284068 6.3741912006830921 12.109368995281573 12.481632157775154 6.3997657440457418 4.8559213341406453 10.619679647439042 6.9681151594426796 4.4005842009683471 5.7413866837872307 9.8311587655623569 6.6528332517917246
decision_type=2 2 2 2 2 2 2 2 2 2 2 2 2 2 2 2 2 2 2 2 2 2 2 2 2 2 2 2 2 2
left_child=2 -2 3 -1 -4 6 -3 -7 9 -9 20 12 14 22 23 -10 17 18 -13 -17 26 -22 27 24 -12 29 -11 -14 -21 -26
right_child=1 5 4 -5 -6 7 -8 8 15 10 11 16 13 -15 -16 19 -18 -19 -20 28 21 -23 -24 -25 25 -27 -28 -29 -30 -31
leaf_value=0.00030941020056442984 -0.00050295855020387591 -0.0001323389368944828 -0.00026456688597636377 -5.1520979040343521e-05 4.1265389154581815e-05 0.00012792133015331761 0.00024217446195703952 0.00066558207582432301 0.017798139239675947 -0.00074764520269008771 -0.0010423374825513176 0.0011472898710491067 0.00074228254786456928 0.0013925185554648101 -0.0093750040719492583 -0.00035316619977517381 0.0010530305314728351 0.00013817798161337561 -0.013194517060822131 -0.00095979745400264101 -0.0058910347445123284 0.0028925959069413627 -0.015553958491827342 0.0014350591343628546 -0.00068588581970996333 0.0012715579872881926 0.0026300859077076325 -0.0146929639284728 0.00080932307503922888 -0.014574245888253918
leaf_weight=131198 25524 108922 291273 495344 214188 158626 374959 7970 64 1840 764 133 83 146 576 80208 1615 564 357 2826 978 537 446 585 45 81 1434 61 18185 230
leaf_count=131198 25524 108922 291273 495344 214188 158626 374959 7970 64 1840 764 133 83 146 576 80208 1615 564 357 2826 978 537 446 585 45 81 1434 61 18185 230
internal_value=0 6.74959e-05 -4.69515e-05 2.40581e-05 -0.000134971 8.65979e-05 0.000157871 -3.7301e-05 -0.000256202 -0.000839904 -0.00198537 -0.00333881 -0.0053713 -0.0102832 -0.0037864 -0.000149902 -0.00104132 -0.0042504 -0.00930174 -0.00016125 -0.000378416 -0.00277763 -0.0131724 -0.00189841 -0.00363955 -0.00921333 0.000731789 -0.00579626 0.000571375 -0.0123016
internal_weight=1.91976e+06 787759 1.132e+06 626542 505461 762235 483881 278354 119728 18445 10475 5686 3017 736 2281 101283 2669 1054 490 101219 4789 1515 590 1705 1120 356 3274 144 21011 275
internal_count=1919762 787759 1132003 626542 505461 762235 483881 278354 119728 18445 10475 5686 3017 736 2281 101283 2669 1054 490 101219 4789 1515 590 1705 1120 356 3274 144 21011 275
is_linear=1
leaf_const=-2.1545610980411302e-05 -0.0078558334974406559 -0.0091043476375999976 -0.0028411091948385096 0.00077897332298954849 0.011039244452630471 0.0028015868386212619 -0.0047191167268493929 0.54773237323779544 -141.12838745117188 0 0 0 0 0 0 -0.03302578612332923 0 0 0 -0.051414072329802711 0 0 0 0 0 0 0 0 -0.014305978475077552 0
num_features=3 2 3 2 3 2 3 3 4 5 5 5 4 5 5 5 5 4 4 4 5 4 4 5 4 5 5 5 5 5 5
leaf_features=5 7 9  6 7  4 6 7  7 9  5 7 9  7 9  5 6 7  4 6 7  5 6 7 9  4 5 6 7 9  4 5 6 7 9  4 5 6 7 9  5 6 7 9  4 5 6 7 9  4 5 6 7 9  4 5 6 7 9  4 5 6 7 9  5 6 7 9  5 6 7 9  5 6 7 9  4 5 6 7 9  5 6 7 9  5 6 7 9  4 5 6 7 9  5 6 7 9  4 5 6 7 9  4 5 6 7 9  4 5 6 7 9  4 5 6 7 9  4 5 6 7 9  4 5 6 7 9  
leaf_coeff=9.910798578872558e-06 2.8972974984951525e-05 3.8748136428139181e-05  0.0012446388428275724 7.2290724983137272e-05  0.00013919405245836001 0.0014901092648683112 -2.9851086765469995e-05  3.975857336284833e-05 0.0003253085338215556  4.4497799415617847e-05 -7.2343362970809545e-05 -0.00012953076058559027  -1.9244912899812548e-05 -0.001454554234750205  -1.8569783629465711e-05 -0.00030375029512660218 -9.8903656298365844e-05  6.1432794562558954e-05 -0.00035778632758143303 0.0011871573819153269  0.00057650279571950234 0.0010630816097863649 -0.0089439434945475689 -0.086592841996343858  510.2812377929688 -470.03384094238282 469.92434997558598 0.1354437586356653 -0.012799508635362146  0.013109894234229725 -0.010544811106459929 0.0035844229112754534 0.00382397518396731 0.0015932665793078728  -0.23969204072326136 0.23287190974160696 -0.23185495228812272 0.072010362461223568 -0.066429706156738183  0.0030184403178517005 -0.0059755315804906678 0.0035745160437947732 -0.0027682015670876582  -0.033163393947603481 0.034302808796417138 0.028729646488693562 0.16743624913394797 -0.23178449257279682  -0.049470747117197789 0.048010445303123109 -0.052345688794537187 1.5128816478693352e-05 0.0067374244604593517  0.19282362783897611 -0.18655213206609461 0.19620332636795298 0.056332162998876362 -0.074132512696542113  -0.010761171604075283 0.010996401954647706 -0.0098419271415926893 0.0041879604526011251 6.0237015453723512e-05  0.0010744409618879236 0.012250398441082666 0.010686278100934744 -0.027295634509274438  0.0049710543339928359 -0.020427184419735723 0.037250162374398155 -0.026329354173133625  0.0062440063904262381 -0.067203956808521079 0.041576841923722442 0.018199159536698064  0.028799178555262019 -0.022555603639422373 0.028052271786345531 -0.0011486463544023717 2.7237619319207124e-05  -0.01992708557016272 -0.022903651735833822 0.034015819546561944 0.03178432450499713  -0.0058744148482048793 0.0061491461351636193 0.00025145469619474169 0.0063188192765210264  3.4599424122628992 -3.4433375999215059 3.4291442536836261 0.026640566236540056 -0.031982237642296241  -0.0084060313267400495 0.0094041951859253469 -0.080956240341765809 0.084922691871179276  -4.6026573500138062 4.5648662882491866 -4.5259099512903509 0.089139379956731102 -0.090118782302624822  -0.001261304217935333 -0.0017261147986999958 -0.033974151668056153 0.021339305743214257 0.024370840466693269  -0.014900269422939694 0.015124432185756209 -0.019251931764942755 0.0026270750925208477 0.0020243690816339924  1.8096244560325432 -1.8266942507223576 1.8949512677012537 0.011916465092076578 -0.072995090537006035  -0.033219118425984608 0.033143863505589864 -0.029273906519883444 -0.0022473170243833885 0.0005044838164902643  0.34103060372138999 -0.32936163075077052 0.37584708419317397 -0.0050712264450567092 -0.060617797859458734  
shrinkage=0.1


Tree=74
num_leaves=31
num_cat=0
split_feature=8 0 5 1 1 1 1 1 4 9 4 5 5 7 7 6 4 6 5 4 4 7 7 6 6 7 5 7 7 9
split_gain=0.616482 0.711875 0.70822 1.18609 1.68191 2.77695 1.2202 1.20731 1.80594 1.11804 1.05087 1.08218 7.53971 7.7967 5.69045 8.68148 4.37994 6.14334 9.6453 2.21433 3.41602 1.53891 1.97818 1.74944 1.52238 1.43486 1.41038 0.994545 2.65222 1.71538
threshold=3.0000000000000004 3.3140206880897671 8.6631100625819304 5.8678824850335358 6.2719327192022343 6.2015223456153068 5.625819309938989 6.0695816581233011 4.0517471391904856 6.603745375804027 3.1984648276080736 9.5391763832008447 9.497547328764556 5.7363384385431742 5.7008696287172986 6.7313530529011913 2.8029010331479989 6.7044614869809216 9.5193312890754243 2.8617925509761908 2.9174053685313028 5.6552680625242528 5.2507916655164264 6.8865476024392214 6.8596425165218067 5.4617018978108733 9.5193312890754243 5.2911788849792663 5.4031467529443864 6.3204042442512467
decision_type=2 2 2 2 2 2 2 2 2 2 2 2 2 2 2 2 2 2 2 2 2 2 2 2 2 2 2 2 2 2
left_child=2 -2 -1 6 5 7 10 -5 -9 -7 11 12 -4 14 16 -16 21 18 -18 -15 -21 22 -14 -23 -24 -20 -22 -26 -29 -30
right_child=1 -3 3 4 -6 9 -8 8 -10 -11 -12 -13 13 19 15 -17 17 -19 25 20 26 23 24 -25 27 -27 -28 28 29 -31
leaf_value=-6.6444707548110248e-06 -5.0273578354651278e-05 0.006153455541368473 0.00029103688714984512 0.0025910445709347034 0.00023732804831321874 0.0014464381251727179 -0.0017118155599527597 -0.0021785882171111424 0.005033040991973891 0.0088143361757879388 -6.1183110557006231e-05 -0.0021449365315976878 0.035932658741528054 -0.0055526402487885212 0.0080401201087694895 0.075659406346243796 0.074890300516898808 -0.007854987672943483 0.023593829476407598 0.035976431710379467 0.014804546833038329 0.05613311529159546 -0.0051771419676574504 0.018692582616439232 -0.0030850079087983997 -0.0010890671517699956 -0.0046929010173730685 0.052178606932813482 0.026779626309871674 0.0031413108110427859
leaf_weight=515383 1093702 185 164192 3049 10492 277 3523 1556 447 803 123144 1757 47 352 39 37 26 187 35 35 55 24 37 26 21 72 114 22 59 64
leaf_count=515383 1093702 185 164192 3049 10492 277 3523 1556 447 803 123144 1757 47 352 39 37 26 187 35 35 55 24 37 26 21 72 114 22 59 64
internal_value=0 -4.92244e-05 6.52321e-05 0.000184539 0.00100629 0.00232201 0.000138053 0.00133808 -0.000569203 0.00692461 0.000160499 0.000323769 0.000349986 0.00808081 0.015134 0.04096 0.0119682 0.00383011 0.0202595 -0.000748372 0.00754135 0.0206489 0.0174459 0.036664 0.0131657 0.00698478 0.00165242 0.0172541 0.0201998 0.01448
internal_weight=1.91976e+06 1.09389e+06 825875 310492 16624 6132 293868 5052 2003 1080 290345 167201 165444 1252 696 76 620 320 133 556 204 300 250 50 203 107 169 166 145 123
internal_count=1919762 1093887 825875 310492 16624 6132 293868 5052 2003 1080 290345 167201 165444 1252 696 76 620 320 133 556 204 300 250 50 203 107 169 166 145 123
is_linear=1
leaf_const=0 0 0 0 0 0 0 0 0 0 0 0 0 0 0 0 0 0 0 0 0 0 0 0 0 0 0 0 0 0 0
num_features=2 2 2 4 3 3 4 3 4 4 4 4 3 4 4 4 5 5 5 5 3 5 4 3 5 5 5 4 3 5 5
leaf_features=5 8  0 8  0 8  1 4 5 8  1 5 8  1 5 8  1 5 8 9  1 5 8  1 4 5 8  1 4 5 8  1 5 8 9  1 4 5 8  4 5 8  4 5 7 8  4 5 7 8  5 6 7 8  4 5 6 7 8  4 5 6 7 8  4 5 6 7 8  4 5 6 7 8  4 5 7  1 4 5 7 8  5 6 7 8  4 5 7  4 5 6 7 8  4 5 6 7 8  4 5 6 7 8  4 5 7 8  5 6 7  4 5 6 7 9  4 5 6 7 9  
leaf_coeff=-3.2551142441481523e-05 0.0001050584409459953  -6.2069884364251838e-05 -9.9191559015253432e-06  0.010756810092431835 -0.0079711830563111274  -0.00018816940855726183 0.00019680870585745276 -6.4176902543144906e-05 0.00015777068188445044  0.0010177830304506587 -0.00072903882190610285 0.0017298235885874647  0.0028721020472171873 -7.961847713247247e-05 -0.0090490408514803285  0.011431042752597521 -0.0046629724393184952 -0.035249978673772019 0.0074640304308650988  -0.0039113089761460889 0.0010404127042687339 0.0054516945359232242  0.051815493225886661 0.0058088220966337374 -0.0034707159780591468 -0.15378845543381772  0.050787033711523578 -0.0044593864206765588 0.0059942334616106766 -0.17434607015742359  -0.10073263444098508 -0.0018313277906459259 0.31720443850580904 0.0028211872375430327  0.00010188416985971657 0.0011700114374632643 -0.0003222778505290028 -0.00061968766871195458  -0.0073598005767902212 -0.022626335655002095 0.11709160291893568  -0.13471839327958152 -2.8824077562909225 0.11751738832695083 13.625343288196019  -0.04927534409065118 -0.15045806854059265 0.0026834389514519331 0.7742984926539066  -1.7389350279361679 -0.3091930142078127 0.33604188710253313 8.3457510191670732  41.296223002159969 -41.458649506466465 38.416508553083986 -4.0010824390901689 20.716165928589181  -17.651680126320571 15.684305266104639 -16.868555490765722 0.22662162907154199 6.6617674630600963  0.093959041052767145 0.013920913092852061 0.02408383819382607 -0.00040451518369106766 -0.28349989642956647  32.652694425568917 -34.009670828212982 31.468850027746523 -0.048605733712065557 9.6527020695153638  6.2667426794592309 -1.997819039842395 0.16428329600737471  -0.002580253775976793 -0.10772689547429765 0.15066771800484277 -0.042899685845173965 -0.41401085352117661  1.7856302128377139 0.24138690725267226 0.61315475802402952 -11.033014602994081  4.9624752904860658 -1.3822829119138036 -0.10927943251252473  -1.0540626903309203 -4.6277187097890424 -0.79067340276051257 3.6471939652186851 15.871344868862071  -409.24641102764292 376.07721716361124 -378.82918058924844 -1.0764853595534079 70.275758967513681  22.238400501100116 -22.417481893615332 21.165994447248522 0.030102269014638239 3.7136103454449767  0.023652923832310081 0.20763301870683792 0.0084670981621414402 -1.0528780466556782  6.0537239253986632 -4.8277377443620937 -4.4598873923008799  -47.078608344635001 40.914548173709775 -43.555041502253154 -0.11166663586045616 6.5179765307606434  18.398811163284702 -16.850648119190009 16.89503764694091 -0.022735899574141172 -0.87021209241065667  
shrinkage=0.1


Tree=75
num_leaves=31
num_cat=0
split_feature=1 1 1 1 9 1 3 9 4 5 8 1 4 1 1 9 3 2 6 6 9 1 9 9 4 0 6 9 7 7
split_gain=0.524804 1.47486 1.35651 1.249 0.831418 0.729773 0.676383 0.748363 0.989894 0.595539 1.13214 2.00659 1.57712 1.15621 0.657289 0.648787 0.645582 1.18416 1.3853 0.583157 0.560692 0.550455 0.53352 4.63006 0.988306 0.912944 0.885714 2.50987 0.927258 1.25243
threshold=7.2060062339413085 6.9730746354109483 7.6598786368693057 7.9067313605233123 6.8152292383395157 6.6852363373681447 5.5331538652342411 6.3204042442512467 4.6395599436855051 10.939275405698293 3.0000000000000004 6.788408362650876 5.1328485759866682 6.788408362650876 6.7782157456601473 6.603745375804027 5.4122626547565833 5.3622697593612889 5.8467801779377275 5.8058013918786537 7.2264807709440779 7.7478126815626318 6.3603544996165118 6.603745375804027 6.463808880305316 1.7005986908310777 7.2345018017286149 6.3204042442512467 5.5316914966442674 4.3459504914589768
decision_type=2 2 2 2 2 2 2 2 2 2 2 2 2 2 2 2 2 2 2 2 2 2 2 2 2 2 2 2 2 2
left_child=1 5 6 21 -5 22 7 8 -2 10 13 -12 -13 15 16 -7 -11 18 -18 -10 -6 -4 24 -24 25 26 -1 28 29 -28
right_child=2 -3 3 4 20 9 -8 -9 19 14 11 12 -14 -15 -16 -17 17 -19 -20 -21 -22 -23 23 -25 -26 -27 27 -29 -30 -31
leaf_value=0.00013051661595657663 0.0047124923115795109 -0.0010274015563007976 -0.00056924199479849711 0.0037299717060517825 -0.0019589174088514376 0.0023719704625652406 0.00019060383009415034 0.0010798838050553783 -0.0099900877891251679 0.001635192149764984 0.0013008146210247229 -0.0013655359030504553 -0.023280601144175642 0.0018449612034455182 0.0025441208449859662 -0.00078143426966675075 -0.029205974171910544 -0.00062862809511839558 -0.0041593991071706459 0.0045144558126150175 0.0014088164610762356 -0.0025519380868825642 -0.0061777702824888283 -2.4956451203344526e-05 -0.0057085492561772932 0.0036468244766648785 0.0038676773866807876 0.0013433060655984343 -0.00077247362602338003 -0.0074319125050843317
leaf_weight=293807 1058 14046 2936 826 866 793 8917 10856 78 738 4259 6694 33 6841 2676 3681 34 402 63 43 1152 2677 1224 1551127 291 733 110 1441 454 906
leaf_count=293807 1058 14046 2936 826 866 793 8917 10856 78 738 4259 6694 33 6841 2676 3681 34 402 63 43 1152 2677 1224 1551127 291 733 110 1441 454 906
internal_value=0 -6.50849e-06 0.000419198 -0.000649798 0.00105749 1.1339e-06 0.000850685 0.00133975 0.00373258 0.000525063 0.000325407 -0.000397687 -0.00147304 0.00102748 0.00166294 -0.000222505 -0.000243316 -0.00302155 -0.0129386 -0.00483558 -3.64053e-05 -0.00151485 -6.28966e-06 -2.98078e-05 0.000116328 0.000122027 0.000113319 -0.00162242 -0.00452964 -0.00620853
internal_weight=1.91976e+06 1.89035e+06 29409 8457 2844 1.87631e+06 20952 12035 1179 26214 22301 10986 6727 11315 3913 4474 1237 499 97 121 2018 5613 1.85009e+06 1.55235e+06 297742 297451 296718 2911 1470 1016
internal_count=1919762 1890353 29409 8457 2844 1876307 20952 12035 1179 26214 22301 10986 6727 11315 3913 4474 1237 499 97 121 2018 5613 1850093 1552351 297742 297451 296718 2911 1470 1016
is_linear=1
leaf_const=-0.0010185332266606894 0 -0.045791864534375296 0.12224009878500511 -0.006240671025867073 0.018094996374381368 0 -0.015783695091688445 -0.00093708196766542076 0 -0.067803274799985047 0 0 0 0 0.012516180351832419 0 -2.4178176916815577 -0.24202355728260727 -0.70368919991979062 0 0.11364724305429377 0.016378491848649902 -0.23569260629938071 0.00022500019924524275 0 -0.037812877685908575 0 0 0 0
num_features=5 4 1 1 2 2 4 2 3 5 3 3 4 4 3 2 4 5 4 5 5 2 1 2 2 3 4 4 3 4 4
leaf_features=0 1 4 6 9  1 3 4 9  1  1  1 9  1 9  1 5 8 9  1 3  1 3 9  1 3 4 6 9  1 3 5  1 5 8  1 4 5 8  1 4 5 8  1 5 8  1 5  1 5 8 9  1 2 3 5 6  1 2 3 5  1 2 3 5 6  1 3 4 6 9  1 9  1  1 9  1 9  1 4 9  0 1 4 9  4 6 7 9  4 6 9  4 6 7 9  4 6 7 9  
leaf_coeff=3.6626279434447476e-05 5.2045425282437651e-06 -2.0264682734765825e-05 1.8902469827720636e-05 0.00017926741602904974  -0.0053330829819753234 0.0019054224598419982 -0.00055101729009170435 0.0059001118491895715  0.0063184499293736712  -0.015944928732825759  0.0017185163616189492 -0.00067752337499813473  0.0032633931782238058 -0.0067667222510310772  0.018926916394551286 -0.00034385622804082203 -0.065039308748656849 0.0010698449145109645  0.0030735267271709945 -0.0012014470137333144  0.00013509343630584427 0.00045290352986263537 -0.00018531182014630554  -0.042021635200866575 -0.0032671670731480168 -0.004361508210150483 0.0413374186077613 0.018254572249414024  0.0085494321727196624 0.00059595274995837802 0.00078770490221464768  -0.0048898255668973437 -0.00017889280244156003 0.0087426244670268712  -0.004342591055439016 0.00047978130950651518 -0.0001563677592513909 0.0070821395057912191  0.35860185023318536 -0.02805912660482477 0.10783964522983069 -0.87805840772821286  -0.0125137124290454 2.1843551823600046e-05 0.043940547435619239  -0.0052858508640895255 0.0022665197497744316  0.00082534644775248626 0.00021980543877286705 -0.0051815406912542276 0.00049173267846720499  0.24468649668888248 0.12229015777274982 -0.13415789609717876 0.020319763108349778 0.10724135739849316  0.041199458501174041 0.0012676807867942231 0.0023493774717553875 -0.0049140197819436127  0.069021425665948752 0.014448659147821275 0.036693535268885573 -0.0088564927521501691 0.0098031389476915375  -0.011603943385289028 -0.0060380479991535398 -0.00030012401327033093 -0.0035824461067619495 0.02424381816195478  0.0070835145347658115 -0.023521628264941797  -0.0024233119311418251  7.6954108165194773e-05 0.035206321608754365  -1.20663290398883e-05 -3.3420520391430619e-05  0.0010383316172904334 0.002192627916895873 -0.0035364927403783498  0.011989169169454828 -0.00013261693638024762 -0.00089873986334250845 0.0034301543104196422  -0.0031009243932267339 0.009159588589486135 0.00029206592877111247 -0.010324077830546941  1.0445291809846326e-05 0.0008722433520581774 -0.00079861462652353055  -0.0094325607576204902 -0.039459616364609928 -0.029843970415525691 0.080680331905182368  -0.0035756049865021569 0.0051475053671737221 0.00191483160883692 -0.0083734637682084667  
shrinkage=0.1


Tree=76
num_leaves=31
num_cat=0
split_feature=4 4 4 9 8 6 5 7 4 6 7 5 7 4 9 6 5 7 8 7 7 7 7 7 6 4 0 1 9 8
split_gain=0.526176 1.3837 1.0909 1.12405 1.14936 1.26968 6.2027 2.51031 1.41313 4.41062 3.97811 5.0557 1.1543 0.938019 1.78688 0.884842 3.26997 4.10388 4.04985 3.89403 2.05641 2.56692 2.45574 2.05812 1.3505 0.864605 0.852523 0.787387 0.708248 1.01209
threshold=2.8617925509761908 2.602003343538398 2.3502401828962087 7.2795765870410243 3.0000000000000004 6.8865476024392214 9.4179641108071355 5.8268903686114113 2.524928003624769 7.1508321594623085 5.4284635715889005 9.5391763832008447 5.4959890894727748 2.0126758453675748 7.426586118395897 6.8070436626251576 9.5391763832008447 5.7413866837872307 3.0000000000000004 5.6552680625242528 5.4284635715889005 5.3780456837657029 5.2507916655164264 5.6067617497227511 6.8596425165218067 3.0201273556387074 1.0000000180025095e-35 2.602003343538398 7.2795765870410243 3.0000000000000004
decision_type=2 2 2 2 2 2 2 2 2 2 2 2 2 2 2 2 2 2 2 2 2 2 2 2 2 2 2 2 2 2
left_child=1 2 13 4 5 27 -7 8 9 10 -8 12 -12 -1 -15 28 17 18 19 20 21 22 -17 -22 -21 26 -2 -4 -3 -30
right_child=25 15 3 -5 -6 6 7 -9 -10 -11 11 -13 -14 14 -16 16 -18 -19 -20 24 23 -23 -24 -25 -26 -27 -28 -29 29 -31
leaf_value=2.2336954871799348e-05 0.00037979367846185485 -0.00053016163467645312 0.0010230077815796042 4.4327565243160318e-06 4.0044267558604529e-05 0.044043326072203813 -0.0029040978485068611 0.028868771206055372 -0.0026406201124191285 -0.0077518150059863776 0.032367181998712045 0.076812614713396343 0.001881264020567355 -0.00058590399471373708 0.00018921238031840518 0.026511118869133168 5.0071951354101165e-05 -0.0012896776628151215 0.000393755183076274 0.059168516327777226 -0.014918470087771616 0.044427937777662602 -0.011798879800847283 0.024473871450339045 0.029405875802040099 1.6455015685840834e-05 -0.00085285014315665802 -0.00098129307901087624 7.1830859247830143e-06 -0.00082089034762479951
leaf_weight=416608 103649 90208 30851 65939 21149 39 43 35 350 99 27 21 23 77688 48190 44 4347 278 123 31 36 37 27 21 30 952494 5932 2093 81317 18033
leaf_count=416608 103649 90208 30851 65939 21149 39 43 35 350 99 27 21 23 77688 48190 44 4347 278 123 31 36 37 27 21 30 952494 5932 2093 81317 18033
internal_value=0 -5.82463e-05 1.05468e-05 0.000282492 0.000617498 0.000981174 0.00540317 0.00288316 0.00126772 0.00768987 0.0210998 0.0356373 0.0183437 -4.99438e-05 -0.000289165 -0.00029276 0.00102384 0.00777503 0.0149956 0.0229427 0.0149615 0.0230718 0.0119425 -0.000405502 0.0445312 4.70583e-05 0.000313066 0.00089567 -0.000327308 -0.00014312
internal_weight=1.91976e+06 857687 663155 120669 54730 33581 637 598 563 213 114 71 50 542486 125878 194532 4974 627 349 226 165 108 71 57 61 1.06208e+06 109581 32944 189558 99350
internal_count=1919762 857687 663155 120669 54730 33581 637 598 563 213 114 71 50 542486 125878 194532 4974 627 349 226 165 108 71 57 61 1062075 109581 32944 189558 99350
is_linear=1
leaf_const=9.6933863138682871e-05 0.0051282033324294932 0.0044800319043680759 0 -0.022737996927935135 0 0 0 0 0 0 0 0 0 -0.0012000057680298327 -0.016533698780084906 0 -0.040490239725364946 1.1556939784796214 0 0 0 0 0 0 0 -4.0172480242886468e-05 0.0021615823776443221 0 0 0
num_features=1 1 3 5 2 3 5 4 6 5 5 4 4 6 2 2 5 3 4 5 4 5 4 5 5 5 1 2 5 4 4
leaf_features=4  4  4 6 9  1 4 6 8 9  4 9  4 8 9  4 5 6 8 9  4 5 7 9  4 5 6 7 8 9  4 5 6 7 9  5 6 7 8 9  4 5 7 9  4 5 7 9  4 5 6 7 8 9  4 9  4 9  4 5 6 7 8  4 5 6  4 5 6 7  4 5 6 7 8  5 6 7 8  4 5 6 7 8  5 6 7 8  4 5 6 7 8  4 5 6 7 8  4 5 6 7 8  4  0 4  1 4 6 8 9  4 6 8 9  4 6 8 9  
leaf_coeff=-7.8997005342223249e-05  -0.0016152230661012014  -0.001092204398392216 0.00019993569427926295 -0.00047294409752227096  -0.00031841513974034745 0.0058095751465627819 0.00058050568299171932 -0.010495789339452877 0.00060910137079840947  -5.3630887333671126e-05 0.0030811754568823737  -0.00295226082799063 0.00068508242567539917 0.00067204944336679182  -0.21043240924388909 0.33421633094617892 -0.23219565738917397 -0.37144498927352743 -0.030812241734179225  2.7291202003593398 -0.97302385715161821 0.29151170034552082 0.14441500375413341  19202.348037709857 -17595.11012580786 17609.895062084495 -0.094697947199392729 -2824.2169078761481 -0.010044567224076673  -833.78035197734789 862.97967026897174 -863.69072979861312 -0.015082439028148254 -0.006427773230198764  0.29166814556843795 -0.85105689397778583 -0.034274919096387628 1.8067607705606918 -0.019682055475984585  1.2531098763936825 -0.31548309230104227 -0.057470319042994336 0.039315480852339137  21.19336450125229 -5.4998131598595821 -0.23082516546145657 0.19883684378760053  39647.405852756143 -36197.93323410923 36225.755439893001 0.3758961288085767 -5973.7880774271034 -0.087908948839943823  0.0011376330711647231 -0.00027625424881426165  0.00098747315288538751 0.0019496271191425053  1156.7177050232888 -1078.3932348966598 1078.2624788284302 -1.4121230425662361 -139.78169542551041  0.03915562136854156 -0.027165102089603366 0.02792231220003636  -0.10072524676069179 0.0046817610108224276 -0.13480302534038913 -0.00060166911289369915  -4.1083617125404999 3.8262348526041023 -3.8454678946989591 -0.0083462116232823295 0.30284773791208863  -3.7255490561030458 -0.1942678741841519 0.21908498113880343 17.804745224397632  0.3307980246098538 -0.42555005405179147 0.42855787055276551 -0.095552271502117495 0.3576310837259371  0.76744440302172734 0.63323048014945016 0.30283237686444409 -6.647644636276528  2087.9698899269106 -1953.6809599876406 1950.1253239989283 -0.12633565039577663 -237.72594449371101  -35594.90209655762 33141.469281005862 -33173.408590698244 3.3738123971968892 4581.5270202636721  1.5132876112576925 -0.70359595286026888 -0.75369578976296914 7.8576882878289327 -18.37139560097712  1.282723123647542e-05  6.911470330034086e-05 -0.0010422408791317395  0.00043664242272989888 -0.001595532368056165 0.00047082675216979545 0.00013237614005505717 -0.00033498017279565698  0.00017472956394527523 0.00082857378588344739 0.0053579845454041434 -0.0021613661434651725  -0.0021222005039992888 -0.00045965948555561358 -0.0077876957520054196 0.0051993276659196399  
shrinkage=0.1


Tree=77
num_leaves=31
num_cat=0
split_feature=4 4 9 7 6 4 6 4 0 5 5 9 7 6 9 5 1 0 9 1 1 9 1 9 5 9 1 4 9 1
split_gain=0.523517 1.36469 0.628504 0.538047 0.712977 0.696187 0.650577 1.068 0.872981 0.814987 0.793605 0.731489 1.93299 1.66797 2.53947 1.9526 1.06262 0.996224 1.03326 0.825307 1.62448 0.797375 0.779445 0.646609 1.04217 0.773773 0.640546 0.6396 0.657251 0.623042
threshold=6.8992188208074312 6.7099137248553644 6.8867037674719667 5.5893117327746156 5.6807469605255081 5.1209788959100075 6.0420008373518028 4.8242976514536702 1.0000000180025095e-35 11.446945905522776 9.3994306351091268 6.3603544996165118 5.6622348728546248 5.7825629583968174 6.3204042442512467 11.191348736205446 5.7021130240234443 1.0000000180025095e-35 6.9534033917656322 5.0072908000208587 5.5432204948189954 6.679421601977551 6.7782157456601473 7.287303286647794 6.8643255847119082 7.4354747393440155 7.4544305137553399 6.4899642329139136 6.3204042442512467 3.9019216517693867
decision_type=2 2 2 2 2 2 2 2 2 2 2 2 2 2 2 2 2 2 2 2 2 2 2 2 2 2 2 2 2 2
left_child=1 3 -3 23 5 -5 7 -6 10 29 -8 12 13 14 15 -9 27 18 21 -19 -21 -13 -22 24 -1 -25 -24 28 -14 -10
right_child=-2 2 -4 4 6 -7 8 11 9 -11 -12 17 16 -15 -16 -17 -18 19 -20 20 22 -23 26 25 -26 -27 -28 -29 -30 -31
leaf_value=0.00026827550543217474 -0.0023900748340323504 -0.0041685224448044138 0.0023335534616525807 -0.00035925507604672204 6.5789824914698673e-05 -0.0039633142567434155 0.00016514257857538125 0.0076944328265177997 -0.001258615310163791 -0.0058816079626378328 -0.00015518532117251045 0.0001389388869788805 0.0038420845130337031 0.00061079412550130423 0.0025003110981423019 -0.015482763102714051 0.0055761633773496839 -0.00078367106398085577 0.00076089041379587632 0.0025724966083695826 -0.00042926170979613556 -0.0018794698858908766 0.0010322358806209256 -0.00024689149663464644 -5.2536778467149033e-05 1.3249080462573915e-05 -0.0032992489886620362 -0.005870101082266546 0.00055408588583538644 -0.00017535166697422896
leaf_weight=130973 916 156 3161 29182 391409 546 158710 43 8192 291 150857 11564 1227 3760 219 235 1129 11373 55496 2674 15687 2356 6968 272600 446335 196948 359 102 1205 15089
leaf_count=130973 916 156 3161 29182 391409 546 158710 43 8192 291 150857 11564 1227 3760 219 235 1129 11373 55496 2674 15687 2356 6968 272600 446335 196948 359 102 1205 15089
internal_value=0 1.15455e-06 0.00202776 -2.35479e-06 5.58262e-05 -0.000425449 7.28802e-05 0.000144347 -3.56278e-05 -0.000622264 9.04162e-06 0.000413129 0.0013403 -0.000108864 -0.00555336 -0.0118978 0.00302447 0.000344164 0.000567665 -7.44576e-05 0.000239537 -0.000202683 -3.15303e-05 -5.06329e-05 2.02454e-05 -0.000137778 0.000820007 0.00188759 0.00221296 -0.000556525
internal_weight=1.91976e+06 1.91885e+06 3317 1.91553e+06 868673 29728 838945 505806 333139 23572 309567 114397 7920 4257 497 278 3663 106477 69416 37061 25688 13920 23014 1.04686e+06 577308 469548 7327 2534 2432 23281
internal_count=1919762 1918846 3317 1915529 868673 29728 838945 505806 333139 23572 309567 114397 7920 4257 497 278 3663 106477 69416 37061 25688 13920 23014 1046856 577308 469548 7327 2534 2432 23281
is_linear=1
leaf_const=-0.00078552008249451746 0.58725412650856013 -0.039160041193235885 0.093766437271415273 -0.0083043464910041113 -0.0052172193584643983 -0.084802503667367551 0.0012795711491747853 0 0.0075360342737312187 0.099414627654789464 -0.0010073312103063615 -0.27485305561972384 0 0.16319428952693898 0 0 -0.052255118686639436 0.02233204607087487 -0.0027535107312459672 -0.014530443856654075 0.013258362882189801 -0.08508800324693766 0.053893491192775402 -0.0067353771392731692 3.3744084370512796e-06 0.0062021945910316848 -0.036005520707180952 0 0 0.0149758040062693
num_features=4 1 2 2 3 3 3 4 5 6 5 4 4 5 4 4 5 5 6 4 6 6 4 6 3 4 3 6 5 5 6
leaf_features=4 5 7 9  4  4 9  4 9  4 6 7  4 6 7  4 6 7  4 5 6 7  4 5 6 7 9  0 1 4 5 6 7  0 4 5 6 7  4 5 6 7  4 6 7 9  1 4 6 7 9  4 6 7 9  4 6 7 9  4 5 6 7 9  1 4 6 7 9  0 1 4 6 7 9  4 6 7 9  0 1 4 6 7 9  0 1 4 6 7 9  4 6 7 9  0 1 4 6 7 9  4 7 9  4 5 7 9  4 7 9  0 1 4 6 7 9  1 4 6 7 9  1 4 6 7 9  0 1 4 5 6 7  
leaf_coeff=-0.00070376600493967658 0.00012975486097837035 0.0001045350845444229 0.00014642854021091473  -0.08510186920248089  0.0016961108906485833 0.0037799707271692685  -0.0076586120961451348 -0.0054164775601499571  0.00043313102377673667 0.00078047519905659617 0.00043214483860971599  1.2602854653089372e-05 0.00086492349878846688 2.4617438156784856e-05  0.0026254556630032513 -0.0012418222550053316 0.013003935350302243  -0.00010725426525022287 0.00013533635998062566 -0.00048556565108005546 0.00017889138189078335  0.14116825656210494 -0.13671536491031019 0.24091496221021771 0.0079842596896128274 -0.11245301342805761  0.00018953881603867018 0.00031487906934714316 0.0012082810684912459 -0.0014220530065679694 -0.0022124551343695844 0.002260612826692876  0.0019599614823090361 -0.005075736375408724 0.0025619432420398883 -0.030376314864662392 0.013632812716002718  -0.0074115106012854377 0.0073898082580279856 -0.0068738652380584192 -0.00037908843139737862  0.0013248122195116071 -0.0042362001745960718 0.0091035256630279116 0.03622098283186901  0.0002906059911560788 -0.0004362480031417704 0.0035751728270273734 0.0087405341710606876 -0.011068023747785106  -0.00040923886417374989 -0.00076489384595639369 -0.027802185968786832 9.556740970519951e-05  0.00031059285651879875 -0.019218667971392735 0.016781418651402192 0.0026853411056322329  2.2851733521500139 -2.2645581981843863 2.3759938515813701 -0.17442097756320438 0.032975012783435891  -0.0029596481018369369 0.0061421363359063013 -0.0066430039807654495 0.019625198620121867 -0.0048689535889063331  0.00055296303525519271 0.00011961663456412507 -0.00070684614568113926 -0.0047625046738116522 0.0013862499636547732 -1.8107268780709341e-06  0.00043846976663366457 -0.0060872936839946774 0.0059249351317166802 0.00045875209386372353  7.7003086357463343e-05 0.0021382949867958523 0.00018605039331629492 -0.0029394267822400624 0.0016679956765230488 0.0017208706792640083  -0.00024896377686213083 -0.00044815783597675632 -0.00049427459550147328 -0.0052340739325195344 0.0041236007342996929 -7.8911752249033468e-05  -0.0043879959092417934 0.0031220534115934842 -0.0057595159167128434 0.017564502637527114  -0.0014266876212306629 -6.9614215570101837e-05 0.0012276121896905969 -0.0077217425570283993 0.0010990030733733392 -0.0024607735765130203  -0.00015764711294137534 0.00012290120453056522 0.0008594698297137882  -8.6331779960282731e-05 0.00010770120498693262 -4.6863135746976534e-05 -7.7705016731276916e-05  -1.6035690306193119e-05 -1.6885342626056164e-05 -0.00080935477751711284  -0.0065856220088294174 -0.0052378760844451477 -0.0033066257223551832 0.01009349472722434 -0.0012608960598811338 0.0070683171865275618  0.00016082545439459752 0.0073088991859549431 0.014819685127440608 0.002253950811791583 -0.026465626413119028  -9.769281626319446e-05 -0.00069475312476826592 -0.0026949239471577347 -0.0033767642045770432 0.0062830974756074914  -0.0002889650539603623 5.3759766812659652e-05 -0.0089616307276048652 0.0086118832808916006 -0.010942106580465218 0.00012802541548128101  
shrinkage=0.1


Tree=78
num_leaves=31
num_cat=0
split_feature=8 9 9 1 5 4 6 5 6 5 4 4 4 6 5 5 7 4 9 7 7 7 1 7 6 6 6 5 9 5
split_gain=0.503241 0.642628 1.76034 1.13973 1.02719 1.7516 1.85785 6.10475 2.256 1.59922 1.51371 2.16864 2.16202 1.33725 4.86668 7.77843 2.26672 1.18472 1.17214 1.16879 1.57904 1.6068 1.14802 1.05173 0.924452 0.922199 4.63778 2.52325 0.844107 1.15678
threshold=3.0000000000000004 7.413103268793976 7.287303286647794 5.9121498248393989 6.9221510378135092 2.3502401828962087 6.937418885832872 9.5391763832008447 6.9681151594426796 9.4179641108071355 2.602003343538398 2.8617925509761908 3.2384861814448418 6.3997657440457418 9.5193312890754243 9.497547328764556 5.7599013727787076 3.7256208424938388 6.9534033917656322 5.2911788849792663 5.4959890894727748 5.6821401191266458 3.4811217321331038 5.4617018978108733 6.5610895968884506 6.8865476024392214 6.8596425165218067 9.5580704288095557 6.679421601977551 9.497547328764556
decision_type=2 2 2 2 2 2 2 2 2 2 2 2 2 2 2 2 2 2 2 2 2 2 2 2 2 2 2 2 2 2
left_child=1 2 4 24 -1 18 10 8 -8 -10 -7 25 13 -13 15 -15 -17 22 -6 -11 -21 -22 28 -16 -3 26 -12 -28 29 -14
right_child=-2 3 -4 -5 5 6 7 -9 9 19 11 12 17 14 23 16 -18 -19 -20 20 21 -23 -24 -25 -26 -27 27 -29 -30 -31
leaf_value=0.00044269481383946434 -4.4474964155306633e-05 0.00018343899011882546 -0.00030184703581556124 0.0011316977141901203 -2.6140988890922705e-05 0.00073323597056304144 0.037739001606083053 -0.00015211193868429354 0.036006381831787247 -0.0081224103768666577 -0.00043589660523405262 0.00055834281809453783 0.00030553878540220405 0.0037667090283787772 0.014774713723454624 0.062867688093530508 0.024096639305353166 0.00042035249814963957 -0.00081149606351598358 0.022174621420971891 -0.016778686808215249 0.012596650272607805 0.00068766020629944062 -0.0010006476230829812 -0.00079766245888982261 -0.0057425061617892223 0.044098532034291163 0.0027439367771148683 -0.00090417161049027677 -0.0015097978865509635
leaf_weight=73331 1093887 234079 144440 12249 40736 36370 44 808 27 30 67637 82276 16763 115 46 38 25 27864 35623 94 27 60 8732 520 10015 326 36 25 29099 4440
leaf_count=73331 1093887 234079 144440 12249 40736 36370 44 808 27 30 67637 82276 16763 115 46 38 25 27864 35623 94 27 60 8732 520 10015 326 36 25 29099 4440
internal_value=0 5.89364e-05 -2.43563e-07 0.00019042 0.000102237 3.12622e-05 0.000148763 0.00426908 0.0169369 0.0130911 0.000132391 4.05499e-05 0.000231566 0.000596508 0.00481702 0.0192391 0.0474824 -0.00011709 -0.000392525 0.0101588 0.0131889 0.00348017 -0.000370763 0.000281449 0.000143185 -0.000436591 -0.00041104 0.0271499 -0.000554496 -7.46006e-05
internal_weight=1.91976e+06 825875 569532 256343 425092 351761 275402 1090 282 238 274312 237942 169918 83020 744 178 63 86898 76359 211 181 87 59034 566 244094 68024 67698 61 50302 21203
internal_count=1919762 825875 569532 256343 425092 351761 275402 1090 282 238 274312 237942 169918 83020 744 178 63 86898 76359 211 181 87 59034 566 244094 68024 67698 61 50302 21203
is_linear=1
leaf_const=0 0 0 0 0 0 0 0 0 0 0 0 0 0 0 0 0 0 0 0 0 0 0 0 0 0 0 0 0 0 0
num_features=3 1 4 2 3 4 5 5 5 5 6 5 5 6 5 6 6 6 5 4 6 6 6 6 6 4 5 4 3 6 6
leaf_features=5 8 9  8  1 6 8 9  8 9  1 8 9  4 5 8 9  4 5 6 8 9  4 5 6 8 9  4 5 6 8 9  4 5 6 8 9  4 5 6 7 8 9  4 5 6 8 9  4 5 6 8 9  1 4 5 6 8 9  4 5 6 8 9  4 5 6 7 8 9  4 5 6 7 8 9  4 5 6 7 8 9  4 5 6 8 9  4 5 8 9  4 5 6 7 8 9  4 5 6 7 8 9  4 5 6 7 8 9  1 4 5 6 8 9  4 5 6 7 8 9  1 6 8 9  4 5 6 8 9  5 6 8 9  4 5 9  1 4 5 6 8 9  1 4 5 6 8 9  
leaf_coeff=3.528496795807329e-05 -0.0013026663578413534 0.00043151675709717511  -1.1118741373301495e-05  -0.00013917973639588789 -6.0375199067051401e-05 0.0022664002202738231 -0.0005312000459182898  0.0037572350403351608 -0.0010631907803777096  0.00074867265025052034 -0.059717856428966348 0.015524727602139167  -0.00052208030484465155 0.00023073372486865796 -0.0020539436915137351 0.00050263969881479795  0.0050598885970581505 -0.00037888405422105322 0.0010340629614109739 -0.0083754039366015897 0.00028261999048727061  121.98516811439231 -112.43597681501087 113.42264938926893 -20.236992607880779 0.0030023545963345556  14.942367372598065 -14.022483218643211 13.820430137879658 -1.0428277420602805 0.0031775445608935859  0.015206027547951285 0.68255957272745682 -0.25976944186177492 -2.2062704642412769 -0.022204728263690045  -332.26801971877433 306.52107402486001 -307.01665258114917 0.06710337924689469 46.788153064947529 0.068169875067668792  -2.2904658730538849e-05 -0.0010785955033024209 0.0010911135675100278 0.0017635971826110875 -0.00016061895868692833  -0.0042509082861966674 0.003931929866264206 -0.0037857644779700165 -0.0010447592231304093 0.00043585479947775012  1.2948365469293258e-05 -0.010985127812009743 0.013317513720877994 -0.012685434282399821 -0.0052460211584667744 -5.32023954566252e-05  -0.045123071981723654 -0.068390665150528926 -0.046852794169584301 0.58347326917010356 -0.01264493217612519  30.712477890195807 -29.932934117688092 29.396602847663509 0.0065177829626159259 -0.14800001173771024 -0.016169213168566187  -30.440882680712093 24.768769100104691 -28.926269104532551 -0.099807085344187391 23.665563719000421 -0.17570467204289458  92.01174758884008 -91.597273274415059 87.939547052500714 -0.054463938820686057 8.8148595015301918 0.11093895037509327  -0.022655632583811283 0.022095877241520501 -0.024510400526310705 0.01046180148610118 -0.00053850869918091742  -0.00021372058097141774 -0.00017190039658606973 -0.0075152174153819478 0.0022428865180402547  2.7022149507768973 -2.1158433502293064 2.363291573013885 -0.012923263170146982 -1.5882217796340001 -0.023132647775130268  -6.1429958869667649 5.6556350409701741 -5.5165487207214943 0.19310208515737629 -0.13298950358364436 -0.017990818925796504  -0.33119777363870373 0.14768521180669955 -0.44098918771674356 -0.18543893937265762 1.764852498658938 0.017306328098712066  -1.4183870322861752e-05 -0.0091412663266608792 0.010681135865626513 -0.011928332911822936 0.0048621715843583163 -0.00098540003506153158  -0.030476148229799185 0.0050387766251752458 -0.016706822667992127 0.0041300201533709061 0.10144651005991719 -0.012080018738681187  0.00013367591080194475 -0.00029599292328026384 0.016543650638931241 -0.0042634943515942325  51.86753119265358 -48.506300794922609 48.504458544413581 -6.2501469302482908 0.0020986767812318343  0.91673637148282983 2.4959181220803432 -12.840801797236601 -0.024685046922378717  1.2796005700211701 -0.3889203480643037 0.029469958000853638  0.00017792013746143772 -0.0046491277103243387 0.004279176238877103 -0.0035484942048886418 -0.018052828573513757 0.004549608119818682  -0.0001590495594912131 -0.044087272094158393 0.044923570242416423 -0.049654519322672647 0.006760239756829556 0.0019297326927401048  
shrinkage=0.1


Tree=79
num_leaves=31
num_cat=0
split_feature=4 4 4 4 1 9 9 9 5 4 1 1 1 4 7 4 6 0 9 6 4 4 1 7 6 4 8 1 1 4
split_gain=0.478207 1.42912 6.09017 4.48043 2.23379 1.83772 1.63443 0.910548 1.07099 1.26045 0.673698 1.15472 0.812905 0.671441 1.65386 1.37801 1.23231 1.44566 1.01403 0.786807 0.619241 0.671764 0.593729 0.582726 0.581175 0.572672 0.531444 0.797165 4.52219 2.83374
threshold=6.3587080675902401 6.1081352352533109 6.0879098011795767 6.2156070997535293 5.8791343840901709 6.4132755050809012 6.679421601977551 6.3204042442512467 12.020658310736186 6.2412495553129679 5.8791343840901709 5.4138732270297307 6.2643497376646673 5.772996334337213 5.6323549061118863 5.7446031891748186 5.9869652111765763 1.0000000180025095e-35 6.603745375804027 6.2817269928728168 6.8992188208074312 6.7099137248553644 2.0126758453675748 5.7656832554856727 6.1753417994887636 6.614054909291661 3.0000000000000004 5.8791343840901709 6.0924398260614181 4.7999057951650004
decision_type=2 2 2 2 2 2 2 2 2 2 2 2 2 2 2 2 2 2 2 2 2 2 2 2 2 2 2 2 2 2
left_child=1 2 13 4 -3 -4 -7 -5 9 -9 11 20 -12 15 19 26 17 -16 -19 -15 21 25 -8 -10 -25 -2 -1 -28 29 -29
right_child=10 3 5 7 -6 6 22 8 23 -11 12 -13 -14 14 16 -17 -18 18 -20 -21 -22 -23 -24 24 -26 -27 27 28 -30 -31
leaf_value=5.3042731080947874e-05 0.00051664790700624665 -0.0033844207846187775 4.1381084578167707e-05 0.0016404042800006306 0.0013088489829511454 0.0065669939032671964 0.0027761732905397032 -0.0010669380090234275 -0.00035566137253252095 0.010196221922084971 0.0082458582031011418 -0.0086556264920763567 0.0015418737956765551 -0.0015058763963289327 0.0023508626086913564 0.00098260162655623771 -0.00055929306922931508 0.0047091202909193552 -0.00024290677988419139 -1.7102990346697258e-05 -0.0021466188555721633 0.001821932700056327 -0.001792242515901173 0.01753095306722181 0.0020811400469392541 -0.0010838901838284246 -2.8754638555076863e-05 -0.0032069370370957336 -6.8737179812261193e-05 0.00068127732315950609
leaf_weight=825875 13304 6929 2431 3047 1188 1211 6272 187 19933 212 220 142 1017 13542 4244 14212 12203 439 7121 4811 916 3264 298 35 80 2687 892927 8010 70558 2447
leaf_count=825875 13304 6929 2431 3047 1188 1211 6272 187 19933 212 220 142 1017 13542 4244 14212 12203 439 7121 4811 916 3264 298 35 80 2687 892927 8010 70558 2447
internal_value=0 -5.30683e-06 5.98477e-06 -0.000672066 -0.00269752 0.00244137 0.0031912 2.77122e-05 -0.00021261 0.0049175 0.000468428 0.000330451 0.00273417 -7.4123e-06 -0.000400975 1.7779e-06 0.000145356 0.000873825 4.46514e-05 -0.00111561 0.000393712 0.00051456 0.00256896 -0.000314711 0.00678326 0.000247706 -5.96703e-06 -5.60056e-05 -0.000356359 -0.00229707
internal_weight=1.91976e+06 1.89821e+06 1.8666e+06 31611 8117 10212 7781 23494 20447 399 21550 20313 1237 1.85639e+06 42360 1.81403e+06 24007 11804 7560 18353 20171 19255 6570 20048 115 15991 1.79982e+06 973942 81015 10457
internal_count=1919762 1898212 1866601 31611 8117 10212 7781 23494 20447 399 21550 20313 1237 1856389 42360 1814029 24007 11804 7560 18353 20171 19255 6570 20048 115 15991 1799817 973942 81015 10457
is_linear=1
leaf_const=0 -0.021026145981844026 0.045266285558341224 0.28028947568027435 0 -0.047602920559995709 -0.35413488749036337 -0.036352391089894812 0.77962688344632625 -0.071473625164148305 0.58403907032206914 -0.043941443479172906 0.099873244525531396 -0.014736600797596111 -0.029924459019719053 0.013920456163475592 0.0040882022864934696 0.0073629188681621832 -0.48761957690712737 -0.048604670326864156 -0.083689315447892737 0.52853315866686901 0.022178888605969862 -0.24619924266444287 2.0422733077313753 -0.062808398504330398 -0.10405834343141579 0 0 0 0
num_features=2 2 2 2 2 2 2 3 3 4 3 2 2 2 3 3 1 3 5 5 3 1 2 3 5 5 2 3 3 3 3
leaf_features=4 8  1 4  1 4  4 9  4 9  1 4  4 9  1 4 9  4 5 9  4 5 7 9  4 5 9  1 4  1 4  1 4  4 6 7  4 6 7  4  4 6 7  0 4 6 7 9  0 4 6 7 9  4 6 7  4  1 4  1 4 9  4 5 6 7 9  4 5 6 7 9  1 4  1 4 8  1 4 8  1 4 8  1 4 8  
leaf_coeff=7.3600435090403001e-06 1.7762331666632774e-05  -0.00030534867423925117 0.0033388737245246603  0.00020011146259948378 -0.0078973953420330648  -0.049941396758289618 0.0040216940123586151  -0.0051300405172440833 0.0057666824803455086  -0.0034020739911829415 0.011643614973779394  0.02607293214859965 0.030288994397506031  -0.0010784658554289451 0.0036180949939989661 0.0023311266086203375  -0.13679699553563296 0.0071794799268182887 -0.0019037816729099433  0.001727638771282436 0.0017382941549718867 0.0067766888486381132 7.1139512970580521e-05  -0.072290463245224146 -0.016389981321538016 0.010456182619282118  -0.013516905737731122 0.020712136920991497  -0.014965765078563465 -0.0036047421866257424  -0.0026211263612503592 0.0052726469585172358  0.00022605376516580123 0.0010346048974201551 0.0037471100382930446  -0.0027744340829148231 -0.00047224211741792033 0.0013411980038000593  -0.00053868807317485339  0.0028263393868156687 0.0010265669689507374 -0.005455035723074886  0.0019881211862108118 0.025703258732403356 0.0017123453611162633 0.071115817607466172 -0.012436108120126611  -0.00017047178744876071 0.0048063420939103985 -0.0045260617631471154 0.0092576407305100979 -0.00083291518593133255  0.0025279536712133179 0.0078745757111867102 0.0033137399095265921  -0.076591681896934466  -0.0010011278577143345 -0.0029981920077489124  0.0014156147740988058 0.040628357973719179 -0.001591350931255775  -1.8287341942392232 1.983817362113041 -1.8852176856584266 -0.78141281024436471 0.13023185446063509  0.11164349780546844 -0.098203614600234357 0.10648798692241286 -0.0053534655570274484 -0.005835011997674844  -5.4807999417982867e-05 0.015487306278092207  6.3093684598862016e-05 2.0324990546767067e-06 -1.4362249927139223e-05  -0.0018304015790761242 -0.00026669814303932008 0.0020671914377828672  0.00025686430925085971 2.0790579497267991e-05 -0.00046584188052200274  -0.018977485271121176 -0.0010161893784244702 0.029906342393171317  
shrinkage=0.1


Tree=80
num_leaves=31
num_cat=0
split_feature=4 4 4 0 9 8 6 5 7 4 6 7 5 7 6 5 7 7 7 6 7 7 7 8 4 9 4 0 6 4
split_gain=0.411711 0.976565 0.73923 0.952932 0.914946 0.804738 0.768913 4.28056 2.04896 1.04351 3.39578 3.12275 4.21848 0.837675 0.683787 2.3008 3.00977 3.08922 2.10648 1.94297 1.6993 1.71058 0.8836 0.667828 0.66293 1.27969 0.585641 0.673621 0.558747 0.539261
threshold=2.8617925509761908 2.602003343538398 2.3502401828962087 1.0000000180025095e-35 7.2795765870410243 3.0000000000000004 6.8865476024392214 9.4179641108071355 5.8268903686114113 2.524928003624769 7.1508321594623085 5.4284635715889005 9.5391763832008447 5.4959890894727748 6.8070436626251576 9.5391763832008447 5.7413866837872307 5.6687848691605724 5.4284635715889005 6.8865476024392214 5.3780456837657029 5.2507916655164264 5.5296209666078013 3.0000000000000004 2.0126758453675748 7.426586118395897 3.0201273556387074 1.0000000180025095e-35 6.429002519691676 2.4414009612931857
decision_type=2 2 2 2 2 2 2 2 2 2 2 2 2 2 2 2 2 2 2 2 2 2 2 2 2 2 2 2 2 2
left_child=1 2 24 4 5 6 29 -8 9 10 11 -9 13 -13 -3 16 17 18 20 -19 21 -16 -20 -24 -1 -26 27 -2 -27 -4
right_child=26 14 3 -5 -6 -7 7 8 -10 -11 -12 12 -14 -15 15 -17 -18 19 22 -21 -22 -23 23 -25 25 28 -28 -29 -30 -31
leaf_value=1.7239288169736878e-05 0.00031986809347811507 -0.00027890775431837448 0.00019013978322633137 -0.001045272265118104 3.9113151324788356e-05 0.00011386182017746774 0.036462947649833481 -0.0031715683639049531 0.025746627343552455 -0.0025480415139879503 -0.007220011046438506 0.02712520405098244 0.068587618782406753 0.0011549084730770277 0.022189298833043061 9.2042740224448195e-05 -0.0011910105700329912 0.045598172364620181 -0.015332416086285203 0.011050905480428979 0.036461463691415015 -0.0097843734478508994 0.016181981610215088 0.00049060456028779636 -0.00049575192222952691 0.00026596360201857331 1.6438938906360053e-05 -0.00077583320617306416 -0.00093608996672731525 0.0011195149232818393
leaf_weight=416608 103649 189558 8753 5587 63768 20149 39 43 35 350 99 27 21 23 44 4347 278 41 27 27 37 27 36 110 77688 43950 952494 5932 4240 21775
leaf_count=416608 103649 189558 8753 5587 63768 20149 39 43 35 350 99 27 21 23 44 4347 278 41 27 27 37 27 36 110 77688 43950 952494 5932 4240 21775
internal_value=0 -5.15231e-05 6.26971e-06 0.000230131 0.000292049 0.000606373 0.000924795 0.00436342 0.00226997 0.000810498 0.00632922 0.0180957 0.0309758 0.0151789 -0.000248538 0.000908861 0.00657188 0.0127555 0.00812729 0.0318809 0.0190854 0.0100303 0.00128637 0.00435971 -4.35253e-05 -0.000244633 4.16258e-05 0.000260554 0.000160201 0.000853044
internal_weight=1.91976e+06 857687 663155 120669 115082 51314 31165 637 598 563 213 114 71 50 194532 4974 627 349 281 68 108 71 173 146 542486 125878 1.06208e+06 109581 48190 30528
internal_count=1919762 857687 663155 120669 115082 51314 31165 637 598 563 213 114 71 50 194532 4974 627 349 281 68 108 71 173 146 542486 125878 1062075 109581 48190 30528
is_linear=1
leaf_const=8.1877420465440408e-05 0.0045836843474747367 1.3110605313748637e-05 0 0.001194463620129227 -0.022337864059976731 0 0 0 0 0 0 0 0 0 -246.76186459958555 -0.032713461344779128 1.0596921002843147 103.39098931662738 1.1570127759696334 14.953113024006598 -11.473845180257923 -432.54457312524323 0 0 -0.001213926816520683 -0.020126932834287459 -2.1456738239357746e-05 0.0018743937405531598 -0.010173091284002567 0
num_features=1 1 2 3 2 2 3 5 4 6 5 5 4 4 6 4 3 4 4 4 4 3 4 5 5 2 3 1 2 3 4
leaf_features=4  4  4 6  4 6 9  0 4  4 9  4 8 9  4 5 6 8 9  4 5 7 9  4 5 6 7 8 9  4 5 6 7 9  5 6 7 8 9  4 5 7 9  4 5 7 9  4 5 6 7 8 9  4 5 6 7  4 5 6  4 5 6 7  4 5 6 7  4 5 6 7  4 5 6 7  5 6 7  4 5 6 7  4 5 6 7 8  4 5 6 7 8  4 9  4 6 9  4  0 4  4 6 9  4 6 8 9  
leaf_coeff=-6.8450724222235605e-05  -0.001450383375852038  -0.00056168310833342176 0.00021261378135131184  0.002754111806647308 7.0444129999912289e-05 -0.00099799757948653713  0.0014128099089068065 -0.0013310521099415774  -1.3233372900842144e-05 0.0030189563595312886  -0.0028184705433501041 0.00077206942236031362 0.00058332467718703602  -0.17015513416773745 0.27011924917385993 -0.20564881038072969 -0.22973306092982854 -0.027188103736541791  2.4851810430533194 -0.86643792830296185 0.24774787256003777 0.11697940700301644  17544.841675985048 -16076.329605230225 16089.848249815126 -0.079060204637314516 -2580.500029643928 -0.009861527430932427  -364.92274371069982 377.69905849188802 -378.00207431739727 -0.012801192024153996 -0.0055278981714507406  0.25346688148773017 -0.74212319889100697 -0.030479178191771972 1.5836898041324703 -0.018012866740372679  1.2127414542983388 -0.30851929082281232 -0.05042587061853681 0.037704773770214223  18.992305294232029 -4.9284726578955889 -0.2076223910095365 0.17862226234562401  36426.517259533306 -33257.268521080761 33282.834354397426 0.31044842360979175 -5488.4223628613317 -0.076416297698534308  1020.4610376954079 -951.38182594776163 951.27352567911157 -1.2201879468979315  0.034422439701198473 -0.024399336903220183 0.02486135756190766  -0.093832492281738678 0.0056939968148969735 -0.12577071315105856 0.00038448010950888902  -358.54013181030751 334.70087603777648 -336.38346466720105 -0.67105789971392371  0.56953328688443894 -0.602819738589642 0.66971184044068655 -0.29034923387368966  -1.8670153243743699 0.65652931519725832 0.028586295520290152 -2.8840012560336619  0.66848117104455018 0.53560484697995892 0.26408906859346643  1898.3967059433462 -1776.2957030951977 1773.095563042164 -0.11013540502535762  -142.54588178992273 133.16200475506486 -133.43041437901556 0.10942150863447751 17.992673824331725  -4.082602473464795 3.8020670587022325 -3.821745550900232 -0.008894842491264399 0.30286701549193823  0.0010401934072705511 -0.00022963853203852858  0.00092130945902746397 0.00044077950651882637 0.0021193849422813217  8.5841039668797131e-06  4.0218845770900737e-05 -0.0009109557347338538  -0.0033320140135449706 -0.0011652134762897505 0.0032407431521889411  -0.0026706609227348439 0.00062330819960204902 -0.0016181447819368035 0.0010961020145133892  
shrinkage=0.1


Tree=81
num_leaves=31
num_cat=0
split_feature=7 5 8 9 9 5 9 5 4 4 4 4 4 9 4 5 3 6 9 6 6 4 7 0 6 4 2 7 4 9
split_gain=0.405202 0.623273 0.767039 0.602454 0.710592 0.555423 2.74533 2.86122 1.18759 1.12712 0.89049 1.67714 1.19938 0.784581 0.630295 0.593524 3.70644 2.95086 1.39371 2.51299 1.3466 1.96331 2.19371 0.920264 1.95361 0.851184 3.02143 1.02458 0.811095 0.581738
threshold=5.5893117327746156 6.8015610439311045 3.0000000000000004 7.5121052670435509 7.4997343970805801 12.020658310736186 7.5038750479758836 12.419149699170658 5.772996334337213 6.2412495553129679 6.1081352352533109 6.0879098011795767 6.2275238364393255 7.2264807709440779 5.8593596889746626 10.497628982219164 6.0457501821839914 5.7075668346731492 6.0514929658566965 5.5533984337854738 6.0075895199216083 5.1676349844808334 5.4617018978108733 1.0000000180025095e-35 5.7695786505247435 4.1820210059610323 6.808487124871454 5.2507916655164264 5.3008111373035574 6.3204042442512467
decision_type=2 2 2 2 2 2 2 2 2 2 2 2 2 2 2 2 2 2 2 2 2 2 2 2 2 2 2 2 2 2
left_child=5 2 -2 4 -3 8 10 -8 15 -10 11 14 -12 -11 -7 25 18 -18 19 -17 21 -21 -23 28 -25 -1 27 -27 -24 -14
right_child=1 3 -4 -5 -6 6 7 -9 9 13 12 -13 29 -15 -16 16 17 -19 -20 20 -22 22 23 24 -26 26 -28 -29 -30 -31
leaf_value=-4.2955638194925818e-05 0.00029639303662442923 2.7790383202241768e-05 -0.0016906577485167841 0.00024472668468416832 -0.0014499417619261766 0.0009125043110111595 0.0084636564343804257 0.050648258924484262 -0.0015920881258748841 -0.001559303539087538 -0.0029177911608752344 0.0027398885219498022 0.0018180083106120824 0.00881648113673234 -0.0005112703285985998 -0.01338252863488449 -0.055236825211481613 -0.0021639628920820542 -0.0004114652417127122 0.0052579358472278947 0.00026926371809028054 -0.013007396829760626 0.0082464435014436878 -0.019713978961907186 0.0040675255290877361 0.002005308009694231 -0.028585137963010411 0.00027210944872896147 0.00096412233319055759 -0.00013786465088054775
leaf_weight=845366 3419 713155 4499 144740 3269 7208 82 20 6937 122 1470 3616 1695 181 5468 129 22 20 92984 1420 16102 119 182 62 78 3672 36 47942 958 14789
leaf_count=845366 3419 713155 4499 144740 3269 7208 82 20 6937 122 1470 3616 1695 181 5468 129 22 20 92984 1420 16102 119 182 62 78 3672 36 47942 958 14789
internal_value=0 5.05221e-05 -0.000832647 5.86424e-05 2.10476e-05 -4.17762e-05 0.000353721 0.0167351 -5.51425e-05 -0.00133132 0.00030493 0.000840237 -0.000180824 0.00463877 0.000298336 -4.59862e-05 -0.000262955 -0.029964 -0.000251821 0.000527413 0.000622248 0.00263848 -2.02988e-05 0.0011871 -0.00646428 -1.88774e-05 0.000375216 0.000395415 0.00212674 6.32519e-05
internal_weight=1.91976e+06 869082 7918 861164 716424 1.05068e+06 34348 102 1.01633e+06 7240 34246 16292 17954 303 12676 1.00909e+06 112076 42 112034 19050 18921 2819 1399 1280 140 897016 51650 51614 1140 16484
internal_count=1919762 869082 7918 861164 716424 1050680 34348 102 1016332 7240 34246 16292 17954 303 12676 1009092 112076 42 112034 19050 18921 2819 1399 1280 140 897016 51650 51614 1140 16484
is_linear=1
leaf_const=3.7147098844851021e-05 0 -4.4240568599918095e-05 0 -0.0039148330688476562 -0.63287492358940656 -0.027190048782529175 -10.06770172060933 161.16430536769332 -0.023066070462755307 -0.34490001403269166 -0.053201593220592258 -0.057793634546396792 0 0.45390645995212253 -0.12773197660483221 0 -2.4267559173516933 -4.9315013254185489 -0.013701452316080776 0 0 0 0 0 0 0.0036092882551628236 -4.5913886061003728 0.010320372355040597 0 0.023165549701913337
num_features=3 3 3 3 3 3 4 3 3 3 4 4 4 4 4 4 6 5 5 5 6 6 6 5 7 7 4 4 4 5 4
leaf_features=4 5 7  5 7 8  5 7 9  5 7 8  5 7 9  5 7 9  4 5 7 9  5 7 9  5 7 9  4 5 7  4 5 7 9  4 5 7 9  4 5 7 9  4 5 7 9  4 5 7 9  4 5 7 9  3 4 5 6 7 9  3 4 5 6 7  3 4 5 6 7  3 4 5 7 9  3 4 5 6 7 9  3 4 5 6 7 9  3 4 5 6 7 9  4 5 6 7 9  0 3 4 5 6 7 9  0 3 4 5 6 7 9  2 4 5 7  2 4 5 7  2 4 5 7  4 5 6 7 9  4 5 7 9  
leaf_coeff=-0.00010185974571828507 -5.8765029283371208e-06 4.2016619361351478e-05  -0.00038992060408251652 0.0018516904739735995 -0.0039193198784797543  1.0453913827443515e-05 9.8726021147439732e-05 -8.5778994962459716e-05  0.0019144827781594209 -0.001102135243624769 -0.0020024265344975589  8.3164637833393204e-05 0.00057764986986273974 2.9087066650390628e-06  0.0046006536937234447 -0.0085971453341272767 0.083589781531190968  0.0037013351262643853 8.4164273573072998e-05 0.0020538611936189001 -0.00073517741164548793  -0.017977481018454002 0.087637009597881399 1.3064226932896419  -0.28384396912806553 2.0062712066603128 -22.45831607398577  -0.0031402941229943695 0.0026402595980066449 0.0016229975719809888  0.043524020279869548 -0.016423213918626802 0.042440616743942887 0.0047128984597617496  -0.0029395682589012043 0.0022708631994352579 0.0077450303515433916 -0.00034689881426892556  0.024166084182070335 0.0040828998774060212 -0.025464719376691394 0.00055931368612647245  -0.00082999772115464063 0.00025694664517945666 0.0046098141663321714 -0.0036848601293797858  0.070441151101215391 -0.1239776888936298 0.12794321068665795 -0.015390989879144001  0.0066809919757529817 0.0048153831684516479 0.004945980358311175 0.00015958232399500006  -0.00064072553260192684 20.959799348830714 -20.859982562367804 20.949594541604167 0.054443762820233138 -0.25826806214481624  1.2721721941375108 -59.312939146161085 58.870751047134405 -58.667490099370482 -0.6748393980364199  0.53478280634084852 5.1904849354883034 -5.1608565380446185 5.3482645496856556 0.065248411585875493  0.00023372059179261139 -0.00025332080580944827 0.00055975996008871822 0.0010514455052167194 0.00035494586365586727  0.00018731075052188796 0.034074987131851489 -0.029453740288605701 0.017449191023435163 0.0063465724677044481 0.0028885163926645422  0.0015371011199192153 0.17837021501195097 -0.17527421204760643 0.17753583212029511 0.0015042512687326592 -0.0067101283831328302  -0.00096221906350608683 0.73264608299309664 -0.69109675566814988 0.68826813468203918 -0.068598328948246495 0.025903583544186405  0.05911942686456087 -0.056042816344444191 0.041814296078989344 0.022629064298587312 -0.0089008684806572095  -0.0028368912629687772 0.0012730107955341464 1.8524983901139649 -1.9178273808942663 1.6136043637476023 0.28951708656338154 0.076509500210386258  -0.0019565646432194938 0.00091544121634887796 -0.11160562364393628 0.14211417910971705 -0.099612099121787881 -0.0029359627423332316 -0.06629524510117335  -0.0001474879974086449 0.0032625545762101082 -0.005484481749262882 0.0073093007589463358  0.76307808322428627 -0.042641624700291918 -0.071384061407839289 0.043432228422409486  1.1670411191155861e-05 0.00063305954966547118 -0.00063494338532457954 -0.0011722449672039838  0.042433573465311451 -0.036848567727799611 0.030920390601160364 0.0099375253523319891 -0.0085604299476585762  0.00055840428238888016 0.001552841386105887 -0.0078539548574761749 -0.00039525790125047311  
shrinkage=0.1


Tree=82
num_leaves=31
num_cat=0
split_feature=0 1 1 1 1 4 9 9 1 1 4 9 9 9 8 7 2 8 3 2 1 8 5 1 7 3 4 3 1 9
split_gain=0.386028 0.635497 1.0903 0.904112 0.822213 0.761308 0.584493 0.580532 0.541156 1.17642 0.567553 0.701126 0.899955 1.26966 0.700531 0.612907 0.711006 0.683434 0.584251 0.531457 0.527014 0.745521 1.425 1.03369 0.704769 1.22219 0.62149 1.16345 0.519027 0.505015
threshold=3.3140206880897671 7.7184632235788913 7.4051916194077991 7.5819744172008852 7.9067313605233123 5.8593596889746626 6.8152292383395157 7.3756466158109815 6.9730746354109483 7.1510934607486316 5.1503930356556173 7.4062930552697512 6.603745375804027 6.0514929658566965 3.0000000000000004 4.8769558116958658 6.1667824194226997 3.0000000000000004 5.5614724863699605 5.9001256119749526 6.7232311178383295 3.0000000000000004 10.841285339928397 6.788408362650876 5.5278445245551593 5.7398052290623438 5.0271592211193568 5.7235677674183512 6.788408362650876 7.3397804314259227
decision_type=2 2 2 2 2 2 2 2 2 2 2 2 2 2 2 2 2 2 2 2 2 2 2 2 2 2 2 2 2 2
left_child=1 2 8 5 7 -4 -6 -3 20 -10 11 12 13 18 -13 16 17 19 -11 -15 -1 28 23 -23 25 -24 -25 -28 -22 -14
right_child=-2 4 3 -5 6 -7 -8 -9 9 10 -12 14 29 15 -16 -17 -18 -19 -20 -21 21 22 24 26 -26 -27 27 -29 -30 -31
leaf_value=-3.6806330210993174e-06 0.0026042913075792033 -0.0023106913910756681 0.0017390785673413074 -5.8844342336625194e-05 0.0030222566458023409 -0.0059212539819506645 -0.00055278757303875989 0.0030731134339642358 -0.0012325460468457961 0.0030670482834996107 0.0016674402235844655 0.0053855470797718793 0.00052158367240530889 -0.00943608904247158 -0.0024652864376058362 0.0014418669210532181 -0.012318043281702558 -0.0012281562025888699 -0.0020247893188045257 0.00048952337683123707 -5.7155744403187994e-05 0.0010963588791437289 0.0014434765255640426 -0.0012746106720613352 0.0018328061628454882 -0.022082421182216528 -1.1830869091985126e-05 -0.031149300184624737 0.0016170355326208708 0.0035511185376155534
leaf_weight=1854350 569 3355 7569 5638 634 132 1641 213 11051 558 2132 122 6182 261 1662 167 120 399 378 68 2539 2327 63 6424 3679 34 30 20 6841 604
leaf_count=1854350 569 3355 7569 5638 634 132 1641 213 11051 558 2132 122 6182 261 1662 167 120 399 378 68 2539 2327 63 6424 3679 34 30 20 6841 604
internal_value=0 -7.67083e-07 2.41285e-06 0.000903345 -0.00104207 0.00160778 0.00044351 -0.00198929 -3.91213e-06 -0.000478727 0.000179651 -0.000121838 0.000247042 -0.00164577 -0.0019284 -0.00409551 -0.005186 -0.00401039 0.00101073 -0.00738459 2.08636e-06 0.000489131 -1.40878e-05 -0.000711307 0.00161097 -0.00680271 -0.00136105 -0.0124668 0.00116386 0.000791233
internal_weight=1.91976e+06 1.91919e+06 1.91335e+06 13339 5843 7701 2275 3568 1.90001e+06 23704 12653 10521 8737 1951 1784 1015 848 728 936 329 1.87631e+06 21957 12577 8801 3776 97 6474 50 9380 6786
internal_count=1919762 1919193 1913350 13339 5843 7701 2275 3568 1900011 23704 12653 10521 8737 1951 1784 1015 848 728 936 329 1876307 21957 12577 8801 3776 97 6474 50 9380 6786
is_linear=1
leaf_const=9.8778372161519899e-07 -0.0089910919773320327 0.058655081056838303 -0.0090127026730442601 0.058510542520815181 0.0025121814713010338 0.33610543482461708 -0.065899118926139269 0.36255899759521526 -0.014181466494861183 0 -0.024043191284985711 0 0.037145268600202286 0 0 0 0 0 0 0 0 0 0 0 0 0 0 0 0 0.80861223229703683
num_features=2 1 3 3 2 3 3 3 3 2 5 3 5 4 5 5 5 4 5 5 4 3 4 6 5 5 6 6 6 3 4
leaf_features=0 1  0  0 1 9  0 1 4  0 1  0 1 9  0 1 4  0 1 9  0 1 9  0 1  0 1 3 4 9  0 1 4  0 1 4 8 9  0 1 4 9  0 1 2 8 9  0 1 4 8 9  0 1 4 7 9  0 1 2 9  0 1 2 8 9  0 1 3 4 9  0 1 2 9  0 1 8  0 1 5 8  0 1 3 5 7 8  0 1 4 5 8  0 1 5 7 8  0 1 3 5 7 8  0 1 3 4 5 8  0 1 3 4 5 8  0 1 8  0 1 4 9  
leaf_coeff=-9.7941273553338323e-05 1.0351735128155048e-05  0.0032709492824832156  -0.0018583268886318005 -0.0080552811866894565 0.00087686414500539602  0.0012029310489143131 0.001127123227537652 -9.7344730854143083e-05  -0.00097862641127590203 -0.0073835701051093057  0.0016352183682815991 -0.00042880412406907101 -4.4160138629756319e-05  -0.0051307304342230967 -0.04978909964548564 0.006592232576608837  0.00016906870160993126 0.0022311756452781497 0.0064876683386227985  -0.0054810175218659614 0.00012015930635982386 -0.047104826892257284  -0.0013558573574264099 0.0021301605940386992  0.0027936896062270623 -0.0043901602019658986 0.00085289928391415473 -0.00027954040296392508 0.0043767132046077959  -0.0019172052651699467 0.0036948114815668733 0.00037651312272819483  -0.0015965237652615372 0.0062642774804002599 0.001309718419602346 -0.098344494790956111 0.020688400377184737  0.0014753189502562881 -0.0027792848595247222 -0.00029966943144326471 -0.0026606333608498733  -0.030653887904827572 0.051611975616560814 -0.026432027265650505 -4.5782905260188276 1.4142884686756589  -0.00054768921325583093 -0.010291019532985779 0.00028750395120840099 -0.032700751548713929 0.02732579559949784  -0.0011323985674884464 0.0047672066300773258 0.00075178923897785139 -0.0020121119230931852 -0.0036635699641220047  92.900145637989056 -65.943942284584054 66.036053764820096 -8.9823367133736607  0.11638437361662959 -0.088602700576148233 0.09828636856280451 0.1009329855619626 -0.083017109680122311  -0.005478428278109077 -0.018669403531948705 0.0050009726717290095 0.0012454674902430589 0.01931131489506939  6.9798470407724382 -5.3842827811837202 5.4331266298890117 -0.64101999578997493  0.00011902593977828527 -0.0080970390071202665 0.027245622180424079  -0.00044512216286350941 0.0011248210417249993 -0.00016368405972611179 -0.0013314102526180704  0.0043886554418956615 -0.0082833424989900099 -0.00026762062307375545 0.001422701554359751 0.082368918840705879 -0.10367172029465054  0.00047083204658060485 -0.0042012146955087816 0.00016145294745298634 -2.2141128776120847e-05 0.0067136620203513079  -0.00090729801933883832 0.0073733856855788815 0.0010543158286979494 -0.0025100462941292537 -0.011316964636215232  -0.012423894972708816 -0.34752549459428794 -0.0134284600675187 0.042047077131561396 0.41137986959975026 -0.069614559294950598  -0.0091298164090044265 -0.075384896026538403 0.0031267368543616476 -0.014867892122707144 0.1170413964751373 -0.1662644432419399  0.0077140943421568414 0.18977705637289546 -0.08768551347372977 -0.46404812271539414 0.31051234152905638 -0.45211814137546757  -0.00024680466457159821 -0.011063540799175087 0.039018983701802769  0.00088452985269658066 0.019735906044910226 -0.0008213486385598046 -0.12888259890737572  
shrinkage=0.1


Tree=83
num_leaves=31
num_cat=0
split_feature=9 9 1 1 8 5 6 4 4 9 9 9 4 4 4 0 1 6 6 7 8 5 5 1 1 1 6 5 7 7
split_gain=0.383424 0.910798 0.788024 0.674167 0.53577 0.519537 0.97526 0.871258 1.16728 0.838921 5.29258 1.84311 0.793965 1.29548 0.886392 0.99209 0.778803 0.740118 1.78139 1.506 1.96525 1.0764 0.980355 0.733472 0.952224 0.688167 0.682314 2.66675 2.73112 1.90221
threshold=7.287303286647794 7.4713273731927385 5.3156629864430025 4.1190041246092024 3.0000000000000004 6.3090083598680247 4.9763025220402453 2.249904835165133 1.7005986908310777 6.9534033917656322 6.679421601977551 6.7382419808712832 2.602003343538398 2.8617925509761908 3.1567740231385479 1.0000000180025095e-35 5.8678824850335358 7.0976522311589436 7.1508321594623085 5.4284635715889005 3.0000000000000004 9.5391763832008447 9.5391763832008447 7.9067313605233123 7.7850972390974809 5.6716020950760067 6.8070436626251576 9.5391763832008447 5.7413866837872307 5.6687848691605724
decision_type=2 2 2 2 2 2 2 2 2 2 2 2 2 2 2 2 2 2 2 2 2 2 2 2 2 2 2 2 2 2
left_child=5 2 -2 -3 -5 6 9 8 -7 10 23 25 17 26 15 -15 -13 -9 19 22 21 -21 -19 24 -1 -12 -14 28 29 -28
right_child=1 3 -4 4 -6 7 -8 12 -10 -11 11 16 13 14 -16 -17 -18 18 -20 20 -22 -23 -24 -25 -26 -27 27 -29 -30 -31
leaf_value=5.2584497654274015e-05 -8.6728206039312673e-05 3.2672539798381986e-05 -0.00047690665102265986 0.0011985354794641374 0.00028109366625237814 5.6557736268624513e-05 0.00095100528861752787 0.00034506276653364004 -0.00047819591817833523 0.00039721924272377552 -0.0052055241705431625 -0.00031028224878834826 -0.00036218241488180833 0.00046172855386385296 3.0979212096397177e-05 -0.00073329531362969623 -0.0049867390865018226 0.0089574422528285805 -0.0018941873282044379 0.017735416450421326 0.00022693058921637515 0.04100470866895084 -0.016167309552431106 0.0029996551860084464 -0.0038100592621267762 -0.011871443475284692 0.0097490129292738155 6.9523923362919415e-05 -0.00073405393010493624 0.029157865153097397
leaf_weight=38420 484834 285452 57949 8271 27627 87506 16683 75747 76509 49894 245 601 95987 86194 512443 7556 874 41 199 50 41 33 25 826 649 421 205 4207 206 67
leaf_count=38420 484834 285452 57949 8271 27627 87506 16683 75747 76509 49894 245 601 95987 86194 512443 7556 874 41 199 50 41 33 25 826 649 421 205 4207 206 67
internal_value=0 -4.93902e-05 -0.000128385 8.4037e-05 0.000492475 4.04389e-05 0.000247591 1.66806e-05 -0.000192892 0.000119939 -0.000209174 -0.00505284 6.05797e-05 2.75316e-05 8.27006e-05 0.000365413 -0.00308128 0.000367406 0.00471815 0.0116437 0.018139 0.0269871 -0.000559509 5.07653e-05 -1.15803e-05 -0.00941927 -0.000304667 0.000873724 0.00795169 0.0145299
internal_weight=1.91976e+06 864133 542783 321350 35898 1.05563e+06 108613 947016 164015 91930 42036 2141 783001 706865 606193 93750 1475 76136 389 190 124 83 66 39895 39069 666 100672 4685 478 272
internal_count=1919762 864133 542783 321350 35898 1055629 108613 947016 164015 91930 42036 2141 783001 706865 606193 93750 1475 76136 389 190 124 83 66 39895 39069 666 100672 4685 478 272
is_linear=1
leaf_const=0.0036137003048254735 -0.0097848620858677297 -0.010088971213235709 -0.00410798664202332 0 0 0.0019601946098203676 -0.0029479672790817982 -0.0060140695252004052 0.0022297758820249759 0.016522264069349823 0 -0.21166543059304105 0.0025016056913964137 -0.0012125762631823634 0.00061440783697617465 0.0032172160511349194 -0.24659763352797201 -9.1181522604078058 -4.2580987069221008 0 0 0 -4.0703497219947167 -0.005425923479349848 0.04885504245085031 0 -0.084748131579726771 -0.038135864936114233 1.0029707854631624 2.9214707200560954
num_features=4 2 2 2 3 3 3 3 4 3 3 2 3 4 3 3 4 2 5 4 6 6 5 4 2 2 2 5 4 5 5
leaf_features=1 5 6 9  1 9  1 9  1 9  1 8 9  1 8 9  4 5 9  5 6 9  4 5 6 9  4 5 9  5 6 9  1 9  1 5 9  4 5 6 9  4 5 9  4 5 9  0 4 5 9  1 9  4 5 6 7 9  4 5 6 9  4 5 6 7 8 9  4 5 6 7 8 9  5 6 7 8 9  5 6 7 9  1 9  1 9  1 9  4 5 6 7 9  4 5 6 9  4 5 6 7 9  4 5 6 7 9  
leaf_coeff=3.6809071638353039e-05 -0.00011927480985036289 0.00014148494343386875 -0.00058494078228004613  -8.9514836897027936e-06 0.0013089633045862748  -0.00010117656673154369 0.0013492153854940626  0.00034890989293795416 0.00018723388790142792  0.00065360276559831574 -0.057700747185162986 0.015029353416514369  -5.7868661197488238e-06 -0.012197802693930272 0.0065413662518864161  -1.9619371359567465e-06 -4.3335209269410385e-05 -0.00023952271440460214  0.00016570701567318326 0.00042283757543828406 8.7503052760584685e-05  0.0016147114638349613 -9.8427724312499801e-05 0.0002467482169114077 0.00025705643798727419  -0.0010169945818197968 4.6165644621838645e-05 -0.00014729687708730512  -0.00042353673678279945 0.0004284280236696775 -0.0022483360722219017  -0.0012554980383090164 0.00011807388060086078  0.002198478086242702 0.0011977877400441096 0.029281078554122077  -3.528829718364435e-05 -0.00078642960004824411 0.00094724230969074348 -0.00023818989088059128  -0.00087546238266351668 0.00031452640567986582 0.00022443263496914613  6.1906887918323353e-05 -3.7793247420097806e-05 -6.9438343479095313e-05  0.00020248766919489514 -0.0012123246239611697 0.00051812934933246344 -0.00075566050437679837  -0.00046526945741683925 0.035667738428298894  7.6291737355291849 -6.8984511317219592 7.8098631810629744 0.020325104636367542 0.017224108665590165  17.189551720222518 -15.691133086267655 15.566933824221634 0.0072535796108903483  185.96343108562488 -169.68197521300291 170.59430560489838 -0.0068826153546904583 -30.880749062103405 -0.0067312250327010055  0.027493924555094907 -0.026728846707505652 -0.026636830887493745 -0.0023125269011906552 0.099384486234472144 -0.0013647278456871859  -0.93400123607232366 0.078712784347573006 -0.065884464329435136 4.1768559250081694 0.071253540315544941  0.38865338258619886 0.11187556346776546 -0.10786229521363566 0.019389583139718527  0.0015208180333795341 -0.0006605663957005792  -0.01070081196968431 0.0048788600121884244  0.0012524253920900286 -0.002937451390305679  -0.14097099470545801 0.10782791127547285 -0.072375791246895457 -0.016049784202243702 0.0054233370632253758  0.033874966064198729 -0.023782487227416205 0.024218153984092973 0.00087982276581361212  -0.085369380368047851 0.0089707910216906411 -0.12842730642151565 0.0021997732005940573 0.0016500087480989746  -0.13526877825260045 -0.044756645236975603 -0.23245339991783426 -0.047403016249199938 -0.03807783045662632  
shrinkage=0.1


Tree=84
num_leaves=31
num_cat=0
split_feature=4 4 9 4 4 4 1 9 9 1 1 1 6 6 9 9 9 4 4 6 4 6 9 4 7 7 9 7 6 4
split_gain=0.365128 0.855815 0.512675 0.414134 4.51101 4.27599 1.71455 1.44361 1.28039 0.811625 1.85761 0.973222 0.784147 0.784833 2.21987 0.721814 0.633817 0.529543 1.65471 0.618042 0.557416 1.02198 1.28842 0.945415 0.92461 1.52771 0.729529 1.47388 3.20067 0.663587
threshold=6.8992188208074312 6.7099137248553644 6.8867037674719667 6.1081352352533109 6.0879098011795767 6.2156070997535293 5.8791343840901709 6.4132755050809012 6.679421601977551 5.8791343840901709 5.4617086595848852 6.1036759135142775 5.7795175494447024 6.1887884922552745 7.502841491485758 6.3204042442512467 7.2264807709440779 5.9282575846801535 5.9545403518763083 5.7116119396025686 5.5510178349084196 5.8030364286107741 6.3204042442512467 5.5274410133216039 5.5755975999090355 5.6964670988041819 6.3204042442512467 5.7468554295781731 6.2905362146653223 5.6365721362514982
decision_type=2 2 2 2 2 2 2 2 2 2 2 2 2 2 2 2 2 2 2 2 2 2 2 2 2 2 2 2 2 2
left_child=1 3 -3 4 17 6 -5 -6 -9 10 12 -11 16 -14 15 -15 -7 20 -19 -20 23 22 24 -1 -22 29 27 -23 -29 -26
right_child=-2 2 -4 5 7 9 -8 8 -10 11 -12 -13 13 14 -16 -17 -18 18 19 -21 21 26 -24 -25 25 -27 -28 28 -30 -31
leaf_value=-2.9918326164586828e-06 -0.0019960440923032802 -0.0039904326185933314 0.001882017424275388 -0.0029870015702690546 -2.5430312039233294e-05 -0.00077282266837550375 0.0011247781352609978 0.0057541584569890079 0.0022155417797341376 0.0079552345365443821 -0.0077940304934323067 0.0012452671306947406 -0.0004357625250022625 0.0020066265244485506 0.033789153667166831 0.00017472116801919911 0.0036573986057632638 -0.0013060684268585403 -0.0030898862134043181 0.00042040681516180629 -0.0001144598246485527 0.0025888222858915051 -0.00047967439452148284 -0.00083143435594620679 -0.00092654585489071917 0.0072210687820030289 0.00034975371982550661 0.0037447123229503634 -0.011728548721856431 -0.015041889148956192
leaf_weight=1757731 916 156 3161 6929 2431 465 1188 1211 6570 241 302 2097 19959 2537 20 14133 1057 12155 521 13449 168 3268 6382 13884 40 46 48003 305 238 199
leaf_count=1757731 916 156 3161 6929 2431 465 1188 1211 6570 241 302 2097 19959 2537 20 14133 1057 12155 521 13449 168 3268 6382 13884 40 46 48003 305 238 199
internal_value=0 9.56933e-07 0.00160583 -1.82213e-06 5.70586e-06 -0.000289015 -0.0023852 0.0021017 0.00276628 0.000127902 1.79673e-05 0.00193693 7.9774e-05 -1.25912e-05 0.000493465 0.000453518 0.00230388 -5.82422e-06 -0.000452863 0.000289493 5.56767e-07 0.000303867 -0.000845463 -9.48427e-06 -0.0059988 -0.00946747 0.00045548 0.0017872 -0.00303731 -0.0126795
internal_weight=1.91976e+06 1.91885e+06 3317 1.91553e+06 1.8666e+06 48928 8117 10212 7781 40811 38473 2338 38171 36649 16690 16670 1522 1.85639e+06 26125 13970 1.83026e+06 58649 6835 1.77162e+06 453 285 51814 3811 543 239
internal_count=1919762 1918846 3317 1915529 1866601 48928 8117 10212 7781 40811 38473 2338 38171 36649 16690 16670 1522 1856389 26125 13970 1830264 58649 6835 1771615 453 285 51814 3811 543 239
is_linear=1
leaf_const=1.9007305503781862e-06 0.49188186369174219 -0.035055163699007609 0.082134710606192138 0.043078411603414683 0.26983070719596752 -0.16447698594234625 -0.043133513756873756 -0.26089611094939757 -0.21612890366413923 -0.083980142581424388 0.07169872696068183 -0.013985134237120179 0.0068399981937567137 0 2.5570164816221226 -0.035522997649296076 0.2696832605348618 0.34409776501524902 -0.09167913811829749 0.042246991323415278 0 0 -0.022556406528888573 0.085341047124347827 0 0 0.013168663535564029 0 0 0
num_features=1 1 2 2 2 2 4 2 2 2 2 2 2 3 4 3 3 4 1 2 2 4 4 3 1 4 4 3 4 4 4
leaf_features=4  4  4 9  4 9  1 4  4 9  1 4 6 9  1 4  4 9  4 9  1 4  1 4  1 4  1 4 6  1 4 6 9  4 6 9  4 6 9  1 4 6 9  4  4 6  4 6  4 6 7 9  4 6 7 9  4 6 9  4  4 6 7 9  4 6 7 9  4 6 9  4 6 7 9  4 6 7 9  4 6 7 9  
leaf_coeff=-1.6999423174958824e-06  -0.071280160364995029  0.0014560598056363007 0.0034101372440989543  -0.0066291660323031468 -0.0048407288777394088  0.00016446438750640781 -0.0074759398454261831  -0.047745224826947923 0.0035289537982564501  -0.00058515251965645114 0.0035951142070358879 0.024731526053374253 -2.7681322354955464e-05  -0.0031054365561710932 0.010565266953780395  0.014204783634158958 0.02704193268760946  0.034177243670819736 0.0013325302159810093  0.0032180653545225372 0.011379786029996099  -0.0090061758226248397 -0.0044058656785146864  -0.0019132505042228855 0.004422233754960825  -5.6226984647944628e-05 -0.00013179891308370272 -0.0010636049824177985  -0.001280761692473198 -0.0015684856108993729 -0.0074539613092944991 0.0099852305600506962  -0.13878254343430854 -0.0053290449134351554 -0.21332840035902337  0.0022988262256014693 0.0028635957436265128 0.00043165453276902064  -0.0010894427748608271 -0.0078747215317134696 -0.024007573216553627 -0.010595528454248894  -0.058071234327076129  0.0052465033873033921 0.010131715722383916  -0.0071568645738205212 0.00021473527007849491  0.00062948489679892639 0.025150800683686848 0.06933185676082379 -0.089902412408944435  -0.011274475711868348 0.0023947935694013547 0.0053986901508658036 0.0037915471649576206  0.00051335388728279696 0.0051820814837767242 -0.0014637220565841937  -0.015539739046107571  0.19496423096420123 0.11471145196036758 -0.35335786554357046 0.040458022762213379  0.0046897978005546294 0.014964173067403408 -0.40109229837298699 0.37104757108272679  -0.0029708135002950442 0.00087255816567987092 -0.00014906052057615804  -0.0090507336972109453 -0.0014428377596242825 -0.0098193909196197648 0.020488767446454406  -0.054257370386397955 -0.12603578883902741 0.10862423779790334 0.080831500650083404  -0.051549212498457564 -0.20876055265780452 -0.061547346614861456 0.31100427583733109  
shrinkage=0.1


Tree=85
num_leaves=31
num_cat=0
split_feature=8 9 9 1 9 0 1 1 9 9 5 5 6 1 4 5 6 6 9 4 9 9 6 1 4 5 4 6 5 5
split_gain=0.361125 0.524637 1.37124 0.711667 0.635886 1.51338 0.965791 1.35601 1.1899 0.915481 0.82439 0.613071 0.584302 0.57166 0.556282 0.54216 0.513699 0.507239 0.607672 0.520325 0.496924 1.2453 0.799829 0.727172 0.619491 0.610203 1.06559 1.12917 3.84754 1.51521
threshold=3.0000000000000004 7.3973316563438791 7.4332599800911217 5.8791343840901709 7.2949707417423122 1.0000000180025095e-35 7.2060062339413085 7.5603408138951931 7.3709381331941737 7.3967569656557313 10.539985013028753 11.710599401493861 6.0420008373518028 7.3827462563649489 5.040188859666439 11.489656837821348 6.0302559814294243 6.2559169743719574 7.5100540538605687 5.9545403518763083 7.4040126385048 7.3176265545134989 6.5843485969435269 5.9255909116924723 4.7492611597348082 6.9221510378135092 2.3502401828962087 6.937418885832872 9.5391763832008447 9.4179641108071355
decision_type=2 2 2 2 2 2 2 2 2 2 2 2 2 2 2 2 2 2 2 2 2 2 2 2 2 2 2 2 2 2
left_child=20 4 3 16 -2 9 -7 8 13 -6 -11 12 -4 -8 -14 -16 -3 -13 -19 -20 21 24 23 -22 25 -1 -27 -28 29 -29
right_child=1 2 11 -5 5 6 7 -9 -10 10 -12 17 14 -15 15 -17 -18 18 19 -21 22 -23 -24 -25 -26 26 27 28 -30 -31
leaf_value=0.00032097302251672937 5.5466949284754413e-06 -0.00015303444101394598 6.7936799819172096e-05 -0.00098875361113583463 -0.0015963321859847686 -0.0010546854363909306 0.012133991843153377 -0.00053179061015581864 0.00059063910382489368 0.00069874116329868372 0.0033604473576839843 0.00015206771650817685 -0.00018396049275848055 0.005105598639402735 -0.002208500506933918 -0.00042656912653611569 -0.00052053269693557835 0.0008885552172427408 0.0044614989808352866 0.02027940733925156 0.00015948798914206756 -0.00030328392825839344 -0.00073758440238546848 0.00093273194534613786 0.0090981517036102313 -0.00030338577269795833 9.246246353177466e-05 0.034618526777873436 -0.00019292502322852022 0.010844647931674171
leaf_weight=79419 630595 122882 168022 14788 648 4947 153 1806 600 1824 3214 20159 50742 475 2809 4354 55088 10541 217 23 235587 110705 9457 12824 76 81819 294898 30 808 252
leaf_count=79419 630595 122882 168022 14788 648 4947 153 1806 600 1824 3214 20159 50742 475 2809 4354 55088 10541 217 23 235587 110705 9457 12824 76 81819 294898 30 808 252
internal_value=0 -3.7682e-05 -0.000120581 -0.000322176 2.01725e-05 0.000695007 -0.000193196 0.00121148 0.00377528 0.00194171 0.00239678 3.06998e-05 -2.64714e-05 0.00681793 -0.000300414 -0.00112536 -0.000266788 0.00044817 0.00100184 0.00597738 4.9919e-05 -2.3458e-06 0.000165043 0.000199406 7.05062e-05 6.90056e-05 1.60394e-05 0.000104337 0.00331699 0.0133738
internal_weight=1.91976e+06 1.09389e+06 449625 192758 644262 13667 7981 3034 1228 5686 5038 256867 225927 628 57905 7163 177970 30940 10781 240 825875 568007 257868 248411 457302 457226 377807 295988 1090 282
internal_count=1919762 1093887 449625 192758 644262 13667 7981 3034 1228 5686 5038 256867 225927 628 57905 7163 177970 30940 10781 240 825875 568007 257868 248411 457302 457226 377807 295988 1090 282
is_linear=1
leaf_const=0 0 0 0 0 0 0 0 0 0 0 0 0 0 0 0 0 0 0 0 0 0 0 0 0 0 0 0 0 0 0
num_features=4 2 4 4 3 2 4 4 4 4 2 2 4 5 4 5 5 4 4 5 5 4 2 3 4 3 4 5 5 5 5
leaf_features=4 5 8 9  8 9  1 6 8 9  5 6 8 9  1 8 9  8 9  0 1 8 9  0 1 8 9  0 1 8 9  0 1 8 9  5 9  5 9  5 6 8 9  4 5 6 8 9  0 1 8 9  4 5 6 8 9  4 5 6 8 9  1 6 8 9  5 6 8 9  4 5 6 8 9  4 5 6 8 9  1 6 8 9  8 9  6 8 9  1 6 8 9  4 8 9  4 5 8 9  4 5 6 8 9  4 5 6 8 9  4 5 6 8 9  4 5 6 8 9  
leaf_coeff=0.00010358766449564683 1.0069100650113208e-05 -0.00060230200643464631 0.00020853115093093512  1.5228711642929902e-05 -8.2440488464939097e-06  -2.2796785087342288e-05 -7.6559636327067085e-05 -0.10349950366762642 0.05578139773683688  6.2081345648902503e-05 -0.00021631677935986528 -0.042106450703556675 0.022516821299925029  0.00046509560520462405 0.0013086791102523421 -0.0012532636102605466  -0.034706012847414057 0.018589600099664951  -0.00016536831392461871 -0.00017100121290931637 -0.05296361562288894 0.028662677254897063  -0.00018576081850358862 -0.04493546302728646 0.051303210460537235 0.018472085805751704  0.00038442788215042878 0.0017062030152466435 -0.021709865962202458 0.009811839638101106  -0.002989990075248894 0.0058933227508749303 0.14066175688296881 -0.081155083258329347  0.00038596047862755612 -0.00036838255308311728  0.00023797344608582628 8.1750895850341021e-05  -0.00018392773889911731 0.0019362613392664763 -0.033493831079143631 0.016680698321952292  -0.00094057593771559314 0.0009524318000417864 -0.00020246305182247681 0.073292263719486078 -0.039674051115434851  0.00034148215208213984 -0.036756164750813274 0.064167442828511417 0.0031337176167198777  -0.04655715456644885 0.044397552560656098 -0.04123802119405582 -0.0220430924458924 0.010392799137662223  -0.048172171298590173 0.057219178358910487 -0.048778471688672199 -0.082962566557938544 0.030775018769162443  -0.0003367812470101095 -0.00015890408846939153 -0.056657206736053928 0.03058954523949069  0.00074631746706783637 0.0011852714868938463 -0.0026649563500598106 -0.00068208908265035009  -0.46207124392385596 0.45991829615668395 -0.45366120377439079 -2.4107554739341142 1.2808598267612981  -16.359782123845072 16.235865560546518 -16.072759282682092 143.97453764118254 -76.684739208407706  -0.00011669488738846809 -5.1436576644064638e-05 0.0033775230816868174 -0.00083987739576336657  -0.011540454460427441 0.0030938292627972434  -0.00021527327417164566 0.014924812795533171 -0.0038953306510414623  0.00032162446197234185 0.00014525840563874015 -0.040659053246062629 0.01070049049792985  -0.14369922726345125 0.3516247877813598 -0.0009756284065848942  -0.0004062203188167562 0.00017174539065286341 0.00048954576238446348 -0.00028552063597972048  0.00038125323900837648 -0.0004549691523511663 0.00041950073409321011 0.00067270561450262229 -0.00012367595595191711  -0.047863559206296327 0.44207550674278057 -0.41750318145698206 -0.44965037212556358 -0.02360980529929009  11.50229126522593 -10.802277499459292 10.633599378679918 -0.74952113104270379 0.0034904185741934657  -0.17457417776126843 0.34131401338534673 -0.21343770208192778 -0.63170186724206878 -0.0040415058211983991  
shrinkage=0.1


Tree=86
num_leaves=31
num_cat=0
split_feature=7 5 8 5 9 5 5 3 6 9 6 4 4 4 2 9 1 5 4 8 7 4 7 4 6 4 0 6 7 4
split_gain=0.342628 0.563181 0.716797 0.543646 1.86771 2.13068 0.880371 2.45435 1.82502 0.902454 2.0441 1.00826 0.681228 0.669033 2.91866 0.64474 1.8944 1.46993 1.16382 0.9468 0.897588 0.694773 0.697756 0.627387 0.808048 1.36686 1.42468 1.51032 0.701965 0.546157
threshold=5.5775076527351244 6.8643255847119082 3.0000000000000004 11.975718786716852 7.5038750479758836 12.419149699170658 10.497628982219164 6.0457501821839914 5.7075668346731492 6.0514929658566965 5.5937682902287262 6.2412495553129679 6.3216667670889342 4.297262267176281 6.808487124871454 6.3204042442512467 5.4868673298236716 10.315613758283842 4.3502571242716384 3.0000000000000004 5.3971655921947974 4.791641144189394 5.2831182954054645 6.0461887465411452 6.0075895199216083 5.2176457913436565 1.0000000180025095e-35 5.7664147031823392 5.4617018978108733 4.9593358439305844
decision_type=2 2 2 2 2 2 2 2 2 2 2 2 2 2 2 2 2 2 2 2 2 2 2 2 2 2 2 2 2 2
left_child=3 2 -2 6 -5 12 13 9 -9 10 -8 -11 -6 -1 15 16 18 21 -15 -20 -17 22 -18 24 25 -12 28 -28 -27 -21
right_child=1 -3 -4 4 5 -7 7 8 -10 11 23 -13 -14 14 -16 20 17 -19 19 29 -22 -23 -24 -25 -26 26 27 -29 -30 -31
leaf_value=-3.9712051499856106e-05 0.00028351245728503908 5.261235575035458e-05 -0.0014639943625284508 0.00032537092049308059 0.022714811137744359 0.042787271142005923 -0.0077951387001591087 -0.04253392222550853 -0.001632365061668679 -0.0004724948432798933 0.0045125064739982724 0.007873434997324286 0.0022767847123211379 -0.0065501998136197909 -0.030800331142575795 0.001402653070038933 0.0011731384128021698 -0.00046080321451460104 0.016863955867787203 0.00073248563376409031 0.00023770380982061887 -0.025940855172200079 -0.014830630355780678 -0.0067913654565560713 0.00020493946341542031 -0.011043608424627208 -0.015736100458261973 0.0043026642279763673 0.0015096031807774824 -0.011885248082024711
leaf_weight=835422 4097 900637 5496 30821 21 20 306 24 20 84387 1253 145 73 244 30 8568 36 138 36 1727 29001 39 112 119 15335 46 107 58 1409 35
leaf_count=835422 4097 900637 5496 30821 21 20 306 24 20 84387 1253 145 73 244 30 8568 36 138 36 1727 29001 39 112 119 15335 46 107 58 1409 35
internal_value=0 4.44943e-05 -0.000717665 -4.01114e-05 0.000372627 0.0131488 -5.31587e-05 -0.00032939 -0.0239423 -0.000319319 0.000310645 -0.000458179 0.00684273 -2.05908e-05 0.000379106 0.000402528 -0.00119823 -0.00828948 -6.9602e-05 0.000809856 0.000503383 -0.0140668 -0.0109378 0.000445985 0.000493285 0.00203237 0.000114084 -0.00869217 0.00111273 0.00048185
internal_weight=1.91976e+06 910230 9593 1.00953e+06 30935 114 978597 103209 44 103165 18633 84532 94 875388 39966 39936 2367 325 2042 1798 37569 187 148 18327 18208 2873 1620 165 1455 1762
internal_count=1919762 910230 9593 1009532 30935 114 978597 103209 44 103165 18633 84532 94 875388 39966 39936 2367 325 2042 1798 37569 187 148 18327 18208 2873 1620 165 1455 1762
is_linear=1
leaf_const=2.9933028468899763e-05 0 -0.00083973921625839503 0 0.012926309384607749 -7.477687782025896 147.99388688560575 0 -4.941674561295077 -0.66476272346467347 -0.0071630594437955613 0 0.12899123555544065 -7.1876384700968634 0 -2.9254568002423187 0.028991219851877761 0 0 0 0 0.038870422226617053 0 0 0 0 0 0 0 0 0
num_features=3 3 2 3 3 4 3 5 4 4 5 6 4 4 6 4 5 6 6 6 7 5 6 6 6 6 5 7 7 5 6
leaf_features=4 5 7  5 7 8  5 7  5 7 8  5 7 9  4 5 7 9  5 7 9  3 5 6 7 9  3 5 6 7  3 5 6 7  3 4 5 7 9  3 4 5 6 7 9  4 5 7 9  4 5 7 9  1 2 4 5 7 9  2 4 5 7  2 4 5 7 9  1 2 4 5 7 9  1 2 4 5 7 9  1 2 4 5 7 9  1 2 4 5 7 8 9  2 4 5 7 9  1 2 4 5 7 9  1 2 4 5 7 9  3 4 5 6 7 9  3 4 5 6 7 9  4 5 6 7 9  0 3 4 5 6 7 9  0 3 4 5 6 7 9  4 5 6 7 9  1 2 4 5 7 9  
leaf_coeff=-9.0075994170636772e-05 -6.6556405968846003e-06 4.0134663794540783e-05  0.00035283100609028177 0.0019363332479570895 -0.0066355868356597018  6.0543886956221721e-06 0.0001446162021073061  0.001633244373206999 0.00017489303984374871 -0.0033389267647336851  0.00055152416853204711 -0.0029116254785300556 -0.00047222131454705555  -0.55453856402036761 -0.0031338715084075377 -0.001068526938342984 1.4685828777495773  -0.24736431134770101 1.7379294205573388 -20.5690200435929  0.00051253534846648077 -0.0022055311970982316 0.020477392080687197 0.071700481100998567 -0.083065468313787971  1.1515712615195299 -0.015824318038050934 -0.132002026886056 -0.2170539768658557  0.037731478610666613 -0.0038619130912583457 0.055756008383199968 0.026925610568768122  0.00023504084588933335 -0.00042639979382659847 0.00053757218321613405 0.00019652395516747136 0.00024808459661106733  -0.00011350464475439766 0.043870334004132164 -0.042855466656355645 0.033118425624476804 0.016516877272651699 -0.0059797740936957666  -0.025523985040052821 -0.048280981026658766 0.091318779305390771 0.015150645229484639  0.052276409779506143 -0.035383637801552938 -0.087563334056150674 1.03459981724518  -0.024002684479632566 0.026403089383117619 -0.03684293797173268 -0.019288263393382722 0.0022258738223037257 0.056257750429631416  0.87410834922134206 0.00059293599648242441 -0.17195919006088617 -0.24368692807497611  1.7285118196554152e-05 0.0017124920036878377 -0.0018163492376089387 -0.0024623949949701186 -0.00057390523851204029  -0.0019217649204721354 0.0030499207407856501 0.0031836631711200884 0.033159263592610969 -0.21922825707904964 0.13595469907328095  0.0043766010817831939 0.0022994847544562562 -0.010743944191775335 0.025204731783316704 0.047975363328509074 -0.088011256371601121  0.0038216137014757123 -0.0072499125209027687 0.059545094202587738 0.014200370946491604 0.16782115439855261 -0.22598806481018985  0.0070154262223731216 -0.0084244063156831261 0.0083225252042447902 -0.0032357816459125735 0.0082189860022879088 0.020741955874603948 -0.022311993601275049  0.00019537543778907598 -0.0011621691110653531 -0.0015751304347715934 -0.0022241148586978456 -0.00070344044886091334  0.00047804292593612853 -0.0014618033682927134 -0.10588887458355885 0.12816110835777059 -0.083209702142713129 -0.062896790269542188  -0.0030562447629787215 -0.00057240333693524552 0.042017285122169318 -0.0058156985726618877 0.030584170753854778 -0.048638416463845147  0.0015094356437114433 0.40825627055894531 -0.42465440375415259 0.46696642242213787 0.087710575999699364 -0.1094410519347548  0.0014109819710964484 0.1626310496694707 -0.15973623560148767 0.16189732816736538 0.0014194416031371394 -0.0063293160897783807  0.58236189428398577 -0.55847677771662352 0.55584476346521117 -0.09768180347045928 0.0687313687065398  -0.0003271947185226054 -4.3436206877633943e-05 4.3510931886390614 -4.3198097732258249 4.2741957246757014 -0.052686763204405906 0.056172298257138209  -0.0043008740360161116 0.0012278680881963044 -0.066065582109789744 0.11121673570700522 -0.063831635475719392 0.016610382971407489 -0.10270892159560391  0.020105926864867608 -0.021274001628005745 0.012005717988801835 0.022472758257465843 -0.010563324756901693  0.0050306483633860925 -0.0079639597282984195 -0.26892913169936039 0.070088550786948645 0.0025807136954284719 0.10049458582184344  
shrinkage=0.1


Tree=87
num_leaves=31
num_cat=0
split_feature=1 1 1 4 9 4 1 9 1 1 4 9 9 9 8 6 2 3 2 1 3 9 1 8 5 4 1 7 3 4
split_gain=0.319479 0.947163 0.782998 0.685734 0.617419 0.570306 0.554683 0.483627 0.478735 0.922698 0.48089 0.526397 0.699012 1.04129 0.517894 0.497365 0.576204 0.672632 0.807734 0.790203 0.463633 0.452005 0.431798 0.550124 1.14697 1.69513 0.761065 0.625429 1.16625 1.19422
threshold=7.6884552516289064 7.4051916194077991 7.9067313605233123 5.8593596889746626 6.3204042442512467 4.6681339642869872 7.5819744172008852 6.8152292383395157 6.9730746354109483 7.1510934607486316 5.1503930356556173 7.4062930552697512 6.603745375804027 6.0514929658566965 3.0000000000000004 4.8779923633401685 6.1667824194226997 5.156533821539429 5.313452223814064 7.2851637305456958 5.5614724863699605 7.2264807709440779 6.7232311178383295 3.0000000000000004 10.661239656562463 4.945201156493737 6.788408362650876 5.5256137096211768 5.7398052290623438 5.1089666311285624
decision_type=2 2 2 2 2 2 2 2 2 2 2 2 2 2 2 2 2 2 2 2 2 2 2 2 2 2 2 2 2 2
left_child=1 8 -2 4 5 -3 -6 -4 22 -10 11 12 13 20 -13 16 17 19 -19 -15 -11 -9 -1 -24 25 26 -25 28 -26 -30
right_child=2 3 7 -5 6 -7 -8 21 9 10 -12 14 -14 15 -16 -17 -18 18 -20 -21 -22 -23 23 24 27 -27 -28 -29 29 -31
leaf_value=-2.6976960935003611e-06 -0.0014619400589319501 0.0034361828574666306 0.0026878807095567442 -0.0054493975249730806 0.0012691360169200109 -0.0075611145986358127 -0.00020978617987217125 -0.0019108295456805283 -0.0011173089998060745 0.0027448661566019769 0.0015028582021373886 0.004579159300311538 0.0006550756599523872 -0.0032664686424368483 -0.0021711314708962766 0.0012769967618901674 -0.011114003949793793 -0.012260613662268346 -0.0031281726350269206 0.014386089809843162 -0.0017910203483022986 0.0011129277807615128 0.0010229831696593659 0.0010045152071010105 0.0019196142027538051 -0.027811931543376134 -0.0012055952386643325 0.0014980516662433301 0.0015482790186069906 -0.029141642147442328
leaf_weight=1854350 4591 1253 826 169 6801 49 4044 866 11051 558 2132 122 6786 64 1662 167 120 120 502 42 378 1152 9380 2113 85 23 5933 4370 21 32
leaf_count=1854350 4591 1253 826 169 6801 49 4044 866 11051 558 2132 122 6786 64 1662 167 120 120 502 42 378 1152 9380 2113 85 23 5933 4370 21 32
internal_value=0 2.54662e-06 -0.000654238 0.000876674 0.000964688 0.00302231 0.00071766 0.000649615 -3.11953e-06 -0.000449711 0.000133362 -0.000144156 0.000175472 -0.00149269 -0.00170951 -0.00371121 -0.00469356 -0.00363524 -0.00489006 0.00372794 0.000913066 -0.000184681 2.52241e-06 0.00044338 1.11079e-05 -0.000702681 -0.000625187 0.00128874 -0.0053395 -0.0169815
internal_weight=1.91976e+06 1.91233e+06 7435 12316 12147 1302 10845 2844 1.90001e+06 23704 12653 10521 8737 1951 1784 1015 848 728 622 106 936 2018 1.87631e+06 21957 12577 8069 8046 4508 138 53
internal_count=1919762 1912327 7435 12316 12147 1302 10845 2844 1900011 23704 12653 10521 8737 1951 1784 1015 848 728 622 106 936 2018 1876307 21957 12577 8069 8046 4508 138 53
is_linear=1
leaf_const=4.9151857421133569e-07 0.080542738377710074 0 -0.0048027496198770336 0.10250721107352093 -0.017765584707393599 0 0.048598529441301254 0.022819120457423028 -0.0085685887957424722 0 -0.018965351747141312 0 0.0027268878224433026 0 0 0 0 -8.3092167257796969 0.33510723634899481 0 0 0.10311644399946546 0 0 0 0 0 0 0 0
num_features=1 1 3 2 2 3 3 3 2 1 4 2 4 3 4 4 4 3 4 4 4 4 2 2 4 5 4 4 4 6 6
leaf_features=1  1  1 4 9  1 9  1 4  1 4 9  1 4 9  1 4 9  1 9  1  1 3 4 9  1 4  1 4 8 9  1 4 9  1 2 3 9  1 4 8 9  1 4 6 9  1 2 9  1 2 3 9  1 2 3 9  1 2 3 9  1 3 4 9  1 9  1 8  1 4 5 8  1 3 5 7 8  1 4 5 8  1 4 5 8  1 5 7 8  1 3 4 5 7 8  1 3 4 5 7 8  
leaf_coeff=-4.9143968108151743e-06  -0.01055090192821382  -0.013873621033367556 -0.00063994975565499497 0.01840540249660947  0.0013663474735562842 -0.00060560009027126331  -0.018746538907917911 0.0052959540335276506  0.0027927285174925488 4.2579103189110956e-05 -0.00027398355886839589  -0.087391438624209172 -0.0043070585187024333 0.11343934814049704  -0.006990508659459849 -0.00079678781756059309 0.00065307936104015284  0.0025000990989189203 -0.0065133566801769405  0.0010555534530094946  -0.003092298520925141 0.0015410650551202776 -0.00035974383963739698 0.002983518859981871  0.0028124474272747339 2.9601618668051446e-06  0.005903684998835779 0.0009748717394884699 -0.066272113175512001 0.0121685117560844  0.0010485327330307826 -0.00036738236283303388 -0.0013434322664341303  0.05343136422002033 -0.0052351519761689282 -0.00021002072061930834 -0.056702917829233007  -0.0096485980577127872 0.00025582384648870082 -0.027710736097265001 0.023950658595205711  0.0043764388745032084 0.00060888088581279032 -0.0032093366617272248 -0.0022684369232926827  0.02123241599335586 0.012136094137601817 -0.038369949931569641  -0.055778896796404354 -0.0064326842661728278 -0.015962766901414228 1.3900049213050807  0.02115302251836404 0.0059662801333225214 -0.0086656999720865716 -0.075284811919209466  -0.042755793926335176 -0.010053218447842183 -0.023900106660413201 0.078978957986782922  -0.02032794332673156 0.0082088113761465738 0.0012955585701248788 0.016679508407488441  0.0060210822205527762 -0.020902456934456384  0.0032817937398972319 -0.010721433420203397  0.0032733505150645218 0.0024236047832164598 -0.0011765178009991552 -0.0051305485119371502  -0.0063492401050311287 -0.00034125215688018409 0.00056855198057133023 0.074960631669915762 -0.092578813235326157  -0.44769689501547422 -0.057202043876429798 -0.093752327090285803 1.0842903120652865  -0.0032364116988073733 8.4873899345319633e-06 1.0520671882981171e-05 0.0052550556307046749  0.0055205358515319604 0.00084329873487042355 -0.0032683371442111309 -0.0068362735750525875  -0.062054348305966484 0.051407291416155944 0.041258223414887857 -0.024948226867991252 0.040577229537804273 -0.009459958298526772  -0.28142393182207853 -0.029545233273432815 0.015341902530576591 0.043258894027744077 0.20918398596604676 0.089971625266662164  
shrinkage=0.1


Tree=88
num_leaves=31
num_cat=0
split_feature=4 4 9 4 4 4 1 9 9 1 1 1 6 6 9 1 7 9 9 3 4 4 9 9 4 6 9 7 7 4
split_gain=0.2921 0.678106 0.416629 0.384211 3.61174 3.44389 1.50596 1.17254 1.02372 0.529413 1.4747 0.753815 0.570299 0.683354 1.29264 0.458687 0.454978 0.449544 0.448091 0.500754 0.440492 1.3219 0.538489 0.634851 0.440105 0.780684 1.1541 0.915299 1.50416 0.738067
threshold=6.8992188208074312 6.7099137248553644 6.8867037674719667 6.1081352352533109 6.0879098011795767 6.2275238364393255 5.8791343840901709 6.4132755050809012 6.679421601977551 5.8791343840901709 5.4138732270297307 6.2643497376646673 5.7795175494447024 6.1887884922552745 7.502841491485758 2.0126758453675748 5.72624194839356 6.3204042442512467 6.9534033917656322 5.4985923353985831 5.9282575846801535 5.9545403518763083 6.9534033917656322 6.3204042442512467 5.5510178349084196 5.8084808663851017 6.3204042442512467 5.6729460361374562 5.5775076527351244 5.5154408213148463
decision_type=2 2 2 2 2 2 2 2 2 2 2 2 2 2 2 2 2 2 2 2 2 2 2 2 2 2 2 2 2 2
left_child=1 3 -3 4 20 6 -5 -6 -9 10 12 -11 -7 16 17 -10 -14 -15 19 -8 24 22 23 -22 29 26 27 28 -26 -1
right_child=-2 2 -4 5 7 9 18 8 15 11 -12 -13 13 14 -16 -17 -18 -19 -20 -21 21 -23 -24 -25 25 -27 -28 -29 -30 -31
leaf_value=-1.6069785918831644e-06 -0.0017853114282199911 -0.0036154726291827578 0.0016783940089260764 -0.0024378445979387178 -3.5942996212701554e-05 0.0020321608843683089 0.0082493360852664479 0.0051517273870802047 0.002169727938991753 0.0055869407418383471 -0.0069067671486271222 0.00078019436936894581 -0.00047251198619101736 0.0017563083599990662 0.025923018343746662 -0.001845682491908739 0.0019417716025094862 0.0002602994314542216 0.00035128063291584683 -0.00203862215162936 -0.00023639597017818248 0.00025110906929993684 -0.00069698330572645921 -0.0029246384403846821 8.7785134217827716e-05 0.00040963623705891775 -0.00034956179296644909 0.0064220528797072881 -0.011671521344617235 -0.00068188136271639399
leaf_weight=1755520 916 156 3161 8516 2431 1481 161 1211 6272 398 302 1810 18479 2362 20 298 815 13427 1090 67 1266 13970 8019 2870 185 51216 6925 59 264 16095
leaf_count=1755520 916 156 3161 8516 2431 1481 161 1211 6272 398 302 1810 18479 2362 20 298 815 13427 1090 67 1266 13970 8019 2870 185 51216 6925 59 264 16095
internal_value=0 8.54932e-07 0.00142942 -1.61883e-06 5.6321e-06 -0.000278241 -0.00195101 0.00188111 0.00248005 0.000142539 5.25045e-05 0.00164663 0.000109953 2.8855e-05 0.000516282 0.0019876 -0.00037053 0.000484099 0.00119458 0.00522612 -4.6849e-06 -0.000412406 -0.001175 -0.00210179 1.13487e-06 0.000270645 -0.000687052 -0.00528768 -0.00682637 -7.78722e-06
internal_weight=1.91976e+06 1.91885e+06 3317 1.91553e+06 1.8666e+06 48928 9834 10212 7781 39094 36886 2208 36584 35103 15809 6570 19294 15789 1318 228 1.85639e+06 26125 12155 4136 1.83026e+06 58649 7433 508 449 1.77162e+06
internal_count=1919762 1918846 3317 1915529 1866601 48928 9834 10212 7781 39094 36886 2208 36584 35103 15809 6570 19294 15789 1318 228 1856389 26125 12155 4136 1830264 58649 7433 508 449 1771615
is_linear=1
leaf_const=-2.9244354889423935e-06 0.45134500207059319 -0.030424748418704441 0.072936760390757624 -0.038821975273083356 0.24867547861697403 0.089150137995881104 -0.13403001417082125 -0.22847412229020847 0.024826936626777752 -0.010104545399173048 0.068329646546283138 -0.024059953945608115 0.010481361895023156 0 6.7015593135030942 -0.18952432326950658 -0.13266823279570872 -0.016500559973888329 -0.056158000328298388 -0.33032182015792844 0 0.029447972666171298 0.27809275456174876 0.46669469418047815 0 0.015351375887266273 -0.018107201670803975 0 0 0.077179176869913144
num_features=1 1 2 2 2 2 3 4 2 3 2 2 2 4 4 3 3 4 3 3 4 2 1 2 2 4 2 3 4 4 1
leaf_features=4  4  4 9  4 9  1 4  4 9  1 4 6  1 3 4 9  4 9  1 4 9  1 4  1 4  1 4  1 4 6 7  1 4 6 9  4 6 9  1 4 9  1 4 6 7  4 6 9  1 4 9  1 3 4 9  4 9  4  4 9  4 9  4 6 7 9  4 6  4 6 9  4 6 7 9  4 6 7 9  4  
leaf_coeff=4.5828818716918398e-07  -0.065399162241055825  0.0011799273863545069 0.0030268369864153268  -0.005953218849296605 -0.0042358034483195974  0.00014558664928641664 0.0058772305475201852  -0.043891165561019824 0.0031397030694332835  -0.0013331324983342774 -0.0050049552635330844 -0.0095998530111963028  -0.0055363064913156457 -0.00053308134112458054 0.020236791106265174 0.0088877653721290539  0.011755862483005331 0.02432547416540274  -0.00094752313996657742 -0.005981170063296304 0.0018940090394831801  -0.010346580629190428 0.012301948382851081  -0.010191960181768068 -0.0027014878162624715  -0.00072470953846206501 0.004661595967809129  -2.8113283725558076e-05 7.7927675960243198e-05 -0.0012329437478890704 -0.00071282787291409026  -0.0011640976261751202 -0.0016436192051717314 -0.007275345259960631 0.0098394692435761055  -0.12512195496381082 0.0091146500661864142 -0.79020256155927204  0.0012669245334577584 0.031877840225934054 -0.0019256726338422682  -0.00041695743636217532 -0.019492187575248288 0.0065361076384643727 0.038257902403466916  0.00065680762135518218 0.0016576465076904247 0.0003025670101432048  -0.0018676512462324159 0.0065567828744015344 0.0038577069578977332  -0.0056118700890067878 -0.0099993655138504792 0.053746981462907684 0.014817600801554543  -0.036186027281115689 0.036519007905155831  -0.0048454395747471683  -0.046999908682573734 0.00010190188368590647  -0.07702312655974311 -0.0017552407458275355  -0.0042901763022732964 0.024268588496462865 0.04775032211376562 -0.064023136916684556  -0.0031021731047793824 0.00047221535984038888  0.00038655687144546481 0.0044040627131952453 -0.0013499779455766359  -0.0066427620488894949 -0.040807477413090966 -0.14929336508416782 0.19253630370299107  -0.050172926301416967 -0.08886406060410082 -0.083090584661408687 0.21340152623670294  -0.014049255662791894  
shrinkage=0.1


Tree=89
num_leaves=31
num_cat=0
split_feature=6 0 5 6 9 5 5 1 1 1 4 5 1 4 0 1 4 4 4 7 5 6 4 9 4 4 9 4 7 4
split_gain=0.289563 0.725625 0.624218 0.593331 0.81167 1.70021 1.77058 1.03513 0.822863 1.36803 0.780683 0.776211 0.647004 0.583575 0.571479 1.18935 0.565987 0.555337 0.547181 1.61925 1.36835 0.753222 0.999355 0.85304 0.650265 0.598807 0.578043 0.546388 0.593496 0.541687
threshold=6.0955037327050023 1.0000000180025095e-35 11.153783193736913 5.8164651897407635 6.0514929658566965 10.497628982219164 12.481632157775154 3.0677824455408698 3.7494348669884658 5.6401308701359305 6.462248816637195 11.577917008082521 6.9730746354109483 5.3636340903656388 1.0000000180025095e-35 3.7012257604091228 3.3842466058243152 5.5702492679694311 4.516324041782946 5.6213530003044605 10.791893079017511 6.0038962119703276 5.344720891341141 7.2264807709440779 6.6463896715344877 6.1081352352533109 7.4017270095492984 2.8617925509761908 4.5642044942525155 5.6954128126540526
decision_type=2 2 2 2 2 2 2 2 2 2 2 2 2 2 2 2 2 2 2 2 2 2 2 2 2 2 2 2 2 2
left_child=3 -2 -3 -1 5 8 7 13 -5 -10 -8 -9 -11 -7 18 -16 -17 -15 27 24 -21 22 23 -22 -20 29 -27 28 -6 -24
right_child=1 2 -4 4 14 6 10 11 9 12 -12 -13 -14 17 15 16 -18 -19 19 20 21 -23 25 -25 -26 26 -28 -29 -30 -31
leaf_value=-3.6508054136498131e-05 -4.3385774031275807e-05 -0.00065223099635326265 -0.0058336694267089083 -7.8304659767253472e-05 0.0009573805991832413 0.0029975200610226605 -0.01860129992581076 0.003960548111352844 0.0037856542342308121 -0.00021485728470147159 -0.0032072376402229375 0.013114575713872909 0.0057798151009289239 -0.00073468133829489443 -0.00079771559502230015 -0.00061509492650433577 0.00015703558558783102 0.0016768384394247036 -0.0005673116921396463 -0.00023518812258498524 -0.00037159072538772416 -0.00012222957762395717 0.0010612809962556797 0.00085125440485175018 0.00093076851758061682 0.0012127891791403169 -0.0015407490999511967 0.00028064804952119773 -3.6197355819836806e-06 0.0023303528719023918
leaf_weight=765051 488434 15708 236 22659 6702 2093 36 1257 1569 2891 388 100 192 1336 22318 11237 61185 3348 52131 41180 10029 13216 7585 13230 3068 1881 1282 207072 156305 6043
leaf_count=765051 488434 15708 236 22659 6702 2093 36 1257 1569 2891 388 100 192 1336 22318 11237 61185 3348 52131 41180 10029 13216 7585 13230 3068 1881 1282 207072 156305 6043
internal_value=0 -6.50565e-05 -0.000728926 2.31864e-05 9.3411e-05 0.000555803 0.00178571 0.00211411 0.000170406 0.00138183 -0.00451428 0.00463513 0.000158473 0.00160932 6.64191e-05 -0.000159458 3.72318e-05 0.00098901 0.000107594 -5.37659e-05 0.000197712 0.000532388 0.000748404 0.000323978 -0.000484047 0.00133632 9.67487e-05 0.000172841 3.58916e-05 0.00162402
internal_weight=1.91976e+06 504378 15944 1.41538e+06 650333 35869 8558 8134 27311 4652 424 1357 3083 6777 614464 94740 72422 4684 519724 149645 94446 53266 40050 23259 55199 16791 3163 370079 163007 13628
internal_count=1919762 504378 15944 1415384 650333 35869 8558 8134 27311 4652 424 1357 3083 6777 614464 94740 72422 4684 519724 149645 94446 53266 40050 23259 55199 16791 3163 370079 163007 13628
is_linear=1
leaf_const=3.5008844848022969e-05 -0.0010029070711524591 0.016230527288283982 0.1534064065713352 0 0.0093431440406320128 0 0 0 0 0 0 0 0 0 0.010028856076094429 -0.0018369025284407316 0.020174042042918575 0 -0.0085756401785332063 -0.0016562181321845061 0.0026765337871452743 -0.014834388381659382 0.014543965026251727 0.0877110543519109 0.13731012923037725 -0.054113035274275495 -0.22686171615816875 -0.001698749931734156 -0.0057239552354158181 0.070797376585039734
num_features=1 1 3 3 4 4 5 3 4 4 4 4 4 4 5 4 5 5 5 4 5 5 5 5 5 4 5 5 3 4 5
leaf_features=6  6  0 5 6  0 5 6  1 5 6 9  4 6 7 9  1 4 5 6 9  5 6 9  1 5 6 9  1 5 6 9  1 5 6 9  4 5 6 9  1 5 6 9  1 5 6 9  1 4 5 6 9  0 1 6 9  0 1 4 6 9  0 1 4 6 9  1 4 5 6 9  4 6 7 9  4 5 6 7 9  4 5 6 7 9  4 5 6 7 9  4 5 6 7 9  4 5 6 7 9  4 6 7 9  4 5 6 7 9  4 5 6 7 9  4 6 9  4 6 7 9  4 5 6 7 9  
leaf_coeff=-1.5847796134040331e-05  0.00014800145576031703  0.00011609922694105491 -0.00025171102546296122 -0.0023577653539173407  0.0012196333895517332 -0.0028839568367861283 -0.020410392599081107  -0.00016823915444611552 -0.00035844897114976063 0.00019835216067390916 0.00034015130961240203  -0.001195969424075466 -8.3161542216103609e-06 0.00020380566033740763 -0.0010161518980188356  -0.00026959975399358792 0.045002607127464955 -0.040808200220212143 0.035116902396337933 0.0026869778962563375  -0.58501293697881918 0.83960232257522882 0.37296139073569068  -0.00027852421226221561 -0.001362820821524835 0.0087807797444227741 -0.0053291167178201706  0.0024474257575539007 0.0024066407891948031 -0.0023684261589124846 -0.0028378550870243658  0.0008417500854641575 0.0010768491644204535 0.0023183216030661759 -0.0050276950224424251  107.03554089637474 -106.9339381360449 107.15104486001655 -0.4056340679788264  -0.0024354741016521797 0.011748826146785518 -0.026088958501799198 0.0070886249251316258  -0.00062616911828961008 0.0006176319324278257 0.0085648839296617041 -0.0079480466706414177  -0.0024952203010614907 0.020904020066087627 -0.026346728391329146 0.041243031317560158 -0.010161195502520926  -0.00078276304696029981 0.00014440242663762149 -0.0021019974627062509 0.00025472765675427222  -0.00070157520714345676 0.00011872405629216251 0.00024983759333563896 0.00039767871794387237 -0.00027660353047350707  -0.00016747102283340816 3.3816987447834664e-05 -7.0534785336100891e-05 -0.003269993009691996 -4.3905781339485808e-05  0.00084544348707488171 -0.0092702643407505999 0.0082948697345635487 -0.01462776407356401 0.0077077227545832017  -0.00014658614557977456 -0.0019492884537513078 0.0034380304077650694 0.00017398077226565833  -0.12276044061994958 0.12253192092977666 -0.12337102605388735 0.0021429563580838808 -0.00040321410529207404  -0.0768398438585539 0.072652542709827905 -0.075135284883964107 0.0066654524917807217 -0.00062311711676619206  -0.091754847369859602 0.091526657025032737 -0.096478231228633513 0.0095337799233941485 -0.001084783033490669  -0.17357490405475443 0.16918730870274176 -0.18263421540375335 0.016347707274549528 -0.00019338859306228251  -0.26425184697060106 0.26089667392108001 -0.26992891746165454 -0.0037340749742224236 0.0010648657290727394  -0.013578251587611235 0.00023269637368699138 -0.0049362900347368569 -0.0024741508906902967  -0.021560193257801036 0.027980010567225124 -0.047621137454445163 0.023022124768066733 4.241215891746114e-05  0.32193542353158766 -0.31440766367270501 0.31430556060363701 -0.0050763191006190315 0.027416215494037034  -0.00011644704893401456 0.00042497667302670021 -1.7884083770774995e-05  0.00010821081414974046 0.00066866492361899012 -8.6199034325281894e-05 0.00027223446657526914  -0.24847446847574375 0.24418984283504025 -0.25368753617646433 0.0023139330329129851 0.00021493051664941423  
shrinkage=0.1


Tree=90
num_leaves=31
num_cat=0
split_feature=3 1 2 9 4 4 1 2 6 3 7 9 1 3 1 4 9 9 1 1 4 8 9 1 6 1 9 2 2 9
split_gain=0.287687 0.689766 0.62125 0.603145 0.64767 0.497168 0.718601 0.741473 1.16645 1.49507 0.670741 0.542389 0.716229 0.577595 0.487177 0.534274 0.856397 0.519114 0.477233 0.467014 0.675259 0.721981 0.443924 0.440714 0.432018 0.421937 0.445401 0.421129 0.388116 0.387711
threshold=5.5614724863699605 7.2060062339413085 5.6666429043320186 6.3204042442512467 4.6395599436855051 5.0845003501084243 7.4268466029029616 5.3622697593612889 5.8417769839390283 5.6932230641542239 5.630806175824012 6.603745375804027 6.9072550288153467 5.8672042339437231 6.9730746354109483 0.89587973461402759 6.603745375804027 6.0514929658566965 7.5819744172008852 6.7339967759051547 4.863673427408628 3.0000000000000004 6.3204042442512467 6.788408362650876 5.8214688415981817 6.7782157456601473 6.603745375804027 4.9384228957948464 6.6428126404143049 7.2264807709440779
decision_type=2 2 2 2 2 2 2 2 2 2 2 2 2 2 2 2 2 2 2 2 2 2 2 2 2 2 2 2 2 2
left_child=1 14 5 4 28 11 7 8 9 -7 -11 12 -2 -14 19 16 17 -16 27 -1 21 25 -17 -23 -6 26 -21 -5 -3 -22
right_child=2 3 -4 18 24 6 -8 -9 -10 10 -12 -13 13 -15 15 22 -18 -19 -20 20 29 23 -24 -25 -26 -27 -28 -29 -30 -31
leaf_value=-1.6183232402898427e-06 0.00055394757842109135 0.0031863284622620116 7.79296724246417e-07 0.0043681346939189901 -0.0083994117218214245 -0.0054466843634382598 -0.010131985667474761 -0.00060699985690244353 -0.0015279349196561393 -0.013561477795952842 -0.037203627059768353 -0.00026400024400251076 -0.0033097351200322522 -0.016735322875760947 -0.0014429517882566876 0.0044413212099767658 -0.00068398360223211106 -0.0055922216213330992 -0.00023376621777201429 0.0032071358813015455 0.0037433454019192821 0.001074755662548557 -5.6002443960430678e-05 -0.0010394973792923262 0.0041569334082305438 0.0013525865382501066 -0.0017367046532015522 0.00075445153663463566 -0.0091344798592707301 0.0011751885585243459
leaf_weight=1843715 607 1536 23633 334 87 92 116 1075 243 21 28 7484 1107 33 558 236 4387 656 6399 227 858 1265 3136 4469 40 5246 924 9357 26 1867
leaf_count=1843715 607 1536 23633 334 87 92 116 1075 243 21 28 7484 1107 33 558 236 4387 656 6399 227 858 1265 3136 4469 40 5246 924 9357 26 1867
internal_value=0 5.23418e-06 -0.000286419 0.00062516 0.00242287 -0.000914528 -0.00255664 -0.00195435 -0.00572624 -0.0129616 -0.0270713 -0.000634349 -0.00222089 -0.00369837 -6.67511e-07 -0.000735737 -0.00133446 -0.00368506 0.000436451 2.88134e-06 0.000561315 0.000241779 0.000258757 -0.000573064 -0.00444466 0.00097217 -0.000761681 0.000878997 0.00298124 0.0019838
internal_weight=1.91976e+06 1.88532e+06 34439 17779 1689 10806 1575 1459 384 141 49 9231 1747 1140 1.86754e+06 8973 5601 1214 16090 1.85857e+06 14856 12131 3372 5734 127 6397 1151 9691 1562 2725
internal_count=1919762 1885323 34439 17779 1689 10806 1575 1459 384 141 49 9231 1747 1140 1867544 8973 5601 1214 16090 1858571 14856 12131 3372 5734 127 6397 1151 9691 1562 2725
is_linear=1
leaf_const=9.5485127535211723e-07 -0.065427730553252059 0 0.003382275585875684 0.073974420368574559 0 0.15392783318945932 -0.28944039184259512 0.015889376401687371 0.044882401413917708 0.17587409341103921 -2.8604086335428294 -0.007653219534578426 -0.0042664562671518528 0.80297865214406561 0 0 -0.080021041438457993 -7.4185778993181888 -0.0096545219334663659 0 0.092201654535324459 0 -0.03140203519195648 0 0 0 0 -0.02547638134831445 0 -0.057871546085144138
num_features=2 5 5 2 4 5 5 4 4 5 6 6 4 5 5 3 4 3 3 3 5 4 4 4 4 5 4 5 4 5 4
leaf_features=1 3  1 2 3 4 9  1 2 3 4 9  2 3  1 2 3 9  1 3 4 6 9  1 2 3 4 6  1 2 3 4  1 2 3 4  1 2 3 4 6  1 2 3 4 6 7  1 2 3 4 6 7  2 3 4 9  1 2 3 4 9  1 2 3 4 9  1 3 9  1 3 4 9  1 3 9  1 3 9  1 3 9  1 3 4 8 9  1 3 4 9  1 3 4 8  1 3 4 9  1 3 4 8  1 3 4 6 9  1 3 4 8  1 3 4 8 9  1 2 3 9  1 2 3 4 9  1 3 4 9  
leaf_coeff=-1.6320737809333055e-05 3.9885823029723938e-05  0.0058388350241806997 0.00039842071173552541 0.0012331668753370552 -0.00036997384017396724 0.0030216812582210539  -0.0019530580311589941 1.2706063467016193e-05 -0.00066734139227646598 -0.00036363512436672597 0.0036498115069114158  -2.0913955433016328e-05 -0.00056367709611917236  -0.0031892979306402227 -0.010482112249342458 0.00030326839660219654 0.00039658516250105084  -0.030968240245313441 -0.0058937549441228755 -0.0017019251923021672 0.031053935052480244 0.014289893228792039  -0.011682533039224108 -0.021416539229002041 0.0024006474876699714 -9.3955726707806172e-05 0.003472244428733973  0.021428936352502606 0.008036703838378045 0.0049781918209994558 0.0077480516231368318  0.0033377593203818392 0.0091579947952048716 -0.015044181009352675 -0.00070977116637401254  -0.0065426022641507601 0.0024468334778552149 -0.0041589969018515308 -0.00044546860632566077 0.0019507394426497627  0.026451959339254927 -0.021779717342366212 0.1306872491673218 -0.0018684583464448679 0.40220738805542738 -0.5922429956475298  -0.20621829217319032 -0.24241424946857251 0.87574348851321704 0.072006927345665869 -0.35219678867388216 0.36775343530630383  -0.00053493258942783901 0.0014107386838737137 -5.1600886771858805e-05 0.00032854025189388574  0.0026912636028763263 0.010418856016618783 -0.0048182921180419669 0.0010704408258464283 -0.008014873743608408  0.0098365072973379611 0.039295997026971466 -0.15164705699520484 -0.010949732783182632 -0.033741893086490872  -0.0099891126543404599 0.00075280713682188973 0.011117219995693262  0.0060251330724085507 -0.0013917699867043278 -0.0010885630264037883 -0.0044911298694287893  0.010981287467192048 0.00015099390016361653 0.00010954531074264251  -0.012653923933228839 -0.00057835567316821823 1.1824832594385952  0.0016615145205917379 -0.0013103951533739362 0.00048080846126301037  0.0015057122681915837 -4.0671789089688493e-05 -0.00082891871552393393 0.0018780778342129879 -0.0014874040149646551  -0.01653521154801325 -1.5562560653294838e-05 0.0021216940279262355 0.0019710965133969307  -0.030101302804251873 -4.6307887687292022e-05 -0.00033395419059576993 0.051316512121280772  0.0054527149144664947 -0.00022083868425535163 0.00040629587871886881 -0.001139629663300161  -0.0016565031768642768 0.00013794577130163966 6.4380710417001028e-05 0.0024324599866083932  -0.0097502283046409857 -0.0040695014783543983 -0.00048862294069897951 -0.029037093641426284 0.04572746341830794  -0.0090538082357156224 -2.5759813201652049e-05 2.6719621615571913e-05 0.03182543500184494  0.029421800745122951 -7.3108120933484261e-05 0.00079484599416963786 -0.095472280470568993 -0.0013693377287945286  0.0042807090023218031 -0.00077427672923504058 5.1950260697070098e-06 -0.00013863281291337515  16004.708374023438 -16014.446838378906 -0.0043484870231623061 0.0045426255775964817 -1871.0704357147217  0.0060042198994313626 0.0001064263693031288 0.00078086461710986661 0.0017610878910115702  
shrinkage=0.1


Tree=91
num_leaves=31
num_cat=0
split_feature=8 4 4 0 4 4 4 6 2 4 4 4 5 9 7 9 7 6 9 6 9 6 4 9 6 6 3 7 9 7
split_gain=0.274809 0.456874 0.79364 2.74592 0.847208 1.44667 1.2709 1.02216 0.919225 0.869386 1.03213 0.86021 0.904734 1.41666 0.808462 1.70592 0.81223 0.793366 1.22583 0.778139 0.689212 0.68492 0.651447 1.09387 0.794681 0.676743 0.643346 0.631225 1.18221 1.98722
threshold=3.0000000000000004 3.2384861814448418 3.6762205501217919 1.0000000180025095e-35 4.1820210059610323 4.516324041782946 4.863673427408628 6.8070436626251576 2.4091317007244002 5.0139575654555903 4.9732735209982879 4.0163424379838117 11.073807908447662 6.603745375804027 5.3846154514804363 6.3204042442512467 5.0604776127735365 5.6003751013832401 6.3204042442512467 6.6783673835575836 7.426586118395897 5.7272202484528396 5.3008111373035574 6.679421601977551 5.8058013918786537 6.2998802405295224 6.0457501821839914 5.7387779198706923 6.3204042442512467 5.8799708417369372
decision_type=2 2 2 2 2 2 2 2 2 2 2 2 2 2 2 2 2 2 2 2 2 2 2 2 2 2 2 2 2 2
left_child=-1 -2 3 19 11 7 8 -6 21 10 -8 20 13 14 15 16 -13 18 -11 -3 -4 -7 23 24 -19 -24 -25 -27 29 -29
right_child=1 2 4 -5 5 6 9 -9 -10 17 -12 12 -14 -15 -16 -17 -18 22 -20 -21 -22 -23 25 26 -26 27 -28 28 -30 -31
leaf_value=4.3545760767685397e-05 -0.00011784514988838161 0.00042360957266503733 0.00018223275258024912 -0.0014505795842424626 0.00032602569671653421 0.00031313901353244539 0.00020272299362225459 0.002194812552669804 0.00034559860847469112 -0.0073080691320570063 0.0013756675495887984 0.0023062863542387883 0.001453238702214935 -0.00044214473504529216 -0.0017758014967146293 0.0010785110243435563 -0.016573806810479815 0.0019336937227709542 -0.00089574836663391965 0.0017170807300962881 -0.0005158060653857006 -0.00050806109923273854 8.7433805920628082e-06 -0.00056666508596338913 8.2139101659333127e-05 0.00057807836404189157 -0.013941005688846216 -0.0069020016892546625 0.00057546132121424572 0.0016669754659136137
leaf_weight=825875 400872 65069 38762 7900 89311 11330 29739 3026 18141 329 10033 27 1843 24019 7644 145 146 2749 3177 5009 22272 98055 159902 38828 14786 37647 36 679 1961 450
leaf_count=825875 400872 65069 38762 7900 89311 11330 29739 3026 18141 329 10033 27 1843 24019 7644 145 146 2749 3177 5009 22272 98055 159902 38828 14786 37647 36 679 1961 450
internal_value=0 -3.28723e-05 1.628e-05 0.000316822 -2.18245e-05 2.82948e-05 -4.91789e-05 0.000387268 -0.000313666 6.31327e-05 0.000498613 -0.000296667 -0.000701186 -0.000825341 -0.00198133 -0.00692177 -0.0136272 -3.3434e-06 -0.00149747 0.000516064 -7.24895e-05 -0.000423002 1.70366e-05 -0.000283234 0.000372411 0.000101442 -0.000579054 0.000465304 -0.000908686 -0.00348655
internal_weight=1.91976e+06 1.09389e+06 693015 77978 615037 520179 427842 92337 127526 300316 39772 94858 33824 31981 7962 318 173 260544 3506 70078 61034 109385 257038 56399 17535 200639 38864 40737 3090 1129
internal_count=1919762 1093887 693015 77978 615037 520179 427842 92337 127526 300316 39772 94858 33824 31981 7962 318 173 260544 3506 70078 61034 109385 257038 56399 17535 200639 38864 40737 3090 1129
is_linear=1
leaf_const=0 0 0 0 0 0 0 0 0 0 0 0 0 0 0 0 0 0 0 0 0 0 0 0 0 0 0 0 0 0 0
num_features=1 2 3 3 3 3 4 2 3 3 3 2 4 3 4 5 4 4 4 4 3 3 4 3 5 4 4 5 4 5 4
leaf_features=8  4 8  4 6 8  4 8 9  0 4 8  4 6 8  2 4 6 8  4 8  4 6 8  2 4 8  4 6 9  4 8  4 5 7 9  4 5 8  4 5 8 9  4 5 7 8 9  4 5 7 9  4 5 7 9  4 6 8 9  4 6 8 9  4 6 8  4 8 9  2 4 6 8  4 6 8  3 4 6 8 9  4 6 8 9  4 6 7 8  3 4 6 8 9  4 6 7 9  4 6 7 8 9  4 6 7 9  
leaf_coeff=2.1772879413498234e-05  -9.3648766201703777e-05 1.3304344342389333e-05  0.00030392947674333652 0.00017533813354686512 -0.00041628960570934127  -0.001090386167772514 0.0002974575996469914 0.00047786052293772728  0.00050487493024612415 0.0026565431446523569 -0.0027763050343692533  0.0011224603145493894 -0.00036780519950007365 -0.00059898297499545456  4.389529909316244e-05 -0.0008119528098870177 -0.0032478302527989555 0.0055774692768213903  0.002615630655917656 -0.0031642359773599083  0.0012097027913327452 0.0019720515245509776 -0.0042153399401655637  -3.056668399064634e-05 0.0039701730415852236 -0.0045469629676899046  0.0056553988478548868 0.029477824550355081 -0.03436530142558638  0.01723861787468195 -0.021179008576098113  0.029831938271536275 -0.01101192299225744 0.060854348433895214 -0.055007277155641535  -0.017104649298750021 -0.0022191576346280331 0.02436323557152207  -0.00017589247812665326 0.00028393703520452826 -0.0014122095322534169 0.00042726076441181873  -0.0074134718004263082 -0.0016043870988065902 -0.0029099542379778633 0.016550597840504857 -0.00068390655881032112  0.0083317982203872983 0.00014275484189336108 -0.0035352479243905056 -0.002537990352396591  -0.018874187884102868 -0.0090149813583380485 -0.0083254751663886847 0.03217939879969265  -0.0059152010060671278 0.002206077216256186 0.009565157019412485 -0.002879444809478349  -0.0011703760762742294 -0.0025090353890248164 0.009874085368023611 -0.0027780540050009852  0.00042282605077836877 -0.00046642148736220079 0.00086550405320871002  -0.0014218085119274415 -0.0032795738969817025 0.0024155794454049587  -0.00013749925283396806 9.8725324874315845e-05 -0.00024944347097498597 0.00013465516702879655  -8.2843741082973057e-05 -0.00037209821191285224 0.00068325325262627926  0.00013957426660243211 -0.0024123827950116084 -0.0010824633301201286 0.0028695640648293665 0.00092874523099676374  0.0044819756379298409 -0.0012795136860859339 -0.00083612546471309728 -0.0018085451813679933  -5.7463076396924162e-05 0.0001029923658998122 -0.0007990150300344113 0.001181309892181659  0.16236502971209463 0.044028833889904098 0.10641988795216371 -0.47932655441439637 0.0089023769472468938  0.0082730117909427751 0.015881495967001946 -0.040488957666559605 0.013157648247158704  -0.00038334794791263958 -0.00054432722005021692 -0.00034269101382867763 0.0031407072484823662 -0.00061363351199670299  -0.040768808247742074 -0.00073478300772853453 -0.00070512846792780692 0.03909534602199756  
shrinkage=0.1


Tree=92
num_leaves=31
num_cat=0
split_feature=1 1 1 4 9 9 9 4 1 9 6 9 1 9 5 8 4 1 1 9 5 8 4 1 1 9 9 9 9 1
split_gain=0.264483 0.681201 0.603871 0.501274 0.434459 0.405689 0.394523 0.379263 0.376194 0.691318 1.87502 1.36782 0.582705 1.09695 0.546771 0.526981 0.696495 0.434923 0.372819 0.368522 0.322822 0.301844 0.487499 0.43593 0.409828 0.291727 0.290918 0.927266 1.01988 0.508311
threshold=7.6884552516289064 7.4051916194077991 7.9067313605233123 5.8593596889746626 6.3204042442512467 7.3756466158109815 6.8152292383395157 4.6681339642869872 6.8971996373756754 6.603745375804027 5.5621979491835729 6.0514929658566965 6.7575134468376428 6.679421601977551 9.1670674583797176 3.0000000000000004 4.5591125415341898 7.0470822496030268 7.5819744172008852 7.2264807709440779 11.114363968622387 3.0000000000000004 5.2548844000372066 6.788408362650876 6.7996129651804988 6.9534033917656322 7.4062930552697512 7.2613120023025006 7.360858917374812 7.2060062339413085
decision_type=2 2 2 2 2 2 2 2 2 2 2 2 2 2 2 2 2 2 2 2 2 2 2 2 2 2 2 2 2 2
left_child=1 8 5 4 7 -2 -4 -3 12 10 11 14 -1 -14 -10 -11 17 25 -6 -8 -16 24 23 -23 -15 -17 27 -19 -29 -28
right_child=2 3 6 -5 18 -7 19 -9 9 15 -12 -13 13 21 20 16 -18 26 -20 -21 -22 22 -24 -25 -26 -27 29 28 -30 -31
leaf_value=-1.4241861329820118e-06 -0.001547334865218678 0.0028824204572536335 0.0023907175625048887 -0.0046650870725203899 0.0010637772899395402 0.0023357187266354463 -0.0017623745658871552 -0.0060857133193853866 -0.00023798605723903614 0.00045986614488333034 0.0016794767128067304 -0.0043255018736555123 0.0022085864144354788 -0.00086122391158348875 -0.013314492126496939 -0.0042266901900122264 0.00027474830847591436 -0.00072621007269410294 -0.00014869446743418548 0.00096790388258038247 0.00091360435699639115 0.0010448798259001285 0.0012219418829854489 -0.0014885296084252439 0.0014813259077738495 -0.0016111705149154344 -3.5581430054089145e-05 0.01020460325210349 0.00092680326371050593 -0.0032677798682836574
leaf_weight=1857494 4304 1253 826 169 6801 287 866 49 1812 9390 1458 2027 3425 1047 52 516 6672 3109 4044 1152 23 869 1422 3110 2605 2457 1034 168 402 919
leaf_count=1857494 4304 1253 826 169 6801 287 866 49 1812 9390 1458 2027 3425 1047 52 516 6672 3109 4044 1152 23 869 1422 3110 2605 2457 1034 168 402 919
internal_value=0 2.31663e-06 -0.000595271 0.000743626 0.000818877 -0.00130459 0.000549768 0.00254491 -2.48859e-06 -0.000353566 -0.00138155 -0.00252181 3.15107e-06 0.000684231 -0.000584299 -0.00012969 -0.000492061 -0.00108662 0.000611658 -0.000203762 -0.00895121 0.000107525 -0.000367288 -0.000935242 0.000809735 -0.00206513 -0.000570085 -4.64362e-05 0.00366131 -0.00155652
internal_weight=1.91976e+06 1.91233e+06 7435 12316 12147 4591 2844 1302 1.90001e+06 30039 5372 3914 1.86997e+06 12478 1887 24667 15277 8605 10845 2018 75 9053 5401 3979 3652 2973 5632 3679 570 1953
internal_count=1919762 1912327 7435 12316 12147 4591 2844 1302 1900011 30039 5372 3914 1869972 12478 1887 24667 15277 8605 10845 2018 75 9053 5401 3979 3652 2973 5632 3679 570 1953
is_linear=1
leaf_const=7.5677377553462089e-07 0.076697583609274034 0 -0.0043118676115046382 0.088972957349687937 -0.013525535616508932 0.15332754777223273 0.021933299630597959 0 0 0 -0.029409251492771207 -0.30815316437219736 -0.036498919922462396 0 0 0 0 0 0.045388655792616819 0.093812031192226197 0 0 0 0 0 0 0 0 0 0
num_features=1 2 3 2 2 3 2 2 3 4 3 3 3 2 3 4 4 4 4 3 2 4 4 4 4 3 4 4 3 4 4
leaf_features=1  1 9  1 4 9  1 9  1 4  1 4 9  1 9  1 9  1 4 9  1 5 6 9  1 8 9  1 6 9  1 6 9  1 9  1 8 9  1 5 6 9  1 4 8 9  1 4 8 9  1 4 8 9  1 4 9  1 9  1 5 6 9  1 4 8 9  1 4 8 9  1 4 8 9  1 8 9  1 4 8 9  1 4 8 9  1 8 9  1 4 8 9  1 4 8 9  
leaf_coeff=-3.3081776306660787e-06  -0.010259046791632188 0.00021779264417606803  -0.012598872103369985 -0.00064548829821587392 0.01667528547381494  0.0011485780232913579 -0.00044690218534850781  -0.016168753880684505 0.0044825971749132163  0.0021891776742034353 5.4694095316279448e-05 -0.00026397274910782141  0.0092627891676301029 -0.030104989772922863  0.0021644862535865092 -0.0059633682520837897  -0.077980342518148407 -0.002847920828191164 0.10043227484208615  0.0012089163733495002 0.0022700225758234909 -0.0027994443780445613 -0.0015126921509409975  0.0019344247210902903 -0.010393973053194028 0.0010494315189372772  0.0047551382146851402 0.0048213213055244182 -0.0050570682627720139  0.00061018593898909401 0.0011065583178919702 0.047164313002031125  0.0042898328431462572 0.0014832681856137399  0.043169933568364897 -0.15569762751569893 0.0024668950158676763  -0.008291643391025616 0.0019758451958031831 -0.051051792316530967 0.051094694394706153  0.013454304611504665 8.3650991007827585e-05 8.7211051152280571e-06 -0.014667162396844447  0.0020762529220557943 0.00042786534489138822 -0.0027529287792359193 -0.00080569102306918272  -0.0014359181954661127 -0.00027856162046288569 0.0068397226218271049 -0.002527977309613494  -0.0064311793845003963 -0.00070046983072559682 0.00051001866750176317  0.0053163767466968938 -0.018838729590518712  -0.0019557636092258691 0.016048846485831759 -0.064718239995850982 0.031904552939943188  -0.02991316856032853 -0.00036202922700979327 0.054948517257690989 -0.0021116394746822477  0.014116842912394484 0.0026543772207004435 -0.020393832876650732 -0.0039779895518167411  0.0011148074182776968 3.3252823822263817e-05 0.0016941519927233806 -0.0021810059335746423  -0.0043643499638818641 0.0040559866257220637 0.0032029890398925787  -0.015580054969103394 0.00013333035402303544 0.028287186298858916 -0.00086593818185534135  0.00030890158717366282 -8.3397837314284912e-05 -0.051997180063183282 0.027647248311444009  -0.0046024747270493552 -0.17917608511506844 0.10349185993063657  0.0076354213267311628 -0.0012880141411312331 0.088181032825673356 -0.055099704745538249  -0.0074661969139651063 -0.0002589499601252321 -0.03585127589902868 0.026185994966419913  
shrinkage=0.1


Tree=93
num_leaves=31
num_cat=0
split_feature=9 9 6 9 7 7 4 7 6 9 4 7 4 6 6 7 7 4 8 5 7 5 7 3 8 7 2 1 1 1
split_gain=0.261087 3.68032 0.705191 1.9969 0.79227 1.00428 0.552491 0.545061 2.26156 2.8383 1.88461 1.11734 2.25735 2.32817 2.65359 2.01682 1.9959 8.31489 2.16479 1.67849 0.880039 0.779512 0.724947 0.729237 0.657239 0.69169 0.625196 0.686883 0.670272 0.911272
threshold=6.3603544996165118 6.603745375804027 7.2345018017286149 6.3204042442512467 5.5316914966442674 4.3459504914589768 6.463808880305316 5.7413866837872307 6.3192574052579493 6.3204042442512467 5.4183177007383536 6.2123735778158169 2.9174053685313028 6.7805467106289585 6.4802211283996529 5.8867145334610393 5.9647509332558357 2.8617925509761908 3.0000000000000004 11.114363968622387 5.7599013727787076 9.3378096762532845 5.6128616676816723 5.5469278070200412 3.0000000000000004 5.8144747618653092 5.9766046520082776 6.2235673486733658 6.2431950830594518 5.9826752459708361
decision_type=2 2 2 2 2 2 2 2 2 2 2 2 2 2 2 2 2 2 2 2 2 2 2 2 2 2 2 2 2 2
left_child=2 -2 6 4 5 -4 7 22 -9 10 11 12 16 14 20 19 17 21 -18 -15 -14 -10 23 26 -23 -26 28 -28 29 -1
right_child=1 -3 3 -5 -6 -7 -8 8 9 -11 -12 -13 13 15 -16 -17 18 -19 -20 -21 -22 24 -24 -25 25 -27 27 -29 -30 -31
leaf_value=0.00012469433051177356 -0.0054930502594392411 -1.2009646772620249e-05 0.0034127983560954984 0.0011802583333107436 -0.00058532210717199263 -0.0067056417878959794 -0.0041276406026580963 0.00024740536460912362 0.00017086160023620592 0.0002602480342787157 -0.0090235111134296109 0.00051918279585155434 0.020121289673843423 -0.01070599873644947 -0.0098149873462900494 0.00098138621842094485 -0.00031662620852944049 0.048959882801521901 -0.0098963267726437671 0.00092558062815775429 -0.0014002873037794704 -0.0044418628205803324 0.000529580610715185 -0.0011599091408058238 0.0011614694174035007 -0.010959039463733252 -0.0034437182879628382 -0.00040990765528343775 0.0011130635809664955 -0.0029129069595581741
leaf_weight=182015 1226 1608442 110 1441 454 906 309 42658 3254 8969 385 1613 20 354 1118 964 449 34 497 191 380 830 45654 4577 498 52 946 3535 6888 993
leaf_count=182015 1226 1608442 110 1441 454 906 309 42658 3254 8969 385 1613 20 354 1118 964 449 34 497 191 380 830 45654 4577 498 52 946 3535 6888 993
internal_value=0 -1.61843e-05 8.40235e-05 -0.00146509 -0.00405826 -0.00561014 9.87036e-05 0.000102959 -0.000161192 -0.00105011 -0.00215478 -0.00189689 -0.00234789 -0.00454903 -0.00731412 -0.00176745 -0.00116107 -0.00031225 -0.00534951 -0.00662961 -0.000324208 -0.000673764 0.0001702 8.77329e-05 -0.00266537 1.55304e-05 0.000117111 -0.00105039 0.000144661 0.000108212
internal_weight=1.91976e+06 1.60967e+06 310094 2911 1470 1016 307183 306874 62266 19608 10639 10254 8641 3027 1518 1509 5614 4668 946 545 400 4634 244608 198954 1380 550 194377 4481 189896 183008
internal_count=1919762 1609668 310094 2911 1470 1016 307183 306874 62266 19608 10639 10254 8641 3027 1518 1509 5614 4668 946 545 400 4634 244608 198954 1380 550 194377 4481 189896 183008
is_linear=1
leaf_const=0.0012422642606725544 -0.20510379130881803 0.00016742669078665952 0 0 0 0 0 -0.0041285020264849592 0 0 0 0 0 0 0 0 0 0 0 0 0 0 0.00091781578599920983 0.010727725129184053 0 0 -0.050243729560389742 0.0037424964001655072 0.028682880222654462 -0.032954068834575877
num_features=7 1 1 3 2 3 3 3 4 5 4 4 4 4 5 4 4 4 3 4 5 4 5 4 5 3 5 5 7 7 7
leaf_features=1 2 3 4 6 7 9  9  9  6 7 9  6 9  6 7 9  6 7 9  4 6 9  4 6 7 9  4 5 6 7 9  4 6 7 9  4 6 7 9  4 6 7 9  4 6 7 9  4 5 6 7 9  4 6 7 9  4 6 7 9  4 6 7 9  6 7 9  4 6 7 9  4 5 6 7 9  4 6 7 9  4 5 6 7 9  4 6 7 9  3 4 6 7 9  5 6 9  4 5 6 7 9  2 4 6 7 9  1 2 3 4 6 7 9  1 2 3 4 6 7 9  1 2 3 4 6 7 9  
leaf_coeff=0.00032010563049307832 -0.00021166328695873884 1.0132728710827783e-06 1.8042467200037245e-06 0.00016914060262110051 -8.7112068920923102e-05 -0.00028722196478507545  0.030632927842893311  -2.4776028090161065e-05  0.0082037423503230397 -1.3303361969074779e-05 -0.0095913591715280702  0.00035422387053198892 -0.00022359249782049064  -0.010522899953097921 -0.0161252605526939 0.028453922810609811  0.0098907231521792489 0.00051724119232492431 -0.013916113137145204  -0.0054078058644783768 -0.018810971539622301 0.024434622878018786  0.00022599137060328248 -0.0011350504614674572 0.0017594817262419405 1.7925012114100581e-05  -0.011033156966413294 0.0096568684087187332 -0.0081721282468609109 0.0021390789122191834 -0.0030564141236674395  -0.0001311575690219495 0.00070085726258914405 0.0010750339984899383 -0.0016524103899853261  0.0019790360897694371 -0.071924793605597878 0.064065661916538383 0.011797046320134542  0.00092090265613213324 0.00016547588771447243 0.01344975493856353 -0.015064521388773856  -0.0017430776694936868 0.23145150826434246 0.44975963536271596 -0.68606041938473938  0.098248233151360873 -0.084733414809073801 0.16156180693774047 -0.02393409830934843 -0.077606013460967918  -0.0010483654319607017 0.013961296370354148 0.0031412965852943842 -0.019766935122351018  0.00054358004320036461 -0.00029868045876000341 0.0045633497514735669 -0.0045958078065382324  -0.0037415777457320389 0.0020729318275794716 0.0014082378484292059 -0.0021216901212743446  -0.1586870410508027 -0.037585166838721311 0.22829486314772113  0.004264646554774743 0.0069189952592445536 0.015725923334721871 -0.027608068780429564  0.025466334037888408 -0.02350299162108023 0.05326221988701399 0.019822489648882426 -0.05641686835877735  0.0014428160085856901 -0.0051019451819016128 0.0099765469569314657 -0.0058429923003664903  -0.18916109274768475 0.15399432548352934 -0.16972667679796133 0.0092241619798343784 0.026510229491827887  -3.7021079736283829e-05 0.00064483331909754313 -0.0010974270660561558 0.00033424527800519633  0.00045234312850168658 -0.00087064787311686158 0.013416248046502334 -0.013531996527967612 -0.002334554156360458  -0.011075757597382108 0.011836303814834538 0.004523010005095785  -0.82264340317924511 0.74034917032113301 -0.80567154358432169 0.051365989061844176 0.072785313207532454  0.0032107749574308286 0.00046765667000165832 0.0040248866018749224 -0.0042080283124399376 0.0042700332667497953  0.001327062608842114 -0.0033339097843949062 -0.00042172952657730246 -0.00043193052209242503 0.0020911778997644891 -0.002062547137135991 0.0015288333564820733  -0.00092324378575624482 -0.00050248115111732887 -0.0016052388643505917 0.00033010005896793736 0.0016529142325442899 -0.0026030717606515697 -0.0015927695916448494  0.0077291843994636627 -0.0055769391662646717 -0.0019092943372059801 -0.00013726298568248751 0.001586063576807395 -0.0012268606661774318 0.0033399363014122944  
shrinkage=0.1


Tree=94
num_leaves=31
num_cat=0
split_feature=9 4 9 6 0 6 6 1 6 7 6 5 6 9 9 9 4 4 4 4 4 8 6 5 5 7 7 4 6 0
split_gain=0.245638 0.635598 0.604607 0.54054 0.6038 0.527193 0.442671 0.437655 0.360407 0.366793 0.483689 0.354328 0.771893 0.636362 4.2181 1.51986 0.622344 0.85712 0.714303 0.974284 0.738007 0.863564 1.03622 3.81563 5.99844 2.0244 0.857092 0.708356 0.69318 0.645152
threshold=7.511080186386546 4.9163179057820896 7.287303286647794 5.91621162073519 1.0000000180025095e-35 6.429002519691676 4.8779923633401685 4.4248287033199567 6.1887884922552745 5.0396561704190823 5.8442973119284742 6.3090083598680247 4.8779923633401685 6.9534033917656322 6.679421601977551 6.7382419808712832 2.249904835165133 1.8688348091416842 2.602003343538398 2.8617925509761908 3.1984648276080736 3.0000000000000004 6.3997657440457418 9.5193312890754243 9.497547328764556 5.7080121936484094 5.4617018978108733 2.9174053685313028 5.4147744205646271 1.0000000180025095e-35
decision_type=2 2 2 2 2 2 2 2 2 2 2 2 2 2 2 2 2 2 2 2 2 2 2 2 2 2 2 2 2 2
left_child=2 6 11 4 -3 -5 -2 -6 9 -8 -11 12 13 14 -1 -16 17 -13 29 -20 21 22 -21 24 27 -26 -25 -24 -23 -18
right_child=1 3 -4 5 7 -7 8 -9 -10 10 -12 16 -14 -15 15 -17 18 -19 19 20 -22 28 23 26 25 -27 -28 -29 -30 -31
leaf_value=2.7114062055470796e-05 -0.00057246037916939879 0.0015187142723247624 -9.7694043827180292e-05 -0.00013129637420552598 -0.0011271215111164025 0.0041802835382827343 0.00058129153398960042 0.00069963361886147863 -0.00020269430861833502 -8.2708310354692055e-05 0.00023208482854371969 1.0064659200560197e-05 0.00078662960993071884 0.00032412487943967187 -0.0084965685645381258 -0.0027411435418209788 0.00040958686953489919 -0.00046219180388857662 -0.000272129465268868 0.00045176472791235871 1.3053766814925344e-05 -0.0021105114998287056 0.019078928523737451 0.013201441609493013 0.063871960371732719 0.027231825829336521 -0.0010555884478523547 -0.00054187981168860976 -2.4796284215087847e-05 -0.00085087870183209776
leaf_weight=39084 11343 8224 573996 9851 1718 292 15878 5543 41675 93553 102060 102548 18638 48750 666 1475 71832 61467 100672 73800 500348 1684 23 46 25 38 506 92 29631 4304
leaf_count=39084 11343 8224 573996 9851 1718 292 15878 5543 41675 93553 102060 102548 18638 48750 666 1475 71832 61467 100672 73800 500348 1684 23 46 25 38 506 92 29631 4304
internal_value=0 8.47766e-05 -1.50914e-05 0.000560279 0.000931972 -7.1732e-06 3.87057e-05 0.000267411 6.60888e-05 0.000119053 8.15333e-05 2.98236e-05 0.000200898 7.95656e-05 -0.000209634 -0.00453148 1.02031e-05 -0.00016692 4.73051e-05 1.59588e-05 6.38023e-05 0.0003037 0.000488849 0.00423796 0.0169695 0.0417716 0.000132497 0.00338228 -0.000136958 0.000338332
internal_weight=1.91976e+06 290137 1.62962e+06 25628 15485 10143 264509 7261 253166 211491 195613 1.05563e+06 108613 89975 41225 2141 947016 164015 783001 706865 606193 105845 74530 730 178 63 552 115 31315 76136
internal_count=1919762 290137 1629625 25628 15485 10143 264509 7261 253166 211491 195613 1055629 108613 89975 41225 2141 947016 164015 783001 706865 606193 105845 74530 730 178 63 552 115 31315 76136
is_linear=1
leaf_const=0.0019490539466048397 6.3579100571572784 -21.948494267463687 -0.0084367003203489332 -4.1937115568667656 0 -38.33395428657532 0 0 0.14834208488464357 -0.00027484893798828124 -9.1799519062042236 0.0017662660307767289 -0.0029891311433539514 0.015301999824542278 0 -0.19846499823950126 -0.0042799353578821808 0.0021025372894120766 0.0021749817624886702 0 0.00057303680105129373 0 0 0 0 0 0 0 0 -0.0025793967308896273
num_features=3 3 3 1 3 5 3 4 5 3 4 4 3 3 3 1 2 3 3 3 5 3 5 4 6 6 6 6 5 5 4
leaf_features=5 6 9  4 6 9  4 6 9  9  4 6 9  0 1 4 6 9  4 6 9  4 6 7 9  0 1 4 6 9  4 6 9  4 6 7 9  4 6 7 9  4 5 9  5 6 9  5 6 9  9  5 9  4 5 9  4 5 9  4 5 9  4 5 6 8 9  4 5 9  4 5 6 8 9  4 5 6 9  4 5 6 7 8 9  4 5 6 7 8 9  4 5 6 7 8 9  4 5 6 7 8 9  4 5 6 8 9  4 5 6 8 9  0 4 5 9  
leaf_coeff=-8.0703708834147834e-05 2.3040580227407285e-05 -0.00029155536374652035  -0.00030484564568418194 -3.8351862281871264e-05 -0.8463033829815686  -0.00024654283304421655 0.00093545112841866287 2.9212059281766418  0.0011247856877516949  0.00051000683722888238 6.8156736918467684e-05 0.55778741617687044  0.00238505088046313 -2.7062283605929288e-05 -0.0004008203335078925 -0.0030395123695791783 0.0022601715680954371  -0.00043378810939884719 0.014461617467168253 5.0909626334905624  -0.000101693814534283 5.9735951694006589e-06 0.00015311024328326791 1.6393005065479249e-05  0.00041406111785702304 -0.000233232583010827 0.00046777683733580382 -0.0015266556088256778 0.00105077087016916  0.00016912152788428614 0.00052838807498574176 -0.020289972424507141  -4.7148746284637545e-05 0.0006388924575970984 -0.00060940341267775179 8.8214874267578125e-06  -5.6311188441071636e-05 -0.00081695293558112789 0.00045935479450776029 1.2222961962223053  -3.6314081578493016e-05 -8.7476358946008103e-05 -0.00015921190241898245  0.00012888890566631339 0.00038971186806325832 0.00013168481366112594  -0.00036736599873347291 0.00035664123371911393 -0.0020876825618963315  -0.0012684722446996593  -0.0006719165608951805 0.028532641989795594  0.00099067943977438895 0.00019309228245377593 9.8897468993322529e-05  -0.0011395442224022779 0.00013150331462877807 -0.00018137545082125839  -0.001451893830512585 0.00037018090689071721 -0.00024442154183666742  -0.0026988523302117848 0.002844040768540371 -0.0026974995531150073 -0.0014718138729427955 0.00032957783767335327  7.1721143387491401e-05 -4.366131414841983e-05 -6.3489967295536639e-05  -0.00078363551159190141 -0.0050899734761964358 0.00569658203095973 -0.0010012814467476483 0.0023959212481803552  -6240.7379738513037 6391.8247494056595 -6401.3145422914768 -0.088293578778572801  27.656911304475035 -26.954259329257095 26.471536905094855 0.0058714020705386456 -0.13520714159955816 -0.014536265411878448  -56.906967491198159 54.390646674297756 -54.102146901100063 0.047933372943404606 4.708341805600412 -0.17565464139177039  53.054736794170459 -54.074233461995028 50.637163579330085 -0.079824064744410353 11.5815665313472 0.017906808831060061  -0.023042363413288136 -0.005977325235096931 -0.013130655018820337 0.003752420767486156 0.12913265879721794 -0.011107872835783229  0.069581608975178538 0.034437761697097891 0.036674467392495316 -0.40738852697640876 0.0067080654862931802  -0.014377277827245287 0.011748535214641254 -0.012486596421122991 0.0031977262744166757 2.5981929577781687e-05  0.00030725236410638073 -0.00068832620184289262 0.00055083735335909045 -0.00020089063113259975  
shrinkage=0.1


Tree=95
num_leaves=31
num_cat=0
split_feature=4 9 5 9 9 7 4 4 4 1 9 9 9 6 4 4 7 5 0 9 4 1 7 5 4 9 6 4 9 4
split_gain=0.239173 0.995051 0.641665 0.504803 2.86021 0.919767 0.498711 2.92015 2.62923 1.10146 0.998961 0.841261 0.50172 0.616957 0.435986 0.841911 0.767946 0.764105 0.738574 0.613079 0.525788 0.460382 0.420666 0.578029 0.416959 1.42692 0.773305 0.589043 0.753241 0.752151
threshold=6.463808880305316 6.9534033917656322 12.481632157775154 7.5038750479758836 7.4745238535938912 5.670938446450708 6.1081352352533109 6.0879098011795767 6.2156070997535293 3.5972184255501678 6.4132755050809012 6.679421601977551 6.4132755050809012 5.7309911437189669 5.772996334337213 5.7446031891748186 5.6323549061118863 11.935406635759234 1.0000000180025095e-35 6.603745375804027 5.7252164247697896 2.0126758453675748 5.670938446450708 12.481632157775154 5.5510178349084196 6.4132755050809012 5.8084808663851017 5.5154408213148463 6.7382419808712832 5.4531797844617023
decision_type=2 2 2 2 2 2 2 2 2 2 2 2 2 2 2 2 2 2 2 2 2 2 2 2 2 2 2 2 2 2
left_child=6 -2 -3 4 -4 -5 7 14 9 -8 -9 -12 -10 -14 15 20 -16 18 -18 -20 24 -17 23 -15 27 26 -26 29 -29 -1
right_child=1 2 3 5 -6 -7 8 10 12 -11 11 -13 13 22 16 21 17 -19 19 -21 -22 -23 -24 -25 25 -27 -28 28 -30 -31
leaf_value=-5.4133915589858242e-06 -0.004002626987045353 0.0024084525331911611 0.00028350792902988011 0.025658535971306264 -0.037583806756883859 0.0030146882264478797 -0.0025550129964626014 -7.7866361863797759e-05 0.00067490859697408973 0.00032156895392699289 0.0046663512950293985 0.0017980261295084108 0.0031669872599607075 -0.0010583292555426923 -0.00080815735085560498 0.00092207944789798847 0.0016083084395082999 -0.00049948726593478598 0.0037926271269267879 -0.00024286919929484004 -0.0011737353979014503 -0.0013601450332696103 0.00046937544943194171 3.5389373313035212e-05 -0.0016621779956773359 0.0001366152155150901 0.0032105610955380469 -0.001652198550062093 -0.00015984822102516278 0.00084325322254076704
leaf_weight=1745014 470 1804 7473 20 20 174 6439 2431 9119 1678 1211 6570 537 9227 18353 13265 4647 12296 399 6665 3826 947 6055 10145 377 21606 2393 4834 11261 10506
leaf_count=1745014 470 1804 7473 20 20 174 6439 2431 9119 1678 1211 6570 537 9227 18353 13265 4647 12296 399 6665 3826 947 6055 10145 377 21606 2393 4834 11261 10506
internal_value=0 0.000488738 0.000711153 0.000312828 0.000182434 0.00534911 -2.54755e-06 5.22649e-06 -0.000338451 -0.00196035 0.00169161 0.00224444 3.68e-05 -0.000187315 -4.05029e-06 3.35527e-06 -0.000321187 5.10955e-05 0.000629181 -1.49299e-05 -2.69848e-06 0.000770006 -0.000258155 -0.000485555 -2.03823e-07 0.000410565 0.00254738 -5.85568e-06 -0.000608063 -3.34502e-07
internal_weight=1.91976e+06 9961 9491 7687 7493 194 1.9098e+06 1.8666e+06 43200 8117 10212 7781 35083 25964 1.85639e+06 1.81403e+06 42360 24007 11711 7064 1.79982e+06 14212 25427 19372 1.79599e+06 24376 2770 1.77162e+06 16095 1.75552e+06
internal_count=1919762 9961 9491 7687 7493 194 1909801 1866601 43200 8117 10212 7781 35083 25964 1856389 1814029 42360 24007 11711 7064 1799817 14212 25427 19372 1795991 24376 2770 1771615 16095 1755520
is_linear=1
leaf_const=1.3303371542575875e-05 -0.049011640977576577 0.075794863610167351 -0.026614202948069734 123.52927359193563 34.151870645530288 0 0.04801954724831603 0.21313259218293298 0.0028172316905582307 -0.037217887030274711 -0.20169719508558048 -0.19273239117173946 0.029277971254873594 -0.045404666004895948 -0.014229952226736488 0.1265160591126005 0.006156064993899691 -0.028970267713125965 -0.33966422686169156 -0.045852478097340568 -0.05777935099467868 -0.32842499196649444 -0.035639536878369425 -0.048000740672375031 -0.034519793193555873 0.013123633778377199 -0.030685912748248258 -0.038654945335656526 0.073062761966184553 0.22879727114261642
num_features=1 2 3 3 4 3 4 2 2 2 2 2 2 3 5 2 2 3 3 5 5 1 2 4 5 3 2 3 2 2 1
leaf_features=4  4 9  4 5 9  4 5 9  4 5 7 9  4 5 9  4 5 7 9  1 4  4 9  4 9  1 4  4 9  4 9  4 6 9  4 5 6 7 9  4 7  1 4  4 5 7  4 5 7  0 4 5 7 9  0 4 5 7 9  4  1 4  4 6 7 9  4 5 6 7 9  4 6 9  4 9  4 6 9  4 9  4 9  4  
leaf_coeff=-6.5465469482135552e-06  0.0077261231997518111 -0.0010518568998543977  -0.003926946319425007 -0.0042410992951523955 0.00067490509082253076  -0.0013429472122833742 0.0031172767619075618 -0.00051705129397137115  0.045781875086686345 -0.46931055200111588 -0.33194472866598518 -15.447721073403955  -0.13976886567869684 -0.092010547400832365 -4.2875827783493152  -0.0030381671571326763 -0.004526427231546482 -0.080276977590710896 0.071627918703325119  -0.0004175873331308755 -0.0081874547164431984  -0.037862901657268827 0.0029278246239030376  0.00034509240154081413 -0.00070978813230075937  -0.00042230727858834919 0.0065192442996909964  0.01425180250153062 0.017938828948791754  0.030599275396616579 0.0010623915881190717  -0.011807328794372296 0.0031785352463785444 0.0041992634448767777  0.33764955213868292 -0.33791910468496344 0.33933514270604948 0.0048243751787182994 0.0011999901667589354  0.0012347260166064801 0.0010939673989408762  -0.00048614384423126825 -0.021783194812883266  0.0078768579198385431 -0.0060214044154827569 0.0035257289063963526  0.004046370727038129 0.0017535640855124602 -0.0029835025508827329  0.001397112621350627 0.018567042617176101 0.0020822589900234335 0.045074808942445088 -0.0079287014799807268  -8.2326716592824681e-05 0.0035728256749162357 0.00020780505258781725 0.0046967944581522763 -0.00063816394362771868  0.0098698355097440078  0.00086447954106338434 0.055972002391604297  -0.00098054593255820772 -0.000385575901434887 0.0083774887235904313 -0.0004362579132519695  0.38433711179649183 -0.38278543893050032 0.38621303102324095 0.0019447915004347617 0.0005731779732679451  -0.022957908046806353 0.011608417572103846 0.015632397672440446  -0.0015867129898565315 -0.0005617640915300731  0.0079700273164547749 -0.00235000833444059 0.00052921007949309213  0.0075243643822204831 -0.00074414926974228921  -0.013499778904467519 0.00021664898570625813  -0.041559448012577604  
shrinkage=0.1


Tree=96
num_leaves=31
num_cat=0
split_feature=3 2 5 7 1 1 2 1 4 9 9 4 4 1 3 1 2 0 3 9 4 3 9 1 4 9 8 1 1 6
split_gain=0.23068 0.502777 0.651289 0.686032 0.469217 0.406306 0.388275 0.383261 0.38207 0.628173 0.370415 0.558819 0.352684 0.345613 0.467179 0.647617 0.487202 0.373691 0.342643 0.333804 0.333073 0.4126 0.321102 0.318913 0.513855 0.379603 0.324791 0.384562 0.367438 0.310396
threshold=5.5614724863699605 5.5837647651639886 10.864799450012111 5.6795668445828928 7.2060062339413085 7.6016521472294505 6.1770792715583029 6.9730746354109483 0.89587973461402759 6.603745375804027 6.3204042442512467 4.6681339642869872 4.886575525404063 7.4268466029029616 5.7398052290623438 6.8622346267660665 5.3520735114677676 2.1383330595080281 5.1706724158760311 6.3204042442512467 5.9388537289014298 5.7868955461127278 6.0514929658566965 6.6852363373681447 4.8481086751891054 7.2264807709440779 3.0000000000000004 6.7782157456601473 6.788408362650876 5.8240622352783484
decision_type=2 2 2 2 2 2 2 2 2 2 2 2 2 2 2 2 2 2 2 2 2 2 2 2 2 2 2 2 2 2
left_child=4 2 -2 13 7 6 10 23 9 22 11 18 -8 14 16 -16 -4 -15 -6 -10 21 -17 -9 -1 26 -26 27 -25 -28 -13
right_child=1 -3 3 -5 5 -7 12 8 19 -11 -12 29 -14 17 15 20 -18 -19 -20 -21 -22 -23 -24 24 25 -27 28 -29 -30 -31
leaf_value=-1.1522111479102538e-06 -0.00056861334222290739 -5.7519076658902746e-05 -0.0070149773687717245 -0.00081731162643099576 0.0077582787966613458 -0.00011565294142170849 -0.00088626249073278608 -0.0014082560916486113 0.0038157180688142681 -0.00060136613243070344 0.00095001406547089585 -0.0072382565323884296 0.0025472954145825191 -0.02316370476037264 -0.0036823104199785947 -0.021569683124967431 0.00027273065621049556 -0.0065315523344491215 0.0028417760129239231 -8.4108598910424186e-05 -0.026416209793609119 -0.0026101921641384254 -0.0046715898484718512 -0.00035440989595821981 0.0031662032415222482 0.00083128175073854046 0.00063591749770010601 0.0011090472939609241 -0.00087332990398356297 0.0051003777288964819
leaf_weight=1840376 6119 27093 160 637 182 6475 1820 558 236 4387 8200 75 358 22 89 22 215 35 641 3136 23 24 656 2730 1013 2227 2531 5246 4448 28
leaf_count=1840376 6119 27093 160 637 182 6475 1820 558 236 4387 8200 75 358 22 89 22 215 35 641 3136 23 24 656 2730 1013 2227 2531 5246 4448 28
internal_value=0 -0.000256476 -0.000990255 -0.00309297 4.68646e-06 0.000515986 0.000877793 -1.81111e-07 -0.000652158 -0.00115847 0.00116411 0.00305996 -0.000321885 -0.0055499 -0.00475842 -0.00931947 -0.00283669 -0.012951 0.00392902 0.000188833 -0.0165906 -0.0116778 -0.00317164 2.96657e-06 0.000419571 0.00156131 0.000172214 0.00060814 -0.000325987 -0.00388406
internal_weight=1.91976e+06 34439 7346 1227 1.88532e+06 17779 11304 1.86754e+06 8973 5601 9126 926 2178 590 533 158 375 57 823 3372 69 46 1214 1.85857e+06 18195 3240 14955 7976 6979 103
internal_count=1919762 34439 7346 1227 1885323 17779 11304 1867544 8973 5601 9126 926 2178 590 533 158 375 57 823 3372 69 46 1214 1858571 18195 3240 14955 7976 6979 103
is_linear=1
leaf_const=1.3470045754335591e-06 -0.0026384412188928509 -0.00075426541077530109 0.26097589963937934 0.0251298398446437 0 -0.0052865380704969272 -0.058882659293655597 0 0 -0.066597009041009875 0.006050304998240108 0 -0.093305954311716732 0 -0.34105012224647457 0.57137348022370138 -0.082527661112996503 0.062462266393049505 0 -0.026276971084587333 3.4524345792640818 0.12392963151464756 -6.6565574920445219 0 0.035929699524911034 -0.052854234748797073 0 0 0 0
num_features=2 3 2 5 4 5 2 4 3 4 3 4 6 4 5 5 6 5 6 5 4 6 6 3 4 4 4 4 4 4 6
leaf_features=1 3  2 3 5  2 3  1 2 3 5 7  2 3 5 7  1 2 3 4 9  1 3  1 2 3 4  1 3 9  1 3 4 9  1 3 9  1 2 3 9  1 2 3 4 6 9  1 2 3 4  0 1 3 5 7  1 2 3 5 7  1 2 3 4 5 7  1 2 3 5 7  0 1 2 3 5 7  1 2 3 4 9  1 3 4 9  1 2 3 4 5 7  1 2 3 4 5 7  1 3 9  1 3 4 8  1 3 4 9  1 3 4 9  1 3 4 8  1 3 4 8  1 3 4 8  1 2 3 4 6 9  
leaf_coeff=-1.2848612565631205e-05 2.8985054735759061e-05  0.0010144817432330866 -0.0006124418196513659 2.813812999213107e-05  0.00034640713992433809 -0.00023347160944264534  -0.0043711289317563745 -1.9306514015227095e-05 -0.056422983763593497 -0.00023712641278885729 0.01468517420785247  0.0092744125398858124 -0.015637464322805352 0.0005931290589475058 0.0010442977229040197  -0.033788276852621382 -0.0018908777664952581 0.00083968631622326488 -0.0026731096076277219 0.045025980325462456  0.0015345641074869737 -0.0012916970193648251  0.006622469882514981 0.0012945350426550651 0.00016024554808387743 0.00015636868005138862  -0.0088351983638904844 0.00065964546247969662 0.0098159632667695011  0.0058755687878814912 -0.0012123343968761637 -0.00094080044133624261 -0.004681444126910606  0.0091468874894022889 0.00013220278942271542 7.4370312802363175e-05  0.0015422623902103362 -0.00067005344036616963 -0.0016025071725089158 -0.00061703526250224134  -0.029975446810480835 0.0033456475639647822 -0.010366939317529312 -0.0012405733166002799 0.024884929980252581 0.019619174023310395  0.011036809912660317 0.0012752565403815197 -0.00020731845729427269 0.0013181193904726386  -0.73787538571671696 0.18837835707291789 0.017512906314846078 -0.0051803797285394637 0.011609264543017162  0.0055619256630627945 0.018761520819211699 0.028800577018203558 0.0059552287263092479 -0.0067330556071880212  0.022513567562191385 0.09563074692655392 -0.29021445683283675 0.1729266759925622 -0.17714010754109497 0.26114305294368595  0.0014009052030225623 0.007663284773731416 0.0053746791399061251 0.00063070013817193016 -0.0011762521151137406  -1.4583515444595834 1.3524432862112008 -1.3438071864504311 0.020374502972086362 0.0090339367593095694 0.0095890374672301  0.0014964718216585737 0.0060008690903615497 -0.0061247764299306347 -9.4115953297201082e-05 -0.0013785081949766465  0.0046118629117757994 -0.00020183152580985353 0.00032415291686890076 -0.00098427996287780571  -0.051146684699801881 0.0045844358446629485 -0.14926478733282239 -0.010545526663827333 0.061772135299861475 -0.52046738410899707  -0.015006310650966982 0.012589326011798008 0.027684646604991772 -0.029236451103687069 0.011320511059203932 -0.039068953375778648  -0.011218379160831661 -0.00048069399801358163 1.0608933805880951  -0.00098170389624030463 4.5928355013441155e-05 0.00028937556855583997 0.0029020099227153652  -0.0072609390606963586 -2.3854969788045247e-06 0.0014708750234640466 0.0013058218039421867  0.0058150452276022335 0.00020480173781074924 0.00017454026848432309 0.0016324434026643965  -0.0060766763102584782 -2.483361727385891e-05 -0.00031688647748957972 0.010528306452458482  -0.0070641018812775515 -2.6256520628056834e-05 2.1472841436354953e-05 0.024868583947076674  -0.00066634758007921846 0.00011366809728194927 5.10512547232383e-05 0.00079964979362756594  -0.006360865507642189 0.0073171000409523153 -0.00093938407653433316 -0.0012436548595598396 -0.019776285040046561 0.023576405462517869  
shrinkage=0.1


Tree=97
num_leaves=31
num_cat=0
split_feature=4 4 7 5 8 9 9 5 6 6 5 4 5 4 9 6 5 7 9 9 7 5 4 4 5 8 7 6 6 9
split_gain=0.225199 0.532562 0.231167 0.436041 0.498886 0.417718 0.512989 0.433238 0.379341 0.382386 1.15914 0.675119 0.65969 0.634894 0.717264 0.525008 0.439717 0.618817 0.372352 0.366608 0.355855 0.805478 0.358216 0.372661 1.97395 3.10263 0.730757 1.10018 0.990868 0.984827
threshold=6.8992188208074312 6.7973820656248938 5.5775076527351244 6.8015610439311045 3.0000000000000004 7.5121052670435509 7.4955765298793962 11.577917008082521 6.9125861838978802 5.9744633243780196 11.667318972418608 4.5271940351011493 11.073807908447662 5.5032948732385458 7.506969323426115 5.6602535416875019 6.2095950515606413 1.0000000180025095e-35 7.5100540538605687 6.603745375804027 4.6492156016553592 8.3801126442907385 4.5591125415341898 2.249904835165133 9.5391763832008447 3.0000000000000004 5.4284635715889005 6.9681151594426796 7.0976522311589436 6.3204042442512467
decision_type=2 2 2 2 2 2 2 2 2 2 2 2 2 2 2 2 2 2 2 2 2 2 2 2 2 2 2 2 2 2
left_child=1 2 8 4 -4 6 -5 -8 9 13 11 12 16 -1 -15 -16 -11 19 -12 -18 21 -10 23 -22 25 26 27 -25 -28 -29
right_child=-2 -3 3 5 -6 -7 7 -9 20 10 18 -13 -14 14 15 -17 17 -19 -20 -21 22 -23 -24 24 -26 -27 28 29 -30 -31
leaf_value=-8.6185781384626549e-09 -0.0015675865406552779 0.0018289898339677695 0.00020294992451110061 1.8272308630905443e-05 -0.0013716537737718194 0.00019436557599282592 -0.0018798401013523987 0.000125609104815003 1.9956422872362107e-05 0.001006281138669893 0.00034352611308901529 -0.00075004382259923562 0.0021897453904976892 -0.00072615166575101071 0.018559383750627084 0.003387484513980344 0.00033271800783657175 -0.00017282035124716933 0.01399190366268158 -0.0011719484429427846 0.00028793367734748559 -0.0041852896063300773 -0.00041901110196296054 0.027614897632392478 0.00081376304613925041 -0.00064412639764267754 0.04108911937585584 0.020710658642553517 0.014885623608866045 -0.0020636967250279021
leaf_weight=726109 916 1592 3547 746692 4650 150603 2629 1825 20179 2926 36370 24988 1156 14882 28 123 1936 140482 20 9898 14060 466 3871 37 9453 186 27 31 31 49
leaf_count=726109 916 1592 3547 746692 4650 150603 2629 1825 20179 2926 36370 24988 1156 14882 28 123 1936 140482 20 9898 14060 466 3871 37 9453 186 27 31 31 49
internal_value=0 7.49591e-07 -7.68496e-07 3.57655e-05 -0.000690292 4.23654e-05 1.18897e-05 -0.00105812 -3.37712e-05 -4.75567e-05 -0.000164051 -0.000267387 -0.000190272 -1.33261e-05 -0.000656573 0.00620082 -0.000207995 -0.000231321 0.000351027 -0.00092579 0.000239407 -7.49646e-05 0.000473331 0.000618018 0.00109091 0.00834824 0.0179058 0.0133561 0.0270838 0.00676137
internal_weight=1.91976e+06 1.91885e+06 1.91725e+06 909946 8197 901749 751146 4454 1.00731e+06 958918 217776 181386 156398 741142 15033 151 155242 152316 36390 11834 48390 20645 27745 23874 9814 361 175 117 58 80
internal_count=1919762 1918846 1917254 909946 8197 901749 751146 4454 1007308 958918 217776 181386 156398 741142 15033 151 155242 152316 36390 11834 48390 20645 27745 23874 9814 361 175 117 58 80
is_linear=1
leaf_const=2.3605824206567486e-05 0.41353709837567298 0.19877345314953346 0 1.5221863595377139e-05 0 -0.0022775650024414065 -0.019033849902916702 -0.4419817258550211 -0.0016334276402968529 -0.007380510481128511 -0.0078150911332045322 -0.012128500116290297 0.81130774170160302 -0.0038127082626715492 0.44020759011618793 6.5587791271624161 -0.0074056963715225521 0.0007762189820605059 453.99463175460698 -0.0016956715885672936 0.0040518928825107993 0.088272194586909339 -0.034092940143565897 0 -0.022081723821473533 0 0 0 0 0
num_features=3 1 1 4 4 4 4 4 4 4 2 5 4 4 4 4 4 3 4 5 4 3 4 3 4 4 5 5 5 5 5
leaf_features=4 6 7  4  4  4 5 7 8  4 5 7 9  4 5 7 8  4 5 7 9  4 5 7 9  4 5 7 9  4 5 6 7  4 5  4 5 6 7 9  4 5 6 7  4 5 6 7  4 6 7 9  4 6 7 9  4 6 7 9  4 5 9  4 5 6 7  4 5 6 7 9  4 5 6 9  4 6 7  4 5 6 7  4 6 7  5 6 7 8  4 5 6 7  4 5 6 7 8  4 5 6 7 8  4 5 6 7 9  4 5 6 7 8  4 5 6 7 9  
leaf_coeff=-3.7138346080332709e-05 3.445385256473353e-05 -2.1949673616066369e-05  -0.05991101851529948  -0.028937752037580824  1.2424633948349574e-06 -0.0002440817434248288 0.0014864103674903486 -0.0033881577479212056  6.7054986574548956e-05 -6.4183865456776684e-05 0.00013354536471446021 -5.6151533558979847e-05  -5.5005599604214356e-05 0.0015513732057700126 -0.00063369845316492153 -0.0019791443330731797  0.00025487329050867118 -0.00018948973959704435 0.00058880357324303523 -5.0067901611328125e-06  -0.0038553348739384322 0.0033640343699137712 -0.0075616870856769942 0.0055939874703653915  0.0027608930730007811 -0.00092621615626118379 -0.0086044958080457867 0.064847408798323167  -0.0022439464188337434 0.0019737767695317647 -0.001521218334664759 -0.00015950014774647082  -0.00081342044445888726 0.0015005699620301628  0.10440579864952754 -0.10401089508508754 0.10470266219124583 0.00038952606331967845 -0.0001782327662236294  0.021983788520401504 -0.021096399034068725 0.022347607136142502 -0.0001969650035423598  -10.452047508955003 10.319860732555391 -10.333573758602142 0.00084345716776397246  0.00020360610842841133 0.00097504965840285738 -0.00011513145938835123 -0.00044750567052156411  0.060615611984769661 -0.28829312352772835 0.61142298345148449 -0.3393582719436381  0.002088063647968852 0.029656985410571227 0.093770643161371944 -0.96633310943580009  -0.0025648973240685715 0.0018042075979574747 -0.00039097737739669515  0.00010925884165066541 -0.00014641949024937623 -4.8323897579860553e-06 1.5931925882250315e-05  0.80412756644072947 -0.66481904523097912 0.35217053789529018 0.0014416187666938642 -60.286428354680538  0.0010582307859863694 -0.0010717994348727999 0.0018388126155463259 -0.00075113989930843952  0.00015602537765095463 0.00046378177686492441 -0.001402375100939124  -0.0021167454260321962 0.0029491782152859971 -0.015756761890144945 0.00012641611202752757  0.0014196635658516145 0.0056715384581275787 -0.0023517829349706254  0.5238628516767222 0.53306357991586995 -0.01376495232638888 -4.2963207683875231  0.032915688168297312 -0.031194946732728469 0.033161570694887392 0.00033125467952261901  -3.59669595754458 3.2716266411600374 -3.3027166894078621 0.0030602082274234776 0.32447181780015627  -17.897624002024532 16.652069862664213 -15.99222547041718 0.069952908556319929 -0.21710978923947552  46.725385263492356 -43.249240658374042 43.041500294976871 0.10302145574675024 -1.9511090608400992  87.443275788472974 -79.84672290715389 80.182907925918698 0.11384714231692215 -14.446948781312678  1.6061494940076955 -1.622816917905584 1.5081613582791762 0.039978854014971435 0.078854470656733622  
shrinkage=0.1


Tree=98
num_leaves=31
num_cat=0
split_feature=1 1 1 4 9 9 1 1 9 9 4 9 9 9 8 8 2 3 2 2 3 1 2 0 3 9 5 9 9 8
split_gain=0.223093 0.470913 0.455858 0.378897 0.33323 0.329307 0.314855 0.510671 0.313919 0.303574 0.303156 0.329765 0.42109 0.532953 0.415293 0.386794 0.309075 0.657028 0.440991 0.321398 0.353453 0.477469 1.0047 0.281946 1.17798 0.280354 0.272879 0.271212 0.404113 0.742396
threshold=7.6884552516289064 7.4051916194077991 7.9067313605233123 5.8593596889746626 7.3779925694421165 6.8152292383395157 6.9730746354109483 7.1510934607486316 7.2264807709440779 6.3204042442512467 5.1503930356556173 7.4062930552697512 6.603745375804027 6.0514929658566965 3.0000000000000004 3.0000000000000004 6.1877505123543255 5.106124271541761 6.256229658097098 5.6297171918919657 5.3752835711948519 7.3065311737243741 5.2936187964773529 1.8688348091416842 5.7652656290733058 7.3440322653413155 7.7525499860768106 7.3397804314259227 7.3656149820814969 3.0000000000000004
decision_type=2 2 2 2 2 2 2 2 2 2 2 2 2 2 2 2 2 2 2 2 2 2 2 2 2 2 2 2 2 2
left_child=1 6 4 9 -2 -4 -1 23 -7 -3 11 12 13 16 26 -13 17 -9 -18 20 -19 -22 -23 -8 -25 -11 -15 -14 29 -29
right_child=2 3 5 -5 -6 8 7 10 -10 25 -12 15 27 14 -16 -17 18 19 -20 -21 21 22 -24 24 -26 -27 -28 28 -30 -31
leaf_value=2.7054815647335456e-06 -0.0013776401977382991 0.0021267087362406537 0.0021300745062662893 -0.0040838909858958959 0.0022186881988343313 -0.0016788073223918745 -0.00062544073187882025 0.0098936055442970881 0.00084109679830564549 0.00024065819487128928 0.0011570837956112346 0.0040451556593027035 0.00027700540775486512 -0.0059207292754862384 -0.00091964070363478227 -0.0017885137757311085 -0.015260946736843499 0.0027430298915209848 -0.0010712933216789932 0.0025537626686727198 -0.00090809669130282602 -0.0296594203542918 -0.0036676090519778947 -0.00160685191311153 -0.019619825134695686 0.0014680231929254544 0.0012548345656393737 -0.0012875644130482605 0.00029362241923809053 0.0098184807536502682
leaf_weight=1876307 4317 1302 826 169 274 866 9081 80 1152 8459 2132 122 6182 404 550 1662 27 121 116 341 173 20 58 1933 37 2386 61 98 350 156
leaf_count=1876307 4317 1302 826 169 274 866 9081 80 1152 8459 2132 122 6182 404 550 1662 27 121 116 341 173 20 58 1933 37 2386 61 98 350 156
internal_value=0 2.12528e-06 -0.000546713 0.000618482 -0.001163 0.00044815 -1.86999e-06 -0.000364045 -0.000240289 0.000683906 6.97296e-05 -0.000150614 0.000102368 -0.00119238 -0.00277954 -0.00138957 0.000528742 0.0013004 -0.00375046 0.000336226 -0.00169652 -0.0038367 -0.0103322 -0.000860701 -0.00194517 0.00051069 -0.00497942 0.000474612 0.00249713 0.00553347
internal_weight=1.91976e+06 1.91233e+06 7435 12316 4591 2844 1.90001e+06 23704 2018 12147 12653 10521 8737 1951 1015 1784 936 793 143 713 372 251 78 11051 1970 10845 465 6786 604 254
internal_count=1919762 1912327 7435 12316 4591 2844 1900011 23704 2018 12147 12653 10521 8737 1951 1015 1784 936 793 143 713 372 251 78 11051 1970 10845 465 6786 604 254
is_linear=1
leaf_const=4.0791485447259815e-07 0.069225329136995126 0 -0.0032834034473900433 0.081832567256105909 0.1607689301603159 0.019522365278183431 -0.0091275498365405387 0 0.082763249679686623 0.049367251217777408 -0.016326882674020739 0 0.029635274294196989 0 0 0 0 0 0 0 0 0 0 0.054771061001235924 -3.7418583900234808 0.13110431304912709 0 0 0.082213339546228781 0
num_features=1 2 3 2 2 2 2 2 5 2 3 2 4 3 3 4 4 4 5 4 5 5 5 5 3 3 3 4 3 3 3
leaf_features=1  1 9  1 4 9  1 9  1 4  1 9  1 9  0 1  1 2 3 4 9  1 9  1 4 9  1 4  1 4 8 9  1 4 9  1 8 9  1 4 8 9  1 4 8 9  1 2 4 9  1 2 3 4 9  1 2 4 9  1 2 3 4 9  1 2 3 4 9  1 2 3 4 9  1 2 3 4 9  0 1 3  0 1 3  1 4 9  1 4 5 9  1 8 9  1 4 9  1 8 9  
leaf_coeff=3.1845241590317068e-06  -0.0092640066650549364 0.0002043060696406196  -0.010611809040087294 -0.0012369324227170077 0.014044752918630367  0.00095577385140466209 -0.00039700909749109672  -0.014449926927521518 0.0036449266372099668  0.0090745640057122053 -0.030922473349471603  0.0018649211973236714 -0.0052494455569569  -4.8801747091001269e-05 0.0012145313350377053  0.020502254180686921 -0.0030460060694003314 0.0059220587938046522 0.00030488019196469598 -0.025766753825539015  0.004692529657915512 -0.016624359597511785  -0.0054975259861799412 -0.00023567265244464204 -0.0010946220727752782  0.0024760764708922525 -8.953564525998603e-05  0.0051755078811888573 0.00084712181823927153 -0.057829655587295296 0.010603458883983308  -0.0016582619473890061 -0.00027000308931981039 -0.0024329771803547674  0.0169396389995498 -3.0032907208631516 0.9259909036423779  0.0029083724212565889 0.0005181172694183403 0.096952698309496557 -0.064643840021540208  -0.0074417135271966474 0.00019288401407235867 -0.024816262863168959 0.020307884360167353  -422.94682617187505 423.14389648437503 0.0063976095989346504 78.596356201171886  0.022359391046304466 0.002568270713920429 0.00450754193729388 -0.0010646076463881272 -0.03332042238102844  -0.01191628479930067 -0.015210122535564086 0.0011228644530092786 0.031046435039267808  0.010501493865359635 -0.0069902010664778308 -0.0024069127307827622 0.00010814207957776656 -0.0032733164883730127  -0.039469034647953552 -0.0046184244120889726 -0.010697254152190895 -0.00023905642705202013 0.062599892314258207  0.029458343072246863 -0.020441030716457934 -0.0022672120036098422 -0.0052528861128403872 -0.021646487164571227  0.05768902753175667 0.00036906815975576993 -0.018844350479737582 0.0009164458222042926 -0.055196157049925892  -0.0029740626917087679 -0.0058082237226585679 -0.0017368482405571652  0.10748446829311434 0.13886621192368695 0.43461778877099277  -0.0053924664299749743 0.00035733841219103284 -0.012069965957846308  0.00075210367718341335 0.0019344134225653287 -0.0025965033959381325 0.0021101997998535182  0.0028699147646747748 -0.061462916938216955 0.013721213242615705  0.0084912863874339276 -0.00065492674399134651 -0.019438173011729988  -0.026176214443920289 0.12621609898051248 -0.041257653811771891  
shrinkage=0.1


Tree=99
num_leaves=31
num_cat=0
split_feature=8 9 9 1 6 4 5 1 9 4 5 4 4 4 4 6 5 5 7 4 1 7 9 4 7 7 9 0 9 5
split_gain=0.205256 0.446163 0.857059 0.623991 0.569883 0.553391 1.1607 0.664666 0.453022 0.444883 0.429842 0.703971 0.830471 0.683541 1.12477 0.836433 3.13538 4.85783 1.67263 0.807221 0.87568 0.71409 0.690796 0.573404 0.565764 5.79773 0.564108 0.605195 0.557493 0.949742
threshold=3.0000000000000004 7.4040126385048 7.3176265545134989 5.9121498248393989 6.5610895968884506 2.249904835165133 7.1503091468623188 5.625819309938989 7.5121052670435509 4.7492611597348082 6.7363734861220914 2.3502401828962087 2.602003343538398 2.8617925509761908 3.2384861814448418 6.3997657440457418 9.5193312890754243 9.497547328764556 5.7599013727787076 3.7256208424938388 3.4175922930736511 5.4284635715889005 7.2795765870410243 2.9174053685313028 5.8361750150551588 5.862753832949827 7.2613120023025006 1.0000000180025095e-35 6.9534033917656322 9.497547328764556
decision_type=2 2 2 2 2 2 2 2 2 2 2 2 2 2 2 2 2 2 2 2 2 2 2 2 2 2 2 2 2 2
left_child=1 2 9 4 5 6 -3 -7 -9 10 -1 -12 -13 22 15 26 17 23 -19 20 28 -18 -14 -17 -23 -26 27 -15 29 -16
right_child=-2 3 -4 -5 -6 7 -8 8 -10 -11 11 12 13 14 19 16 21 18 -20 -21 -22 24 -24 -25 25 -27 -28 -29 -30 -31
leaf_value=0.0002688480183836514 -2.8406981291723943e-05 -3.0123504663449684e-05 -0.00026154597222180471 0.00082086546969273365 -0.00062792346552869888 6.4625433046020116e-05 0.00080440639815441495 -0.003335554833745133 0.00026970952749252322 0.0076988812143865383 -0.00024419193288234385 0.00050015045583503702 -0.0003770134944649618 0.00051851073423701051 0.00023983804827154903 0.017172756410487319 0.014571051383609302 0.050813630282094603 0.017508734852075578 0.00030856482946383648 0.00057553759535032448 -0.0029753872091139392 0.00043296001589566719 -0.00048035919342352001 0.051849040691740816 -0.0033199961933399174 -0.0003075417293263718 -0.0004414133073564557 -0.00077280240967689772 -0.0014092131682997518
leaf_weight=73485 1093887 33412 110705 13036 10015 166638 33253 970 544 76 87595 40349 62692 72207 16715 23 32 38 25 27836 8876 370 12655 92 22 142 11883 7225 30549 4415
leaf_count=73485 1093887 33412 110705 13036 10015 166638 33253 970 544 76 87595 40349 62692 72207 16715 23 32 38 25 27836 8876 370 12655 92 22 142 11883 7225 30549 4415
internal_value=0 3.76362e-05 -1.18874e-05 0.000146722 0.000110827 0.000142335 0.000386146 4.56747e-05 -0.00204014 4.85507e-05 4.72791e-05 4.84944e-06 7.85117e-05 1.20031e-05 0.000117634 0.000362272 0.00370166 0.0152776 0.0375974 -0.000137157 -0.000342047 6.11657e-05 -0.000240973 0.00305026 -0.000808341 0.00408073 0.000335064 0.000431198 -0.000499644 -0.000104722
internal_weight=1.91976e+06 825875 568007 257868 244832 234817 66665 168152 1514 457302 457226 383741 296146 255797 180450 92059 744 178 63 88391 60555 566 75347 115 534 164 91315 79432 51679 21130
internal_count=1919762 825875 568007 257868 244832 234817 66665 168152 1514 457302 457226 383741 296146 255797 180450 92059 744 178 63 88391 60555 566 75347 115 534 164 91315 79432 51679 21130
is_linear=1
leaf_const=0 0 0 0 0 0 0 0 0 0 0 0 0 0 0 0 0 0 0 0 0 0 0 0 0 0 0 0 0 0 0
num_features=4 1 6 2 3 4 5 6 4 4 3 4 4 4 5 5 4 6 6 6 4 5 6 4 5 6 6 5 6 5 5
leaf_features=4 5 8 9  8  1 4 5 6 8 9  8 9  1 8 9  1 6 8 9  1 4 6 8 9  1 4 5 6 8 9  1 4 6 9  1 4 6 9  4 8 9  4 5 8 9  4 5 8 9  4 5 8 9  4 5 6 8 9  1 4 5 8 9  4 5 6 9  4 5 6 7 8 9  4 5 6 7 8 9  4 5 6 7 8 9  4 5 8 9  1 4 5 8 9  4 5 6 7 8 9  4 5 8 9  4 5 6 8 9  4 5 6 7 8 9  4 5 6 7 8 9  4 5 6 8 9  0 4 5 6 8 9  1 4 5 8 9  1 4 5 8 9  
leaf_coeff=4.805958446501835e-05 2.9327742984768154e-05 -0.00065846265793506056 0.00021637193950733297  -7.1017452615675687e-06  0.00019039510625693586 -0.00092375627640711971 0.0010485659032781907 -0.0008969171845619521 0.0012215169404718119 -0.00039567247357632509  -0.010087199713836981 0.0027047143350870332  0.0002273508311295497 -0.039556637500263038 0.010527482114788001  0.00015853711547294814 -0.00032207752510583499 0.014492066768198697 -0.0036676600547252748  -0.00013369903791205783 0.00029248491404924095 0.00053369785898280543 0.0020515302235031285 -0.0010688436121931934  -0.00051120619768056901 -0.0035274032743335404 0.003087293853468287 -0.003301654734746451 -0.0044973711081610192 0.0016778080153763142  0.00026381602428102727 0.0023236282022200904 0.0020548919342291863 -0.0033279737882665472  0.0033062004144727821 0.0019880454004215994 0.00037280769033967156 -0.0037054153769538137  -0.12852575983027423 0.31104502826993752 0.0001281770802543658  -0.00024538472506698727 2.5875619183071686e-05 0.00077467433022497263 -0.00023331876994028974  0.0021157144544825361 0.00057342519991855287 -0.0047987874896427756 1.1044978302254817e-05  -0.0012494258665978113 4.3201535680535698e-05 0.0023238933481339653 -0.00029082019910316447  -0.0017304152708655679 0.0018364539454246765 -0.0016203685705268923 -0.0022839457154453235 0.00052612216687762399  -5.0688671555884408e-06 0.0019502964210211021 0.00059311682482119168 -0.0058426281442549135 -2.9869395574627645e-05  -5619.458505249303 5755.5037080312031 -5764.0485911594478 -0.079451503927595549  2.5587966916740701 -2.8089040991580987 2.5321686252358635 0.057015782543244242 1.0315842594819515 0.011935670193989624  -27.681818935385675 22.799655195644302 -26.312831866113996 -0.0856521613950946 20.176202941675729 -0.14622320838476527  69.805335422525246 -69.694343818207571 66.725039031094639 -0.039774484133556602 7.5814606651831129 0.097076795121924422  0.001423437065920806 -0.001977424172734605 0.008405147914105222 -0.00041130553500230292  -8.9848009316174364e-07 0.002740180601926523 -0.0011379647826531842 0.0034165746937545871 -0.00077631196826017388  -9.5606463098010916 9.1660005980081571 -9.129657350921633 -0.028439858397379215 0.79445460244140098 -0.00073387911682978315  0.00017159663647885461 0.00023971121021026942 0.038092839915094601 -0.010719882595805075  0.062588374686564641 0.031041762923484741 0.032956028184984131 -0.36672139370733431 0.0060585931269016378  110.19604774753971 -106.86260776652999 105.1966291908073 -1.3737158865191761 1.5688562976691174 0.047950896919911661  0.065747725673156232 0.043841274342637876 0.039782302928416162 0.0041111592248238796 -0.47584162186084317 0.0070980759652588439  0.0004811298564384892 -0.0013803428734392338 0.0012340224331684581 -0.022068240344560765 0.0064744488116730281  -0.00015297005241821451 -0.016916905009445815 0.017072799819268337 -0.017307199299490483 0.0027356356803488191 -0.00059054540020268278  0.00017991727438089987 -0.00063106058319277328 0.00047353518817041878 -0.016849973296737809 0.0043121766289768715  -0.00020806921762743006 0.0061038315573818244 -0.0040354734921152656 0.0021877056532329854 0.0017851626576027347  
shrinkage=0.1


end of trees

feature_importances:
decode_batch_size=707
prefill_input_len_sum=548
freq_mhz=541
decode_input_len_sum=341
tp_degree=317
decode_input_len_std=227
decode_input_len_mean=220
prefill_batch_size=40
prefill_input_len_std=34
prefill_input_len_mean=25

parameters:
[boosting: gbdt]
[objective: regression]
[metric: l2]
[tree_learner: serial]
[device_type: gpu]
[data_sample_strategy: bagging]
[data: ]
[valid: ]
[num_iterations: 100]
[learning_rate: 0.1]
[num_leaves: 31]
[num_threads: 16]
[seed: 42]
[deterministic: 0]
[force_col_wise: 1]
[force_row_wise: 0]
[histogram_pool_size: -1]
[max_depth: -1]
[min_data_in_leaf: 20]
[min_sum_hessian_in_leaf: 0.001]
[bagging_fraction: 1]
[pos_bagging_fraction: 1]
[neg_bagging_fraction: 1]
[bagging_freq: 0]
[bagging_seed: 400]
[bagging_by_query: 0]
[feature_fraction: 1]
[feature_fraction_bynode: 1]
[feature_fraction_seed: 30056]
[extra_trees: 0]
[extra_seed: 12879]
[early_stopping_round: 0]
[early_stopping_min_delta: 0]
[first_metric_only: 0]
[max_delta_step: 0]
[lambda_l1: 0]
[lambda_l2: 0]
[linear_lambda: 0]
[min_gain_to_split: 0]
[drop_rate: 0.1]
[max_drop: 50]
[skip_drop: 0.5]
[xgboost_dart_mode: 0]
[uniform_drop: 0]
[drop_seed: 17869]
[top_rate: 0.2]
[other_rate: 0.1]
[min_data_per_group: 100]
[max_cat_threshold: 32]
[cat_l2: 10]
[cat_smooth: 10]
[max_cat_to_onehot: 4]
[top_k: 20]
[monotone_constraints: ]
[monotone_constraints_method: intermediate]
[monotone_penalty: 0]
[feature_contri: ]
[forcedsplits_filename: ]
[refit_decay_rate: 0.9]
[cegb_tradeoff: 1]
[cegb_penalty_split: 0]
[cegb_penalty_feature_lazy: ]
[cegb_penalty_feature_coupled: ]
[path_smooth: 0]
[interaction_constraints: ]
[verbosity: -1]
[saved_feature_importance_type: 0]
[use_quantized_grad: 0]
[num_grad_quant_bins: 4]
[quant_train_renew_leaf: 0]
[stochastic_rounding: 1]
[linear_tree: 1]
[max_bin: 255]
[max_bin_by_feature: ]
[min_data_in_bin: 3]
[bin_construct_sample_cnt: 200000]
[data_random_seed: 175]
[is_enable_sparse: 1]
[enable_bundle: 1]
[use_missing: 1]
[zero_as_missing: 0]
[feature_pre_filter: 1]
[pre_partition: 0]
[two_round: 0]
[header: 0]
[label_column: ]
[weight_column: ]
[group_column: ]
[ignore_column: ]
[categorical_feature: ]
[forcedbins_filename: ]
[precise_float_parser: 0]
[parser_config_file: ]
[objective_seed: 16083]
[num_class: 1]
[is_unbalance: 0]
[scale_pos_weight: 1]
[sigmoid: 1]
[boost_from_average: 1]
[reg_sqrt: 0]
[alpha: 0.9]
[fair_c: 1]
[poisson_max_delta_step: 0.7]
[tweedie_variance_power: 1.5]
[lambdarank_truncation_level: 30]
[lambdarank_norm: 1]
[label_gain: ]
[lambdarank_position_bias_regularization: 0]
[eval_at: ]
[multi_error_top_k: 1]
[auc_mu_weights: ]
[num_machines: 1]
[local_listen_port: 12400]
[time_out: 120]
[machine_list_filename: ]
[machines: ]
[gpu_platform_id: -1]
[gpu_device_id: -1]
[gpu_use_dp: 0]
[num_gpu: 1]

end of parameters

pandas_categorical:[]
