tree
version=v4
num_class=1
num_tree_per_iteration=1
label_index=0
max_feature_idx=9
objective=regression
feature_names=prefill_batch_size prefill_input_len_sum prefill_input_len_mean prefill_input_len_std decode_batch_size decode_input_len_sum decode_input_len_mean decode_input_len_std tp_degree freq_mhz
feature_infos=[0:3.8066624897703196] [0:9.0109133472792884] [0:6.932447891572509] [0:6.2055673537700429] [0:6.932447891572509] [0:12.9662661375912] [0:7.5983993293239642] [0:6.8096697885617932] [2:4] [5.8788556027253271:7.5126175446745105]
tree_sizes=3688 5531 5442 5555 5592 5597 5474 5550 5578 5548 5311 5554 5612 5543 5693 5566 5688 5705 5762 5566 5864 5778 5632 5733 5642 5630 5760 5833 5876 5748 5879 5907 5492 5751 5724 5883 5742 5824 5840 5718 5798 6079 5711 5978 5900 5988 6323 5917 6133 6042 5670 5904 6114 6338 6086 5853 5954 5667 5529 5946 5431 5793 5190 6438 6280 6045 5870 6519 5326 5247 5409 5603 5394 5567 6207 6164 5978 5485 5488 5951 5601 6202 6608 5999 5579 5823 5604 5836 5274 6154 5659 5091 5095 5685 5623 5269 6153 5465 5554 6183

Tree=0
num_leaves=31
num_cat=0
split_feature=9 8 8 4 9 3 9 1 4 1 4 1 9 9 9 4 9 1 4 4 4 9 3 1 4 1 4 9 5 9
split_gain=2.62813e+10 2.59447e+10 4.09263e+09 2.97372e+09 2.48298e+09 9.96029e+08 9.86266e+08 7.03743e+08 6.81844e+08 5.50185e+08 3.71746e+08 3.78813e+08 3.53392e+08 2.74369e+08 2.48238e+08 1.88378e+08 1.81883e+08 1.66914e+08 1.12156e+08 1.05863e+08 9.89498e+07 9.71555e+07 9.52629e+07 9.18203e+07 7.72061e+07 7.00461e+07 6.84325e+07 5.82394e+07 5.49702e+07 1.22673e+08
threshold=7.0802787666761651 3.0000000000000004 3.0000000000000004 3.5040265001487509 7.295473267315983 3.6124563134987047 6.6727184231314114 4.2696729980286863 4.7207260464697853 4.6395599436855051 1.0000000180025095e-35 4.4829865921051741 7.2618342399737932 7.3308964213358783 6.6727184231314114 3.5040265001487509 6.1003517537352172 6.1014387733168176 4.8461517255285367 3.8968964838426357 5.1401994266131164 7.2311737507397504 3.2884254335363559 4.4829865921051741 2.2242581879713579 4.4484992763719129 1.0000000180025095e-35 7.295473267315983 4.6959141240107813 7.4127840102220608
decision_type=2 2 2 2 2 2 2 2 2 2 2 2 2 2 2 2 2 2 2 2 2 2 2 2 2 2 2 2 2 2
left_child=2 7 14 5 18 10 16 12 9 -6 17 13 -2 -12 -1 22 -4 -3 23 -18 -10 -9 26 -5 -14 -16 -8 -7 29 -23
right_child=1 3 6 4 8 27 15 21 20 -11 11 -13 24 -15 25 -17 19 -19 -20 -21 -22 28 -24 -25 -26 -27 -28 -29 -30 -31
leaf_value=1145.2692265219878 1176.6898604238586 1191.0167337419134 1175.0288997893174 1257.4784343529734 1308.51751092109 1311.3473684615324 1173.0488546748747 1207.5604519696801 1346.3021052745698 1363.0381089370007 1233.4261645998454 1344.1619226828266 1188.7504705070955 1271.8323996309471 1157.9835054003597 1229.86837779249 1183.7496638688312 1255.2706771304174 1290.0648264009769 1197.4455480320612 1364.7877649358068 1230.0968469954596 1247.4588366263831 1290.780625697817 1202.230540360315 1174.8525264322295 1205.4829306439567 1363.0679431093347 1233.8174479244558 1179.7694383121923
leaf_weight=25586 9466 1046 9691 2983 7129 278 836 3198 4549 2500 2544 589 5406 6919 10285 7493 10136 659 4104 12734 7967 1671 440 1146 19849 3236 2932 1004 5413 682
leaf_count=25586 9466 1046 9691 2983 7129 278 836 3198 4549 2500 2544 589 5406 6919 10285 7493 10136 659 4104 12734 7967 1671 440 1146 19849 3236 2932 1004 5413 682
internal_value=1214.99 1252.75 1174.63 1308.1 1325.25 1268.15 1195.46 1200.14 1342.68 1322.67 1259.03 1266.35 1193.17 1261.51 1151.06 1220.36 1186.51 1215.85 1278.36 1191.38 1358.07 1222.23 1203.43 1266.72 1199.35 1162.02 1198.29 1351.85 1228.27 1215.51
internal_weight=172471 89102 83369 43417 30378 13039 44262 45685 22145 9629 11757 10052 34721 9463 39107 11701 32561 1705 8233 22870 12516 10964 4208 4129 25255 13521 3768 1282 7766 2353
internal_count=172471 89102 83369 43417 30378 13039 44262 45685 22145 9629 11757 10052 34721 9463 39107 11701 32561 1705 8233 22870 12516 10964 4208 4129 25255 13521 3768 1282 7766 2353
is_linear=1
leaf_const=1145.2692265219878 1176.6898604238586 1191.0167337419134 1175.0288997893174 1257.4784343529734 1308.51751092109 1311.3473684615324 1173.0488546748747 1207.5604519696801 1346.3021052745698 1363.0381089370007 1233.4261645998454 1344.1619226828266 1188.7504705070955 1271.8323996309471 1157.9835054003597 1229.86837779249 1183.7496638688312 1255.2706771304174 1290.0648264009769 1197.4455480320612 1364.7877649358068 1230.0968469954596 1247.4588366263831 1290.780625697817 1202.230540360315 1174.8525264322295 1205.4829306439567 1363.0679431093347 1233.8174479244558 1179.7694383121923
num_features=0 0 0 0 0 0 0 0 0 0 0 0 0 0 0 0 0 0 0 0 0 0 0 0 0 0 0 0 0 0 0
leaf_features=                               
leaf_coeff=                               
shrinkage=1


Tree=1
num_leaves=31
num_cat=0
split_feature=9 8 8 4 9 3 9 1 4 1 9 9 6 1 9 4 9 2 4 4 9 4 3 1 4 6 1 5 4 9
split_gain=2.12878e+10 2.10152e+10 3.31503e+09 2.40871e+09 2.01122e+09 8.06898e+08 7.98877e+08 5.71178e+08 5.52292e+08 4.46714e+08 3.05642e+08 2.80457e+08 2.43165e+08 2.7503e+08 2.01072e+08 1.54069e+08 1.47328e+08 1.23513e+08 9.40978e+07 8.79387e+07 8.72539e+07 8.01495e+07 7.56956e+07 7.11437e+07 6.33984e+07 6.22748e+07 5.67373e+07 5.61505e+07 5.50315e+07 4.69992e+07
threshold=7.0802787666761651 3.0000000000000004 3.0000000000000004 3.5040265001487509 7.3409897451678408 3.4529119493941223 6.6727184231314114 3.9219243190762363 4.7207260464697853 4.2696729980286863 7.3995532830161315 7.2618342399737932 1.0000000180025095e-35 4.516324041782946 6.6727184231314114 3.8968964838426357 6.1003517537352172 5.8365149075246414 5.0829547538235884 4.4572458550956719 7.2311737507397504 5.1401994266131164 3.0848834447405333 4.7229433450037179 2.8477071124928428 1.0000000180025095e-35 4.4484992763719129 1.0000000180025095e-35 4.3851419095492004 7.295473267315983
decision_type=2 2 2 2 2 2 2 2 2 2 2 2 2 2 2 2 2 2 2 2 2 2 2 2 2 2 2 2 2 2
left_child=2 7 14 5 18 10 16 11 9 28 27 -2 17 -14 -1 22 -4 -12 23 -18 -9 -10 25 -5 -13 -8 -16 -3 -6 -7
right_child=1 3 6 4 8 29 15 20 21 -11 12 24 13 -15 26 -17 19 -19 -20 -21 -22 -23 -24 -25 -26 -27 -28 -29 -30 -31
leaf_value=-62.747187788550903 -34.596031513511463 -18.919157242370865 -35.963565846018945 42.423129438821199 75.799994847398708 86.723128866291745 -37.745149320620669 -7.5105559941059994 118.18237441006953 132.25635206538476 -24.13319777125805 -21.105740875656561 51.181059059556219 130.38877650855952 -51.304339174410643 14.341957701493079 -26.044318555887997 39.231339974730474 71.506898472281222 -13.228749501043129 11.724319219678373 134.81947693813399 28.383046170026677 69.030666024344313 -10.561548599427823 -7.3166629878562119 -36.122225426861327 18.508119214858809 93.600223236422963 133.17532311016711
leaf_weight=25586 9324 472 9691 3983 3870 278 836 3340 4549 2608 603 8801 6925 468 10285 6938 14317 628 2906 8553 8024 7967 486 1344 16196 3441 3236 2659 3151 1006
leaf_count=25586 9324 472 9691 3983 3870 278 836 3340 4549 2608 603 8801 6925 468 10285 6938 14317 628 2906 8553 8024 7967 486 1344 16196 3441 3236 2659 3151 1006
internal_value=0 33.9833 -36.3203 83.8007 99.232 47.8489 -17.5767 -13.3608 114.921 96.9161 39.6273 -19.7949 49.3432 56.1952 -57.5346 4.83438 -25.6302 8.1925 57.0324 -21.2515 6.07099 128.773 -9.01479 49.1362 -14.274 -13.2643 -47.6708 12.8659 83.7887 123.118
internal_weight=172471 89102 83369 43417 30378 13039 44262 45685 22145 9629 11755 34321 8624 7393 39107 11701 32561 1231 8233 22870 11364 12516 4763 5327 24997 4277 13521 3131 7021 1284
internal_count=172471 89102 83369 43417 30378 13039 44262 45685 22145 9629 11755 34321 8624 7393 39107 11701 32561 1231 8233 22870 11364 12516 4763 5327 24997 4277 13521 3131 7021 1284
is_linear=1
leaf_const=0 0 0 0 0 0 0 0 0 0 0 0 0 0 0 0 0 0 0 0 0 0 0 0 0 0 0 0 0 0 0
num_features=2 3 3 2 4 4 4 3 3 3 4 4 4 6 6 3 3 3 4 2 3 3 3 4 3 4 5 3 4 4 4
leaf_features=8 9  1 8 9  3 8 9  8 9  1 4 8 9  1 4 8 9  3 4 8 9  3 8 9  1 8 9  4 8 9  1 4 8 9  2 3 8 9  1 4 8 9  1 3 4 6 8 9  1 3 4 6 8 9  1 8 9  4 8 9  4 8 9  2 3 8 9  4 9  4 8 9  1 8 9  4 8 9  3 4 8 9  1 4 9  1 4 8 9  3 4 6 8 9  1 8 9  3 4 5 9  1 4 8 9  3 4 8 9  
leaf_coeff=-71.351172028074515 12.531528745271499  1.836579783537474 -17.199999999999999 -0.050000000000000003  8.1000978211872283 2141.7311856508254 -1187.5116005629302  -765.78123168945319 514.04732360839841  1.3686393950556521 24.351350360657673 242.28517761230469 -143.45455932617188  3.2937217021590186 27.361489335439185 -366.9203594445251 191.28713260907682  17.434236277407035 -4.2552677838015374 -2411.812619781494 1333.5188897132875  11.290105544470499 1146.8106275539847 -663.17461145166317  8.4164854179922255 2091.3283031463625 -586.44320020675661  15.034695246967022 -383.88606916181743 211.29864608608187  9.4341269341895906 0.97827016699884561 -221.50078102443368 128.23720395499842  12.744968200536915 28.844741864374988 -159.39376355945134 74.123805121099579  1.3945484287099135 4.0373188561325497 -163.23980725458824 39.790724229835909  3.6709419111595709 4.0237701345673544 6.3682709656663974 2.0458019333885207 -194.88536345208996 107.42437258572318  15.517917519747426 -5.2125910079848836 -0.097540653110627318 7.2440422637628217 -301.81346642654393 161.18661755006761  1.2862643914064393 -100.28535308837891 21.28891296386719  9.6750827967487574 58.485418589925395 -38.390916770324111  2.9660883087653702 -48.585934721757077 24.645070228925036  75.932558041343142 34.445211996943549 -185.46208621934056 40.177516388776716  4.8317114071487595 6.0536325781878988  4.5454379517380969 -80.140825720469735 43.655696202370748  5.019570451815162 -90.840993202221583 21.893318048043877  9.5295165193092544 -251.11533861644568 145.46146145705134  7.2738261703547327 -3.0432311235264935 -615.25357808545232 351.4679626019672  8.1722438533768589 -0.59023782186013707 2.9834957144339569  1.8171002216333136 11.189603505831792 -132.69191827983596 29.165109095850497  2.1708038475749163 4.0616137783874366 -1.0057835702238662 -68.704159250855454 37.898637804389004  3.4524635619440236 -583.33075370118024 158.86201093047859  8.684400116411064 7.5620843781054194 -1.6489318736122642 2.3055526567617108  2.4062093384916809 46.770145278707787 -453.18802335066721 226.42324622543529  10.264898504281883 3.3701385581953218 211.134100211598 -103.83336634421721  
shrinkage=0.1


Tree=2
num_leaves=31
num_cat=0
split_feature=9 8 8 4 9 3 9 1 4 1 9 9 5 1 9 4 9 2 4 4 9 4 3 1 4 4 1 4 5 9
split_gain=1.72401e+10 1.70265e+10 2.68518e+09 1.95105e+09 1.62909e+09 6.53587e+08 6.47091e+08 4.63225e+08 4.47358e+08 3.62125e+08 2.4757e+08 2.28485e+08 1.96963e+08 2.22774e+08 1.62868e+08 1.24796e+08 1.19336e+08 1.00045e+08 7.62546e+07 7.12303e+07 7.06757e+07 6.4921e+07 6.13134e+07 5.71401e+07 5.1352e+07 5.04426e+07 4.59733e+07 4.54818e+07 4.54147e+07 1.00523e+08
threshold=7.0802787666761651 3.0000000000000004 3.0000000000000004 3.5040265001487509 7.3356103405957258 3.4529119493941223 6.6727184231314114 3.9219243190762363 4.7207260464697853 4.516324041782946 7.3891586615022886 7.2311737507397504 1.0000000180025095e-35 4.516324041782946 6.6727184231314114 3.8968964838426357 6.1003517537352172 5.8365149075246414 5.1719024357057526 4.4572458550956719 7.2311737507397504 5.1401994266131164 3.0848834447405333 4.7229433450037179 2.8477071124928428 1.0000000180025095e-35 4.4005842009683471 1.0000000180025095e-35 4.6959141240107813 7.4106646516368597
decision_type=2 2 2 2 2 2 2 2 2 2 2 2 2 2 2 2 2 2 2 2 2 2 2 2 2 2 2 2 2 2
left_child=2 7 14 5 18 10 16 11 9 -6 27 -2 17 -14 -1 22 -4 -12 23 -18 -9 -10 25 -5 -13 -8 -16 -3 29 -22
right_child=1 3 6 4 8 -7 15 20 21 -11 12 24 13 -15 26 -17 19 -19 -20 -21 28 -23 -24 -25 -26 -27 -28 -29 -30 -31
leaf_value=-56.472466863963461 -31.189296747969696 -17.027204270282034 -32.367220410866679 38.379180572184708 75.588353625152067 110.80612862340386 -33.97064343890505 -6.7594997153954557 106.36414351883657 119.54438129124244 -21.71988272072862 -18.995111551778912 46.062952744466742 117.34989352756077 -46.194411436292036 12.907762133075167 -23.439878738423573 35.308206290794409 64.584068930811824 -11.905874820576765 12.495688719362363 121.33752688396767 25.54474119060815 62.118407328618332 -9.5054052188974101 -6.5849966740407284 -32.571146254063528 16.65730739219066 15.422672225653251 -32.338664956072883
leaf_weight=25586 9324 472 9691 4037 7080 1284 836 3340 4549 2549 603 8801 6925 468 10255 6938 14317 628 2842 8553 1653 7967 486 1354 16196 3441 3266 2659 5654 717
leaf_count=25586 9324 472 9691 4037 7080 1284 836 3340 4549 2549 603 8801 6925 468 10255 6938 14317 628 2842 8553 1653 7967 486 1354 16196 3441 3266 2659 5654 717
internal_value=0 30.5795 -32.6882 75.4206 89.3088 43.0641 -15.819 -12.0355 103.429 87.2244 35.6646 -17.8297 44.4089 50.5756 -51.7812 4.35094 -23.0672 7.37324 51.3292 -19.1264 5.46389 115.895 -8.11331 44.3415 -12.8466 -11.9379 -42.9037 11.5793 10.5519 -1.06812
internal_weight=172471 89102 83369 43417 30378 13039 44262 45685 22145 9629 11755 34321 8624 7393 39107 11701 32561 1231 8233 22870 11364 12516 4763 5391 24997 4277 13521 3131 8024 2370
internal_count=172471 89102 83369 43417 30378 13039 44262 45685 22145 9629 11755 34321 8624 7393 39107 11701 32561 1231 8233 22870 11364 12516 4763 5391 24997 4277 13521 3131 8024 2370
is_linear=1
leaf_const=0 0 0 0 0 0 0 0 0 0 0 0 0 0 0 0 0 0 0 0 0 0 0 0 0 0 0 0 0 0 0
num_features=2 3 3 2 4 4 4 3 3 3 4 4 4 6 6 3 3 3 4 2 3 3 3 4 3 4 4 3 3 4 3
leaf_features=8 9  1 8 9  3 8 9  8 9  1 4 8 9  1 4 8 9  3 4 8 9  3 8 9  1 8 9  4 8 9  1 4 8 9  2 3 8 9  1 4 8 9  1 3 4 5 8 9  1 3 4 5 8 9  1 8 9  4 8 9  4 8 9  2 3 8 9  4 9  4 8 9  1 8 9  4 8 9  3 4 8 9  1 4 9  1 4 8 9  3 4 8 9  1 8 9  3 4 9  1 5 8 9  1 8 9  
leaf_coeff=-64.216046791750713 11.278373604426452  1.6529222746315086 -16 0.050000000000000003  7.2900880788452929 1927.5580573379993 -1068.7604351669549  -689.20284118652353 462.64241027832031  1.2237827516277322 22.019104306492956 210.9860778808594 -125.25755920410157  3.0516267965815134 31.96070730927627 -365.97387316208335 187.38234317032621  17.739980148518953 -2.7174158221343534 -328.05221500983464 180.78668529018762  10.16109522979823 1032.1296230148525 -596.85718383155768  7.5748368997388758 1882.1952093124391 -527.79880714416504  13.531218302989146 -345.49747254084798 190.16879213983194  7.7865106770681454 0.68632057361755872 -195.05353925786915 113.81515076626093  11.470471717740748 25.960267986034342 -143.45439214797224 66.711426984018189  1.2550935705985014 3.6335872387945916 -146.91584986494854 35.811657995230057  3.25113218801298 3.6162998782623905 4.1482361291288274 1.3177786131581344 -174.16818615342493 96.592709333123651  13.870740519623361 -4.7216711739791206 -6.922229347275243 6.3244666647231504 -270.3330374740064 144.87081050500274  1.1335490436234978 -83.226761627197277 17.147740173339844  8.7075745358318279 52.636876836558805 -34.551825165306219  2.6694793608239027 -43.72733990955021 22.18056244167019  68.339303164212836 31.000687642697088 -166.91588756809944 36.159769345237876  3.5490808078415288 6.10770287176274  4.0908942317108199 -72.126745595013929 39.290127984408542  -1.4424539097366507 255.4229905208573 -66.932567285257392  8.5765654087881558 -226.00381620004774 130.91532038822771  6.5464434611480105 -2.7389079448319538 -553.72820980958647 316.32116035427902  7.4236831516009261 -0.64673284105374484 2.6956466090898177  1.6353901690715702 10.07064297124041 -119.42271906272509 26.248596301564248  2.2028288802614955 3.596663807926598 -72.22184630930424 39.249281962215903  3.1538102862037705 -523.76764195710427 142.58049955535679  8.1663424687575752 4.9087495216643449 0.94657316157700677  1.950740804179236 0.90318024299755284 -30.519603156484663 7.5634418129920959  16.730418148545869 11.020582270622254 -20.066400054562838  
shrinkage=0.1


Tree=3
num_leaves=31
num_cat=0
split_feature=9 8 8 4 9 3 9 1 4 1 9 9 6 1 9 4 9 2 4 4 9 4 1 1 5 4 3 1 9 1
split_gain=1.39636e+10 1.37928e+10 2.17499e+09 1.58035e+09 1.31956e+09 5.2945e+08 5.24142e+08 3.75496e+08 3.62359e+08 2.937e+08 2.00622e+08 1.88114e+08 1.58995e+08 1.80447e+08 1.31923e+08 1.01085e+08 9.66607e+07 8.02992e+07 6.18591e+07 5.88075e+07 5.39244e+07 5.25861e+07 5.06219e+07 4.97527e+07 5.19594e+07 4.21643e+07 4.03716e+07 3.89743e+07 3.73456e+07 3.72383e+07
threshold=7.0802787666761651 3.0000000000000004 3.0000000000000004 3.5040265001487509 7.3121996442511286 3.6124563134987047 6.6727184231314114 4.135134555718313 4.7207260464697853 4.6867395546766826 7.3995532830161315 7.2577269458540963 1.0000000180025095e-35 4.516324041782946 6.6727184231314114 3.8968964838426357 6.1003517537352172 5.8365149075246414 4.9921303812793063 3.5040265001487509 7.2311737507397504 5.1401994266131164 4.1026092131977068 6.463808880305316 1.0000000180025095e-35 2.8477071124928428 3.0848834447405333 4.7229433450037179 7.4904299414286815 4.4005842009683471
decision_type=2 2 2 2 2 2 2 2 2 2 2 2 2 2 2 2 2 2 2 2 2 2 2 2 2 2 2 2 2 2
left_child=2 7 14 5 18 10 16 11 9 -6 -3 -2 17 -14 -1 23 -4 -12 22 26 -9 27 -5 24 -8 -13 -18 28 -10 -16
right_child=1 3 6 4 8 -7 15 20 21 -11 12 25 13 -15 29 -17 19 -19 -20 -21 -22 -23 -24 -25 -26 -27 -28 -29 -30 -31
leaf_value=-50.825209819559461 -28.048690997468483 10.421342146369987 -29.130445035974404 32.335366226178415 68.201612425010666 99.780763959959032 -34.871168950052862 -5.6702847245071659 78.68607798244355 108.11410455653845 -19.270733372623269 -17.02432674969609 41.456657205850206 105.61490419827975 -41.574964690968677 11.616985993737204 -25.378681139106035 31.777385666634245 56.632421711561619 -13.225243721329591 9.6220694985249704 109.20378435589042 54.594699079934792 21.042981153857099 -5.8258907295208893 -8.4519530881291569 3.2241425574961164 114.81627879506171 99.316926304392922 -29.314031590440123
leaf_weight=25586 9402 3131 9691 3414 7144 1282 749 3262 1442 2485 605 8855 6925 468 10255 6938 8216 628 3361 14129 7867 7967 1458 548 3466 16299 525 866 2241 3266
leaf_count=25586 9402 3131 9691 3414 7144 1282 749 3262 1442 2485 605 8855 6925 468 10255 6938 8216 628 3361 14129 7867 7967 1458 548 3466 16299 525 866 2241 3266
internal_value=0 27.5197 -29.4194 67.8785 80.378 38.7576 -14.2371 -10.8356 93.0859 78.502 32.1036 -15.9805 39.9736 45.5181 -46.603 3.91583 -20.7605 6.72944 46.1962 -17.2137 5.13976 104.306 38.9967 -7.30201 -10.9872 -11.4697 -23.6607 95.7277 91.2394 -38.6133
internal_weight=172471 89102 83369 43417 30378 13039 44262 45685 22145 9629 11757 34556 8626 7393 39107 11701 32561 1233 8233 22870 11129 12516 4872 4763 4215 25154 8741 4549 3683 13521
internal_count=172471 89102 83369 43417 30378 13039 44262 45685 22145 9629 11757 34556 8626 7393 39107 11701 32561 1233 8233 22870 11129 12516 4872 4763 4215 25154 8741 4549 3683 13521
is_linear=1
leaf_const=0 0 0 0 0 0 0 0 0 0 0 0 0 0 0 0 0 0 0 0 0 0 0 0 0 0 0 0 0 0 0
num_features=2 3 4 2 4 4 4 3 3 3 4 4 4 6 6 3 3 4 4 2 3 3 3 3 4 5 4 4 4 4 3
leaf_features=8 9  1 8 9  3 4 8 9  8 9  1 4 8 9  1 4 8 9  3 4 8 9  1 8 9  1 8 9  1 4 9  1 4 8 9  2 3 8 9  1 4 8 9  1 3 4 6 8 9  1 3 4 6 8 9  1 8 9  4 8 9  3 4 8 9  2 3 8 9  4 8  4 8 9  1 8 9  4 8 9  1 4 9  1 4 8 9  1 4 5 8 9  1 4 8 9  3 4 8 9  1 4 8 9  1 4 8 9  1 8 9  
leaf_coeff=-57.794453105126742 10.150539578877215  1.4672024162553354 -14.200000000000001 -0.050000000000000003  4.4203068260801954 8.1899088102843969 1457.9026547908784 -807.00125370025637  -620.28282165527344 416.37835083007815  0.26399090451741358 19.038165607431438 244.43840942382815 -142.45663299560547  2.9807479303284712 28.786788392037352 -329.80223604105413 168.85256435978226  15.558397576261633 -2.5364417121865701 -296.0920521148015 163.47329789698125  11.633698452757017 649.23567519374194 -386.13602452948692  6.513513903776766 1946.6313798904421 -544.63836097717285  0.92219604837528102 34.019165774673461 -12.035859415095183  6.1456836341231798 0.17786533243561281 -167.05856263060124 98.865947464946657  10.355177527560864 24.397420766577785 -125.21337386530359 57.936517459095924  1.3239659326953417 3.3400727096104159 -132.96474773031659 32.409786230220924  2.9806747882453237 3.2593741210364899 5.1544984703591581 1.7099278185272397 -157.91765573411249 87.001746920961892  12.567961224333704 -4.2213189433983649 -0.073449785925186015 5.8404214605579909 -244.44740076214077 130.57045406680555  1.0201938623533351 -74.904184722900396 15.432994651794434  7.8368170683356766 47.373189032124358 -31.096642572456041  2.9931231279176416 2.9709096551828909 -25.575622307171582 10.960762689252443  61.50537247009725 27.900619118249235 -150.22429432049395 32.543790327361783  7.0718811122741503 4  4.669962565548178 -58.285548036432743 30.447327875788325  4.1568919548977652 -74.480228831025315 17.896144792198903  7.7189083205477802 -203.40342107452454 117.82378157582134  6.3882696833768939 -0.1270215195050696 2.3849579642883327  15.919232357636794 2.9230252394700074 85.319970086589464 -62.871636841446161  3.5526614433944363 0.65102932055674501 1.1286464457268266 16.513305976986885 -12.091197998821736  1.6680037117722919 9.124714494677665 -109.82521450896748 24.222464823402699  3.4613307055021494 -3.1646498388662625 -66.673742147982566 38.671122827558435  6.1427961654404504 -5.7843530043217477 -115.75138283222914 76.074101421143865  -0.39013025047606792 40.701149301230913 1006.770809173584 -549.59003982543948  2.8384292582672064 -471.39087597280741 128.32244909256698  
shrinkage=0.1


Tree=4
num_leaves=31
num_cat=0
split_feature=9 8 8 4 9 3 9 1 4 1 5 1 9 9 9 2 4 9 4 4 9 4 3 1 4 9 4 5 3 1
split_gain=1.13122e+10 1.11731e+10 1.76174e+09 1.2806e+09 1.06743e+09 4.28854e+08 4.24555e+08 3.04402e+08 2.93511e+08 2.38898e+08 1.63901e+08 1.76888e+08 1.49641e+08 1.18625e+08 1.06858e+08 8.62605e+07 8.18794e+07 7.82949e+07 5.11126e+07 4.76341e+07 4.71765e+07 4.27338e+07 4.07863e+07 3.80087e+07 3.72069e+07 8.02724e+07 3.35483e+07 3.34835e+07 3.2701e+07 3.0703e+07
threshold=7.0802787666761651 3.0000000000000004 3.0000000000000004 3.5040265001487509 7.3409897451678408 3.6124563134987047 6.6727184231314114 3.8815106545092593 4.7207260464697853 4.2696729980286863 1.0000000180025095e-35 4.1820210059610323 7.2450899875243113 7.3649549498321241 6.6727184231314114 5.8365149075246414 3.8968964838426357 6.1003517537352172 5.1719024357057526 3.5040265001487509 7.2311737507397504 5.1998763424853669 3.0848834447405333 4.4005842009683471 1.0000000180025095e-35 7.4073282940106013 2.8477071124928428 1.0000000180025095e-35 3.0848834447405333 4.7229433450037179
decision_type=2 2 2 2 2 2 2 2 2 2 2 2 2 2 2 2 2 2 2 2 2 2 2 2 2 2 2 2 2 2
left_child=2 7 14 5 18 10 17 12 9 -6 15 13 -2 -12 -1 -3 22 -4 23 28 -9 29 27 -5 25 -22 -14 -8 -19 -10
right_child=1 3 6 4 8 -7 16 20 21 -11 11 -13 26 -15 -16 -17 -18 19 -20 -21 24 -23 -24 -25 -26 -27 -28 -29 -30 -31
leaf_value=-45.742703554128468 -25.287816686360948 -22.815715240773102 -26.217379598565397 30.836044026095461 61.051827774243456 89.802687741664954 -27.642063210227278 -5.5546779813935059 82.539355699967771 96.495900262937965 11.79833840469872 84.500514380186573 -15.397656217054493 37.106797573377058 -34.751994931666985 22.182926875619135 10.455287524800921 -22.840816924184882 52.456395142116996 -11.902718644699345 10.373162444670898 98.426514769567618 20.87978248076184 49.851578651284278 12.936747234307731 -29.400206115064414 -7.7241963753533076 -5.3299926346382822 2.9017284744353522 103.31827872740018
leaf_weight=25586 9301 832 9691 3960 7021 1282 836 3363 3854 2608 2535 643 8797 6874 13521 873 6938 8216 2842 14129 1634 7790 486 1431 5683 736 16171 3441 525 872
leaf_count=25586 9301 832 9691 3960 7021 1282 836 3363 3854 2608 2535 643 8797 6874 13521 873 6938 8216 2842 14129 1634 7790 486 1431 5683 736 16171 3441 525 872
internal_value=0 24.7715 -26.4775 61.096 72.3477 34.8819 -12.8134 -9.74965 83.7773 70.6518 28.8932 33.7559 -14.461 30.2881 -41.9427 0.224645 3.52424 -18.6844 41.6044 -15.4924 4.39299 93.8753 -6.57184 35.8836 8.54722 -1.9784 -10.4278 -9.6912 -21.2947 86.3733
internal_weight=172471 89102 83369 43417 30378 13039 44262 45685 22145 9629 11757 10052 34269 9409 39107 1705 11701 32561 8233 22870 11416 12516 4763 5391 8053 2370 24968 4277 8741 4726
internal_count=172471 89102 83369 43417 30378 13039 44262 45685 22145 9629 11757 10052 34269 9409 39107 1705 11701 32561 8233 22870 11416 12516 4763 5391 8053 2370 24968 4277 8741 4726
is_linear=1
leaf_const=0 0 0 0 0 0 0 0 0 0 0 0 0 0 0 0 0 0 0 0 0 0 0 0 0 0 0 0 0 0 0
num_features=2 3 4 2 4 4 4 3 3 4 4 5 6 4 6 2 4 3 4 2 3 3 3 4 3 4 3 4 5 4 4
leaf_features=8 9  1 8 9  2 3 8 9  8 9  1 4 8 9  1 4 8 9  3 4 8 9  3 8 9  1 8 9  1 4 8 9  1 4 8 9  1 3 4 5 9  1 3 4 5 8 9  1 4 8 9  1 3 4 5 8 9  8 9  2 3 8 9  4 8 9  3 4 8 9  4 9  4 8 9  1 8 9  4 8 9  3 4 8 9  1 4 9  1 4 8 9  1 8 9  1 4 8 9  3 4 5 8 9  3 4 8 9  1 4 8 9  
leaf_coeff=-52.015005290386036 9.135484871660811  1.308153754791072 -12.600000000000001 -0.050000000000000003  9.8527429474971999 20.937909433136113 -180.07762074221102 87.831322309782266  -558.25462951660154 374.74057617187503  0.61794583691225857 17.8977534946549 168.61936035156251 -100.23556213378907  2.1823019912393646 25.904917874966806 -295.48451316747816 151.26716869701633  14.002557662033361 -2.2827976720716836 -266.48284851335922 147.1259691284271  9.7090428129147774 829.63623122647414 -479.81120949517936  6.1166345268546145 1540.6579431533814 -431.94824271202089  0.37263011473405644 34.558696590977341 -420.92204799475149 213.28015823140743  6.6329421581791399 0.6810337972092384 -160.94761872263626 93.427620348054916  2.2546830953033181 0.49253098889027458 0.10076655095890602 1.2590434292152395 0.17901593741667057  13.533884543745797 -1.970874173142056 -1.7484260965036811 2.7344616236536243 -295.30440815889744 157.57899755231338  0.96577211549192732 2.9332013821548877 -118.74884558366612 28.942645088513384  1.8386610015135376 3.2315231779584792 3.5394315183120626 0.9686894291801309 -142.1263821730856 78.867648424091755  62.93662364184857 -22.995540153980258  58.811562271345252 28.349104290597325 -250.58937949514367 88.074797477909314  7.0531353661281173 42.635868953657337 -27.9869776412379  2.6938108542338512 2.6738186153383596 -23.018062686490886 9.8646880477404935  2.4869856717417864 5.2756487617210954  4.2029662335747959 -52.45699322077126 27.402595145214583  -0.74589528809592598 150.13033516667784 -39.031546469987376  6.2702743896865289 -177.6745689470321 103.69118478503079  4.606699370207207 -2.3912760211755084 -443.55503537785262 253.94465620890261  5.9723188070092874 -0.24790573504978966 2.0533603575788222  1.3687909080724241 0.88982080454277368 -19.80317357494496 5.5392417906434277  14.290958408779261 62.221948236227036 -31.57447269749828  1.2516135594125559 8.1794103382668482 -95.755437110550702 20.991233857313638  1.1661258159675527 4.1882780160777431 -0.99744154164527576 -49.081155163049701 27.18697277158499  3.1151977180174186 -2.8481849110169151 -60.006366512236127 34.804009650606531  5.5089402855992375 -5.4982422689310626 -104.39830880546943 68.791130763757977  
shrinkage=0.1


Tree=5
num_leaves=31
num_cat=0
split_feature=9 8 8 4 9 3 9 1 4 1 5 1 9 9 9 1 4 9 4 4 3 5 0 5 9 1 1 4 4 4
split_gain=9.162e+09 9.05138e+09 1.42701e+09 1.03729e+09 8.64623e+08 3.47379e+08 3.4389e+08 2.46751e+08 2.38091e+08 2.07962e+08 1.3318e+08 1.43379e+08 1.23623e+08 9.59134e+07 8.65551e+07 7.06139e+07 6.69333e+07 6.34195e+07 4.14014e+07 3.92123e+07 3.82196e+07 3.53899e+07 9.49164e+07 3.52251e+07 3.15119e+07 3.08739e+07 3.01526e+07 2.84319e+07 2.83544e+07 2.76623e+07
threshold=7.0802787666761651 3.0000000000000004 3.0000000000000004 3.5040265001487509 7.3409897451678408 3.4529119493941223 6.6727184231314114 4.135134555718313 4.789570747856378 4.2696729980286863 1.0000000180025095e-35 4.1026092131977068 7.2658909934784326 7.4158822636798156 6.6727184231314114 5.7381826048292135 4.4687734560090773 6.1003517537352172 5.1719024357057526 4.577281678253593 2.9208188926529206 4.6959141240107813 0.89587973461402759 1.0000000180025095e-35 7.2618342399737932 4.2268071048866842 4.516324041782946 4.3851419095492004 5.2483381333636219 2.8477071124928428
decision_type=2 2 2 2 2 2 2 2 2 2 2 2 2 2 2 2 2 2 2 2 2 2 2 2 2 2 2 2 2 2
left_child=2 7 14 5 18 10 17 12 9 27 15 13 -2 -12 -1 -3 20 -4 25 -19 23 22 -9 -8 -23 -5 -16 -6 -10 -14
right_child=1 3 6 4 8 -7 16 21 28 -11 11 -13 29 -15 26 -17 -18 19 -20 -21 -22 24 -24 -25 -26 -27 -28 -29 -30 -31
leaf_value=-41.168431317439044 -22.732834731951243 -22.624014751752902 -23.59568692767181 27.629048979251863 49.552247929338961 80.780243289359262 -24.877590343045991 -28.304512852284688 78.465177786421165 87.28425398808821 10.605306908720058 75.765425937259991 -13.792023521549348 33.37168586119428 -33.910061625914679 18.354757150179111 12.179940015139191 -16.801237575439888 47.210756698919802 -7.9441589953001275 18.000113098858058 -1.2957469694733972 8.8724040820888526 -2.7821915070117824 11.873388934317305 44.568569345185253 -22.808000090533341 61.916070657201203 88.68949516886947 -6.8486086946680871
leaf_weight=25586 9402 757 9691 3906 3870 1284 836 1110 4203 2843 2533 651 8855 6868 10314 946 4838 15490 2842 7380 758 2712 1801 5269 5506 1485 3207 3581 7648 16299
leaf_count=25586 9402 757 9691 3906 3870 1284 836 1110 4203 2843 2533 651 8855 6868 10314 946 4838 15490 2842 7380 758 2712 1801 5269 5506 1485 3207 3581 7648 16299
internal_value=0 22.2922 -23.8297 54.9864 65.1129 31.3937 -11.532 -8.77894 75.3996 64.2741 25.9992 30.3803 -12.9496 27.2375 -37.7485 0.139296 3.17183 -16.816 37.444 -13.9431 -3.17834 4.17126 -5.30361 -5.80787 7.52748 32.2952 -31.2768 55.4944 85.0634 -9.29291
internal_weight=172471 89102 83369 43417 30378 13039 44262 45685 22145 10294 11755 10052 34556 9401 39107 1703 11701 32561 8233 22870 6863 11129 2911 6105 8218 5391 13521 7451 11851 25154
internal_count=172471 89102 83369 43417 30378 13039 44262 45685 22145 10294 11755 10052 34556 9401 39107 1703 11701 32561 8233 22870 6863 11129 2911 6105 8218 5391 13521 7451 11851 25154
is_linear=1
leaf_const=0 0 0 0 0 0 0 0 0 0 0 0 0 0 0 0 0 0 0 0 0 0 0 0 0 0 0 0 0 0 0
num_features=2 3 4 2 4 4 4 3 4 3 4 5 6 4 6 3 4 3 3 2 3 4 3 4 5 4 3 3 4 3 4
leaf_features=8 9  1 8 9  1 3 8 9  8 9  1 4 8 9  1 4 8 9  3 4 8 9  3 8 9  1 5 8 9  4 8 9  1 4 8 9  1 3 4 5 9  1 3 4 5 8 9  1 4 8 9  1 3 4 5 8 9  1 8 9  1 3 8 9  4 8 9  4 8 9  4 9  4 8 9  3 4 8 9  1 5 9  0 1 8 9  3 4 5 8 9  1 5 8 9  1 4 9  1 8 9  1 4 8 9  4 8 9  1 4 8 9  
leaf_coeff=-46.81350404751138 8.221936146025838  1.1793238472926346 -11.800000000000001 -0.050000000000000003  7.9956700559523597 14.218503313981456 -164.19668827062708 80.603494373333533  -502.42904663085938 337.26643676757817  0.26026433925871972 16.232878224372691 141.80046386718752 -84.77542266845704  2.1428817074423931 15.960097862392651 -231.10226053162478 121.40821207112168  12.902748008011258 -1.9852894126557659 -239.05833584433424 131.7656960734632  8.7381385351716752 746.67260571420195 -431.8300871798769  26.846274783297442 14.083517594084151 -304.37327244326008 57.329429357216583  11.67794165240266 -279.41655132118615 152.19580875420942  5.8810586861258347 2.4977866231180088 -142.27968095429242 81.762419399619105  1.9733812380598637 0.20740349998116586 0.093146575085211236 1.1319698322157137 0.16197371472976557  12.237650992328065 -1.8274344358666896 -1.6898349281254923 2.5193788147007581 -265.60759788829603 141.6628998180735  1.0616741704982133 2.6948948300190088 -107.90787859973499 26.309803407907022  1.5582826727380052 2.8119213925323496 3.18782926879951 0.87149026129072815 -127.97017946690322 71.011512746731754  0.94920805759611548 -82.765116882324222 18.781921195983887  50.426879003184752 13.857249635448262 -217.38460168774765 77.057235604483878  4.6011932646615836 25.527775544067847 -16.394088177522644  1.9716705943937201 -31.450242463662292 15.901948459438428  2.2382865573632444 4.7480843530225689  1.9862692540269109 -55.122289277469832 31.056866087887101  2.6239064696925198 -1.2049806355589681 -413.93528174161912 238.15142581686379  1.8365189619806601 0.24583277427764189 -1.9993758416580194  -0.1455790209260158 3.5602985384917702 -118.63487586956472 30.343687811680141  1.285892802608305 3.6273484669965685 -0.77971097757720154 -18.151023167744281 9.47811928279698  0.75111432561888025 0.58957632453855247 -8.2157177457818769 2.4497734994743952  5.2442220147067475 -0.027493738108205434 1.8408327121296679  2.4574489459366307 -433.17176262289286 118.63178530149162  1.2164513899919258 26.789676123701796 -298.34082312751565 151.45157099650243  5.1911958471173421 -153.22814369760454 90.099054847657683  1.3384642024993356 7.412665335374732 -89.178452991601091 19.66986118850182  
shrinkage=0.1


Tree=6
num_leaves=31
num_cat=0
split_feature=9 8 8 4 9 3 9 1 4 1 4 2 9 9 9 1 4 9 4 1 4 4 9 1 3 1 6 9 4 9
split_gain=7.42404e+09 7.32769e+09 1.15588e+09 8.40202e+08 7.00343e+08 2.81409e+08 2.78551e+08 1.9965e+08 1.92854e+08 1.69242e+08 1.07553e+08 1.16198e+08 9.72057e+07 7.73753e+07 7.01094e+07 5.67351e+07 5.45697e+07 5.13692e+07 3.35691e+07 3.21491e+07 4.11567e+07 3.19659e+07 3.15433e+07 2.79293e+07 2.65989e+07 2.44262e+07 2.41074e+07 5.53732e+07 2.37182e+07 2.36821e+07
threshold=7.0802787666761651 3.0000000000000004 3.0000000000000004 3.5040265001487509 7.3188928643793965 3.6124563134987047 6.6727184231314114 3.8815106545092593 4.789570747856378 3.9981586158983733 1.0000000180025095e-35 3.9134495399193496 7.2618342399737932 7.3695121058795907 6.6727184231314114 5.7381826048292135 4.577281678253593 6.1003517537352172 5.0767338789019494 6.4126386124386281 1.0000000180025095e-35 3.5040265001487509 7.2311737507397504 3.9219243190762363 3.0848834447405333 4.4005842009683471 1.0000000180025095e-35 7.4182839836280507 4.3851419095492004 7.4271755523508984
decision_type=2 2 2 2 2 2 2 2 2 2 2 2 2 2 2 2 2 2 2 2 2 2 2 2 2 2 2 2 2 2
left_child=2 7 14 5 18 10 17 12 9 28 15 13 -2 -12 -1 -3 19 -4 23 20 -8 24 -9 -5 -19 -16 27 -24 -6 -10
right_child=1 3 6 4 8 -7 16 22 29 -11 11 -13 -14 -15 25 -17 -18 21 -20 -21 -22 -23 26 -25 -26 -27 -28 -29 -30 -31
leaf_value=-37.051576545227775 -20.42734075885576 -20.18541343348771 -21.236078201591532 23.575466252972859 44.163592644181598 72.743148753553768 -26.892285643532166 -4.566239286510541 70.935628674622848 77.948699310477011 9.5299739092341156 67.607639462138863 -8.4505643824437069 29.990524113032116 -30.547755261769478 16.519281425070311 11.843689936780862 -18.696453347728163 41.654739408262458 16.99638420079005 -1.8012650418680736 -9.6082234501627752 8.0184180574243928 39.733218825594548 4.5203603561719259 -20.617590998931671 10.498103645991927 -26.034183627627733 55.556946577749301 80.111885625823476
leaf_weight=25586 9301 759 9691 3458 3782 1282 735 3363 4591 2977 2531 669 24968 6852 10255 946 4282 8216 3226 771 5913 14129 1707 1549 525 3266 5683 663 3535 7260
leaf_count=25586 9301 759 9691 3458 3782 1282 735 3363 4591 2977 2531 669 24968 6852 10255 946 4282 8216 3226 771 5913 14129 1707 1549 525 3266 5683 663 3535 7260
internal_value=0 20.0708 -21.4467 49.4877 58.6016 28.2543 -10.3788 -7.88568 67.8596 57.8467 23.4032 27.3423 -11.7012 24.4714 -33.9736 0.179772 2.85464 -15.1344 33.6996 -2.33354 -4.57532 -12.5488 3.56791 28.5741 -17.302 -28.1491 6.9648 -1.50769 49.668 76.5571
internal_weight=172471 89102 83369 43417 30378 13039 44262 45685 22145 10294 11757 10052 34269 9383 39107 1705 11701 32561 8233 7419 6648 22870 11416 5007 8741 13521 8053 2370 7317 11851
internal_count=172471 89102 83369 43417 30378 13039 44262 45685 22145 10294 11757 10052 34269 9383 39107 1705 11701 32561 8233 7419 6648 22870 11416 5007 8741 13521 8053 2370 7317 11851
is_linear=1
leaf_const=0 0 0 0 0 0 0 0 0 0 0 0 0 0 0 0 0 0 0 0 0 0 0 0 0 0 0 0 0 0 0
num_features=2 3 4 2 4 4 4 3 3 3 4 4 5 3 5 3 4 3 4 3 4 4 3 3 3 4 3 4 3 4 3
leaf_features=8 9  1 8 9  1 3 8 9  8 9  1 4 8 9  1 4 8 9  3 4 8 9  1 8 9  1 8 9  4 8 9  1 4 8 9  2 3 4 9  2 3 4 8 9  1 8 9  2 3 4 8 9  1 8 9  1 3 8 9  4 8 9  3 4 8 9  4 8 9  1 4 8 9  1 4 8 9  4 8 9  1 8 9  1 4 9  3 4 8 9  1 8 9  1 6 8 9  1 8 9  1 4 8 9  4 8 9  
leaf_coeff=-42.132152786575901 7.3997420855983371  1.0594063593541088 -10.800000000000001 0.125  7.2535178184429698 13.726106245571168 -148.03987193401846 72.648697431458274  -452.18618774414062 303.53982543945312  -0.10199774862339837 13.589942502661144 192.73290100097657 -111.72042388916016  1.2726714958169396 14.305595280682065 -205.86099849543535 108.17697747580242  11.312027117436083 -1.8559891863937084 -215.92872674034444 119.23680076793535  10.095100571534932 439.12887117341165 -263.28212620541456  4.9249924866599031 1304.9283624649049 -365.62827486991887  10.918841492361389 228.66200196146966 -121.71442279815675  5.7709608287379526 2.6133476995280946 -129.44533008430153 73.72414969182573  1.3876140334804763 1.5113251394896454 1.4351859222493943 0.91434994651413115  11.604229578371339 0.71403319628834661 1.2317320262343856 -236.68717161174865 127.35218265497825  1.5255457170509545 -72.298429684946314 18.152969762601426  0.91206796517271871 4.9909949767014048 3.909419019877987 -113.73363382653334 63.719954549986873  0.82325435269158342 -65.430723190307617 14.311001396179201  45.384190999891828 12.471524330314423 -195.646141239602 69.351511979632775  2.7885525059858085 30.897962737665512 -18.188648726418617  2.424429705283953 2.2092697548195477 -17.571233160977137 7.2880249840200122  4.4609616478413958 2.4000000000000004 1.2000000000000002  10.43168133560539 2.0494589299829387 12.068981616571547 -15.646125999651851  2.3166762271781636 1.6993293508617171 95.759855468315081 -56.144802299980078  3.3481717074718746 -42.533597942886267 22.268878406814839  -2.8984022957614801 290.00992739000361 -75.581976720970133  4.4999506497264976 0.21364885787243112 1.6988818126641492  2.8036779147503186 -2.7605334568689162 -50.860706185025634 29.73341420583165  2.290613876848147 -387.71465943679215 106.0827254459262  1.1767795900678266 0.69975053121589781 -18.434861245774666 4.8610464664001487  11.158320320385975 -76.723899762053051 8.6267734243068848  0.72883699136873481 24.339857072848101 -269.14652897985655 136.51536039593631  1.9583408744772897 168.01130165606739 -80.511022576317202  
shrinkage=0.1


Tree=7
num_leaves=31
num_cat=0
split_feature=9 8 8 4 9 3 9 1 4 1 5 1 9 9 9 1 4 9 4 9 4 1 5 1 1 9 4 1 9 4
split_gain=6.0108e+09 5.93269e+09 9.36263e+08 6.79539e+08 5.70086e+08 2.27941e+08 2.25627e+08 1.61917e+08 1.56211e+08 1.37139e+08 8.7118e+07 9.42639e+07 7.84927e+07 6.31391e+07 5.67887e+07 4.59788e+07 4.42013e+07 4.16098e+07 2.68888e+07 2.65119e+07 2.63018e+07 2.60407e+07 3.33363e+07 2.33524e+07 2.18541e+07 2.32444e+07 2.17772e+07 2.14837e+07 2.0287e+07 1.98542e+07
threshold=7.0802787666761651 3.0000000000000004 3.0000000000000004 3.5040265001487509 7.3409897451678408 3.6124563134987047 6.6727184231314114 3.7726948748059121 4.789570747856378 4.9308638091439496 1.0000000180025095e-35 4.2268071048866842 7.2450899875243113 7.3188928643793965 6.6727184231314114 5.688667405331941 4.577281678253593 6.1003517537352172 4.7557407320560605 7.2311737507397504 4.577281678253593 6.4126386124386281 1.0000000180025095e-35 4.9089648320872419 3.5114340430413216 6.1003517537352172 2.8477071124928428 3.6505739029280164 7.295473267315983 5.3435289956635019
decision_type=2 2 2 2 2 2 2 2 2 2 2 2 2 2 2 2 2 2 2 2 2 2 2 2 2 2 2 2 2 2
left_child=2 7 14 5 18 10 17 12 9 -6 15 13 -2 -12 24 -3 21 -4 27 -9 23 22 -8 -19 -1 -26 -14 -5 -7 -10
right_child=1 3 6 4 8 28 16 19 29 -11 11 -13 26 -15 -16 -17 -18 20 -20 -21 -22 -23 -24 -25 25 -27 -28 -29 -30 -31
leaf_value=-35.597663445166305 -18.439670277547336 -18.907770219016257 -19.112523222614179 18.686647109317175 45.405940499018698 41.562689488911801 -24.202851873163869 -4.2608318051492331 63.845491635321757 72.077014695906641 8.6128874345327571 61.962940781338709 -11.651062611861065 27.068731514210967 -25.334213071362825 14.303184899043927 10.65932072000713 -15.476817336220975 35.381441220294171 6.2221036480219087 -6.3808011201662103 15.296745801658098 -1.6211386337228664 -5.4507202055293469 -36.8400634264461 -26.204803925799201 -5.4590590282142228 35.140462760267589 72.088264254079874 72.214968325149627
leaf_weight=16058 9237 726 9691 2512 7725 278 735 3427 4692 2569 2537 633 8778 6882 13521 979 4282 12644 4561 8150 7380 771 5913 2846 2999 6529 16093 1160 1004 7159
leaf_count=16058 9237 726 9691 2512 7725 278 735 3427 4692 2569 2537 633 8778 6882 13521 979 4282 12644 4561 8150 7380 771 5913 2846 2999 6529 16093 1160 1004 7159
internal_value=0 18.0555 -19.3021 44.5246 52.7209 25.4289 -9.34095 -7.09959 61.0737 52.062 21.0629 24.6081 -10.568 22.0977 -30.5763 0.161746 2.56919 -13.6209 30.2537 3.11897 -11.2939 -2.10016 -4.11776 -13.6347 -33.3464 -29.5523 -7.64447 23.8845 65.4688 68.9014
internal_weight=172471 89102 83369 43417 30378 13039 44262 45685 22145 10294 11757 10052 34108 9419 39107 1705 11701 32561 8233 11577 22870 7419 6648 15490 25586 9528 24871 3672 1282 11851
internal_count=172471 89102 83369 43417 30378 13039 44262 45685 22145 10294 11757 10052 34108 9419 39107 1705 11701 32561 8233 11577 22870 7419 6648 15490 25586 9528 24871 3672 1282 11851
is_linear=1
leaf_const=0 0 0 0 0 0 0 0 0 0 0 0 0 0 0 0 0 0 0 0 0 0 0 0 0 0 0 0 0 0 0
num_features=3 3 4 2 4 4 4 3 3 3 4 5 6 4 6 2 4 3 4 3 3 3 4 5 4 2 3 4 3 4 3
leaf_features=1 8 9  1 8 9  1 3 8 9  8 9  1 4 8 9  1 4 8 9  3 4 8 9  1 8 9  1 8 9  4 8 9  1 4 8 9  1 3 4 5 9  1 3 4 5 8 9  1 4 8 9  1 3 4 5 8 9  8 9  1 3 8 9  4 8 9  1 4 8 9  4 8 9  1 8 9  4 8 9  1 4 8 9  1 4 5 8 9  1 4 8 9  1 9  1 8 9  1 4 8 9  1 4 9  3 4 8 9  4 8 9  
leaf_coeff=1.0159081620359529 -27.248125512410482 2.8674949227432083  0.87510402478711724 -10.5 0.30000000000000004  5.9625761011006944 12.522453895484752 -133.12358434857452 65.599979361177247  -406.96775207519534 273.18596649169922  0.14346496882499196 9.136711545509753 475.64674911499026 -265.98918876647951  2.0817174085812442 18.45408856911348 -219.22999051199295 112.54548225214239  8.5392422238131989 -2.6919480752520033 -2036.069825935364 1125.9280922412872  9.0855905248801729 395.21598495692018 -236.95391410700978  4.370865990490711 1226.8168478012085 -343.50070905685425  11.858239478675115 -232.88512223977597 125.18561500385404  1.9874607063899932 1.1021559480461292 -88.762631879374396 54.93365943352692  1.7424964867547432 0.18569488749038712 -0.063638070404454086 1.020919897352178 0.052618058609550648  9.4110722935958737 -1.508993970769825 -2.2475392717366049 2.3480318147754589 -216.51823638580973 115.88611188288196  0.49172825304499385 2.3802087980979181 -88.632660462008801 21.541561129613548  1.4191019780158514 2.1067784828181177 2.4704378925211135 0.78665374874544802 -103.72468179911375 57.496887828037146  45.880843445658684 -16.763761694729329  39.40587393998868 11.175404484157525 -173.32394387194074 62.180567582360531  2.5096972619813642 27.808166247396731 -16.369783734309021  0.12603458436119083 1.4745615165414621 -19.471460713064882 8.9483660347927074  6.1797761105758129 -1 0.90000000000000002  2.4808389713278305 -42.918974671291657 10.356815544348501  1.4528251874419256 -45.356700642474244 25.724291667697255  9.3885132025956413 1.844513011712843 10.862079646810891 -14.08151120953262  2.2715223333104633 -0.5573710652815862 1.7528206060910634 87.797323191794575 -52.878244791598995  8.370213092978549 3.5719553376640762 -59.165583529815194 25.840117900917541  -2.4009547355917222 -3.9025345963184921  1.4235966301439931 -62.187685440602948 13.807166119129398  0.70885092627042923 6.6950037100958752 -69.352922929567285 14.897141298034695  4.0139655618235794 -0.60386792650642751 2.0171148445218932  1.7162882839838858 4.0596406026423209 322.23921318380167 -166.14182017599234  2.1719422265130564 -104.22606195770204 63.936547959037128  
shrinkage=0.1


Tree=8
num_leaves=31
num_cat=0
split_feature=9 8 8 4 9 3 9 1 4 1 5 1 9 9 9 1 4 9 5 0 4 1 1 4 1 5 4 1 1 9
split_gain=4.8679e+09 4.80347e+09 7.58373e+08 5.49919e+08 4.63162e+08 1.84644e+08 1.82758e+08 1.31176e+08 1.26637e+08 9.90319e+07 7.07928e+07 7.65496e+07 6.27608e+07 5.05991e+07 4.60931e+07 3.75747e+07 3.59943e+07 3.37036e+07 2.70848e+07 6.93214e+07 2.27681e+07 2.6552e+07 2.21646e+07 2.18909e+07 2.17137e+07 2.55069e+07 2.13045e+07 1.89155e+07 1.79669e+07 1.88728e+07
threshold=7.0802787666761651 3.0000000000000004 3.0000000000000004 3.5040265001487509 7.3308964213358783 3.4529119493941223 6.6727184231314114 3.6505739029280164 4.6563356515368231 4.8081027000528378 1.0000000180025095e-35 3.9607678160667752 7.2450899875243113 7.3695121058795907 6.9806439251984793 5.688667405331941 4.4687734560090773 6.1003517537352172 4.6959141240107813 0.89587973461402759 5.1719024357057526 4.7229433450037179 4.516324041782946 5.1719024357057526 6.4126386124386281 1.0000000180025095e-35 4.577281678253593 4.9089648320872419 3.6242520361853052 6.1003517537352172
decision_type=2 2 2 2 2 2 2 2 2 2 2 2 2 2 2 2 2 2 2 2 2 2 2 2 2 2 2 2 2 2
left_child=2 7 14 5 23 10 17 12 9 -6 15 13 -2 -12 28 -3 24 -4 19 -9 21 -10 -16 -5 25 -8 27 -19 -1 -30
right_child=1 3 6 4 8 -7 16 18 20 -11 11 -13 -14 -15 22 -17 -18 26 -20 -21 -22 -23 -24 -25 -26 -27 -28 -29 29 -31
leaf_value=-32.009853553978942 -16.610192810326673 -17.173668991900382 -17.201250020358696 23.442561210981882 39.768724997477904 58.891989053075555 -21.782598072112012 -24.919384964295567 52.540633795773175 64.064228997783601 7.7051616688223579 54.518919567494663 -6.9256575863686267 24.261050683682413 -24.9337500905912 12.872866400445034 8.9181291060587657 -13.929149378615627 5.4790471098688878 6.5636980411413619 64.612221871534388 70.165765480404133 -15.152403691016048 34.288423696862907 13.762363509414342 -1.9224347602231315 -5.742721208815329 -4.9056481169774946 -33.213093428590689 -23.59144460139305
leaf_weight=16231 9173 724 9691 5391 6747 1284 735 1139 4202 2233 2528 681 24737 6843 10311 979 4838 12644 8824 1812 7890 1073 2988 2842 746 5382 7380 2846 2943 6634
leaf_count=16231 9173 724 9691 5391 6747 1284 735 1139 4202 2233 2528 681 24737 6843 10311 979 4838 12644 8824 1812 7890 1073 2988 2842 746 5382 7380 2846 2943 6634
internal_value=0 16.247 -17.3719 40.0642 47.4375 22.886 -8.40686 -6.38783 54.9663 45.8101 18.9531 22.1473 -9.54542 19.7948 -27.5186 0.0991191 2.31227 -12.2588 2.70551 -5.58785 61.2119 56.1258 -22.7361 27.1865 -2.34446 -4.30877 -10.1645 -12.2712 -29.9831 -26.5482
internal_weight=172471 89102 83369 43417 30378 13039 44262 45685 22145 8980 11755 10052 33910 9371 39107 1703 11701 32561 11775 2951 13165 5275 13299 8233 6863 6117 22870 15490 25808 9577
internal_count=172471 89102 83369 43417 30378 13039 44262 45685 22145 8980 11755 10052 33910 9371 39107 1703 11701 32561 11775 2951 13165 5275 13299 8233 6863 6117 22870 15490 25808 9577
is_linear=1
leaf_const=0 0 0 0 0 0 0 0 0 0 0 0 0 0 0 0 0 0 0 0 0 0 0 0 0 0 0 0 0 0 0
num_features=3 3 4 2 3 4 4 3 4 4 4 5 6 3 6 2 4 3 4 4 4 3 4 3 2 4 5 3 4 2 3
leaf_features=1 8 9  1 8 9  1 3 8 9  8 9  4 8 9  1 4 8 9  3 4 8 9  1 8 9  1 5 8 9  1 4 8 9  1 4 8 9  1 3 4 5 9  1 3 4 5 8 9  1 8 9  1 3 4 5 8 9  1 9  1 3 8 9  4 8 9  1 4 8 9  1 5 8 9  0 1 8 9  4 8 9  1 4 8 9  1 8 9  4 9  1 4 8 9  1 4 5 8 9  4 8 9  1 4 8 9  1 9  1 8 9  
leaf_coeff=0.91447888204550054 -24.462628805237184 2.5620050578054361  0.76746524930286075 -8.8000000000000007 0.125  5.3046126252616892 10.318322257652222 -119.52556720171124 58.924390793367643  -366.270751953125 245.86721649169922  8.0207635583850792 -430.81304931640625 236.57435760498049  1.7835389905451848 16.831632727436773 -190.20448648557067 97.360266942670577  9.3699665244006614 -1.4528192936699271 -174.18300421126187 96.034865898569123  8.1770315540650707 355.69438419062647 -213.25852146102116  20.233658009743159 12.705950146747547 -272.68406854753852 54.580546822026378  0.51248241913854142 21.223699232532454 -291.26078824866562 148.84464071537369  2.6286758753351025 -1.2923315145533707 -94.779319639969628 57.914271071460099  1.2639575250090986 0.33367980011556853 -0.038989381753003732 0.90819104782103754 0.055302551983925245  9.2589178901951481 -1.1058160974908788 -1.0563777990988457 1.7696111845587439 -192.7051565292175 102.51119197968511  0.99039421656472093 -57.847193677374165 14.514757378969808  0.82494488479387662 2.4286009685500178 2.2706747427228948 0.68663323344730998 -92.916555913304919 51.52794082069304  0.76785548444703977 -3.6174589908509369  35.465286655732221 10.057863952702929 -155.9915487561608 55.962510336532432  3.2691446748522823 17.65125689858105 -11.330984857236036  0.11343118261163028 1.3271052700318877 -17.524315185067827 8.0535297988928516  1.3934339857697802 0.57019903647557946 -140.38072245111107 36.917473887717641  -0.41476808833403994 3.33741139638787 -126.20279589078855 32.401170524413466  3.9081484880327482 -121.40038898736239 70.786772891506558  4.1659786150148648 15.172507156459325 -53.871130125224596 24.98566692294553  1.4573579531162979 -7426.2294647216804 2122.6913459777834  0.95038452987573696 3.9858265624965501  8.4930407664010996 1.7237312870216557 12.760705930739642 -14.43234280794859  2.1266233713243312 -0.61266572171975897 1.493347816038022 67.798522536084064 -41.046751862205568  1.3075426740471301 -40.821030243123097 23.151862293827435  7.5331916679432602 3.2147597353242077 -53.249024919973095 23.256106105001166  -2.2564963483451268 -3.4121134365326728  1.2728303119186082 -42.341789986609371 8.2235874469886774  
shrinkage=0.1


Tree=9
num_leaves=31
num_cat=0
split_feature=9 8 8 4 9 3 9 1 4 1 9 9 4 1 9 4 9 4 1 5 0 4 1 4 1 4 1 5 3 9
split_gain=3.94257e+09 3.89141e+09 6.14282e+08 4.45434e+08 3.7516e+08 1.49572e+08 1.48033e+08 1.06688e+08 1.02597e+08 9.18744e+07 5.72849e+07 5.48776e+07 4.67053e+07 3.83729e+07 3.73356e+07 2.9356e+07 2.73e+07 2.11122e+07 2.25359e+07 2.10383e+07 5.12119e+07 1.86888e+07 1.79533e+07 1.77315e+07 1.73409e+07 1.72566e+07 1.72318e+07 2.1562e+07 1.53304e+07 1.47201e+07
threshold=7.0802787666761651 3.0000000000000004 3.0000000000000004 3.5040265001487509 7.3356103405957258 3.6124563134987047 6.6727184231314114 4.4484992763719129 4.789570747856378 3.9981586158983733 7.3248392103962754 7.2638487507197729 2.2242581879713579 4.9938224302714262 6.9806439251984793 4.5976387471495697 6.1003517537352172 1.0000000180025095e-35 5.5432204948189954 4.6959141240107813 0.89587973461402759 2.8477071124928428 4.516324041782946 5.1719024357057526 3.9219243190762363 4.577281678253593 6.463808880305316 1.0000000180025095e-35 2.0877253430885481 7.295473267315983
decision_type=2 2 2 2 2 2 2 2 2 2 2 2 2 2 2 2 2 2 2 2 2 2 2 2 2 2 2 2 2 2
left_child=2 7 14 5 23 10 16 11 9 -6 -3 -2 17 -14 -1 26 -4 18 -12 20 -9 -13 -16 24 -5 28 27 -8 -18 -7
right_child=1 3 6 4 8 29 15 19 -10 -11 12 21 13 -15 22 -17 25 -19 -20 -21 -22 -23 -24 -25 -26 -27 -28 -29 -30 -31
leaf_value=-26.984795012997878 -14.901480544933641 5.4746591449526321 -15.481123805515981 17.475920561780253 36.140464542934247 32.668188820275468 -19.294295826839541 -21.495704562957069 55.813388373883768 56.977381259865673 -13.64774970739936 -9.6856985795339234 26.322854095218691 59.116292386031276 -22.440369905593407 8.7143425458233406 -12.030308347031733 18.748343264581774 14.234517156022372 5.6774179894966856 6.0421364126386443 -4.0102189044751571 -13.63716355047751 30.859581576729223 29.978151160257269 -5.168449018731673 12.737912946221199 -1.2926050194059169 -1.0085958668604644 58.67039814251828
leaf_weight=25808 9521 3131 9691 3829 7317 278 749 1083 11851 2977 466 8941 3175 402 10311 4249 14104 3816 767 7820 1794 16526 2988 2842 1562 7380 744 5959 1386 1004
leaf_count=25808 9521 3131 9691 3829 7317 278 749 1083 11851 2977 466 8941 3175 402 10311 4249 14104 3816 767 7820 1794 16526 2988 2842 1562 7380 744 5959 1386 1004
internal_value=0 14.6206 -15.6347 36.0578 42.6937 20.5974 -7.56617 -5.75227 49.4697 42.1665 17.0607 -8.42431 21.2661 30.0083 -24.7668 2.08103 -11.033 15.0726 3.69669 2.98749 -4.32404 -6.00278 -20.4625 24.4679 21.0983 -9.14808 -1.70116 -3.30263 -11.0441 53.0319
internal_weight=172471 89102 83369 43417 30378 13039 44262 45685 22145 10294 11757 34988 8626 3577 39107 11701 32561 5049 1233 10697 2877 25467 13299 8233 5391 22870 7452 6708 15490 1282
internal_count=172471 89102 83369 43417 30378 13039 44262 45685 22145 10294 11757 34988 8626 3577 39107 11701 32561 5049 1233 10697 2877 25467 13299 8233 5391 22870 7452 6708 15490 1282
is_linear=1
leaf_const=0 0 0 0 0 0 0 0 0 0 0 0 0 0 0 0 0 0 0 0 0 0 0 0 0 0 0 0 0 0 0
num_features=2 3 4 2 4 4 4 3 4 3 4 4 4 5 5 2 3 4 3 4 4 4 4 3 2 3 3 4 5 4 4
leaf_features=8 9  1 8 9  3 4 8 9  8 9  1 4 8 9  1 4 8 9  3 4 8 9  1 8 9  1 5 8 9  4 8 9  1 4 8 9  1 3 8 9  1 4 8 9  1 3 4 8 9  1 3 4 8 9  1 9  4 8 9  3 4 8 9  4 8 9  1 3 8 9  1 5 8 9  0 1 8 9  1 4 8 9  1 8 9  4 9  1 4 9  4 8 9  1 4 8 9  1 4 5 8 9  3 4 8 9  3 4 8 9  
leaf_coeff=-30.655386608296251 5.3758473799251085  0.59343276032006076 -5 -0.72500000000000009  2.0293256674194708 4.3987016162520378 1078.941582250595 -597.1523602604866  -329.64383697509766 221.28060455322267  -0.19815753056755059 10.507819246100553 176.5802947998047 -101.81490631103516  0.64218883456842379 15.13359614167938 -172.71496678786355 88.481226874305875  6.7483214923180643 -2.2774714593397221 -1815.0446045398712 1003.731830406189  7.4734650706903274 311.34217587895694 -186.96819186536595  22.190920176614465 11.858979949995955 -254.37435510226061 48.283046274949449  8.3899390881531879 -150.70198971359059 82.081747976038614  3.7741735257760869 1.7839390667064436 -93.879410983156419 53.915919878520072  2.8993769489187802 9.7231171474935767 -12.468757876683959 3.1376886878279038  0.67110416108467918 2.2059968267513415 -75.355555652710606 18.284240531333491  1.7109421996547554 2.0426544074851338 6.5421212258009636 -128.12928671268747 69.147798008727847  -4.1258560378417313 -3.3615953819033169 0.12874083202987094 -33.81701974486932 29.25936198765412  0.69106993464229449 -3.2557131018044609  1.8464148825805751 22.382369619188832 -13.024278120615055  0.45315730593037107 1.7695411440555291 -15.528918936181435 6.9304698684292818  -0.72849847920397226 -56.065546043217182 32.614910183916798  28.255671361931675 13.583951951599374 -44.231518135289662 2.0574952624505385  -0.74399253009642341 0.11012309851655432 -109.61688721601531 30.899137718981002  0.075810083843589393 1.9415532009214076 -88.499097606702719 23.209046429512092  0.91714554272031146 6.2447715771629646 -64.467121880082416 13.952674594253768  1.3116221915544886 -6683.6028518676758 1910.4211612701417  0.8553459701213797 3.5872439774972009  3.7749150525871755 -0.32757642462383957 1.2743997023877456  1.1767884178740986 -36.738927318473728 20.836676115856974  7.4392507463882795 1.4830625442853489 47.26130735129118 -33.251611055061225  1.8673047709676553 -0.52704173143056321 1.4584767110148278 63.192311819479805 -38.318386987608392  0.053624328036331909 -1.9275820969010198 -40.473223601592331 25.527046169743517  0.60766276211797965 3.7989582919726672 307.43359143259005 -159.13112425799483  
shrinkage=0.1


Tree=10
num_leaves=31
num_cat=0
split_feature=9 8 8 4 9 1 9 1 4 1 4 1 9 9 9 4 9 1 5 0 4 1 9 9 1 1 4 9 4 1
split_gain=3.19365e+09 3.1518e+09 4.97569e+08 3.60802e+08 3.0388e+08 1.22168e+08 1.19907e+08 8.6472e+07 8.33269e+07 6.53963e+07 5.836e+07 5.81582e+07 4.11543e+07 3.36539e+07 3.02418e+07 2.37784e+07 2.21127e+07 1.93321e+07 1.81303e+07 4.5998e+07 1.57384e+07 2.00753e+07 1.565e+07 1.51115e+07 1.48098e+07 1.45422e+07 1.45306e+07 1.40896e+07 1.40133e+07 1.40115e+07
threshold=7.0802787666761651 3.0000000000000004 3.0000000000000004 3.5040265001487509 7.3409897451678408 6.6287023148084918 6.6727184231314114 3.6505739029280164 4.6563356515368231 4.9308638091439496 1.0000000180025095e-35 4.5798392285869785 7.2311737507397504 7.3248392103962754 6.9806439251984793 4.5976387471495697 6.1003517537352172 5.6076369307404796 4.6959141240107813 0.89587973461402759 5.3435289956635019 4.6395599436855051 7.4227059644980615 7.4682635250639633 3.6242520361853052 4.516324041782946 4.7295953278168996 6.1003517537352172 4.4687734560090773 3.6505739029280164
decision_type=2 2 2 2 2 2 2 2 2 2 2 2 2 2 2 2 2 2 2 2 2 2 2 2 2 2 2 2 2 2
left_child=2 7 14 5 26 10 16 12 9 -6 17 13 -2 -12 24 -8 -4 -3 19 -9 21 23 -14 -10 -1 -16 29 -26 -18 -5
right_child=1 3 6 4 8 -7 15 18 20 -11 11 -13 22 -15 25 -17 28 -19 -20 -21 -22 -23 -24 -25 27 -27 -28 -29 -30 -31
leaf_value=-26.126406461497638 -13.460159753603921 -15.071077193986083 -13.932986264990994 12.989947993326538 32.295836789558727 47.762246169583392 -1.5310535750079399 -20.325037575413781 36.040977686428384 52.268378540406744 6.3802558168412009 47.611035810024831 8.9508644157281818 19.819910574028061 -20.196328311359693 7.842908478232097 -10.136705929211777 6.9909802633366018 4.4766335056893736 5.3205774953784157 52.755825925023217 57.487616683947067 -6.0521325753504458 47.485194117158329 -26.926477581442459 -12.273447128709462 25.693357971073706 -18.613031020321184 -5.0141588645139628 26.514742425100167
leaf_weight=16231 9173 681 9691 2452 6822 1289 7452 1139 1911 2158 2547 629 716 6940 10311 4249 14372 953 8824 1812 7159 1183 24021 2912 2943 2988 4667 6634 8498 1114
leaf_count=16231 9173 681 9691 2452 6822 1289 7452 1139 1911 2158 2547 629 716 6940 10311 4249 14372 953 8824 1812 7159 1183 24021 2912 2943 2988 4667 6634 8498 1114
internal_value=0 13.1593 -14.0712 32.452 38.4244 18.5377 -6.80955 -5.17559 44.5227 37.0955 15.3317 18.1641 -7.7393 16.2117 -22.2901 1.87293 -9.92966 -2.20379 2.20743 -4.57788 49.5889 45.814 -5.61788 42.9507 -24.2863 -18.4162 22.0211 -21.1677 -8.23328 17.215
internal_weight=172471 89102 83369 43417 30378 13039 44262 45685 22145 8980 11750 10116 33910 9487 39107 11701 32561 1634 11775 2951 13165 6006 24737 4823 25808 13299 8233 9577 22870 3566
internal_count=172471 89102 83369 43417 30378 13039 44262 45685 22145 8980 11750 10116 33910 9487 39107 11701 32561 1634 11775 2951 13165 6006 24737 4823 25808 13299 8233 9577 22870 3566
is_linear=1
leaf_const=0 0 0 0 0 0 0 0 0 0 0 0 0 0 0 0 0 0 0 0 0 0 0 0 0 0 0 0 0 0 0
num_features=3 3 3 2 4 4 4 3 4 3 4 3 4 2 4 2 3 3 3 4 4 3 4 3 4 2 3 3 3 3 3
leaf_features=1 8 9  1 8 9  1 8 9  8 9  1 4 8 9  1 4 8 9  1 4 8 9  4 8 9  1 5 8 9  1 4 9  1 4 8 9  1 4 9  1 4 8 9  8 9  1 4 8 9  1 9  4 8 9  4 8 9  1 8 9  1 5 8 9  0 1 8 9  4 8 9  1 4 8 9  1 8 9  1 4 8 9  1 9  1 8 9  4 8 9  1 8 9  4 8 9  1 4 9  
leaf_coeff=0.82303122908879234 -18.950821685377743 1.7682179286224711  0.63137533500202492 -8.5 0.47500000000000003  4.0078256948726674 -113.13772153187892 56.634748326150294  -296.67961578369142 199.15265502929688  0.18609210621798411 6.0789978894521486 481.44513549804691 -268.15938224792484  1.5485561448678711 13.62217275008361 -154.93802448939533 79.330813451134603  18.360580755089906 1.7691901099326062 -217.86579526595307 106.23978876911571  1.861419966405748 -8.6432610063347965 4.0288516789325515  16.926599005797083 10.599462967361797 -227.50959751346383 45.566208479160565  0.40218394930593604 11.417598641465156 -2.7818164148076905  1.0175940149983489 -1.5322269726162632 -66.896636721445248 42.839671720843768  1.5951724640610854 0.59927846817953856 0.69353039711383857  5.7160686028471224 -0.9018038583250928 -158.98925047444646 87.95605260383455  802.75065461266786 -215.67536438610406  1.2468528893326949 2.5323049161384463 -74.894434551871385 41.956848418223672  0.62196308990437932 -2.9301418666459598  1.6617734478836157 20.14413312354591 -11.721850621327759  1.0890830640897093 -17.674148028922357 8.858042686359477  19.621321842044587 -117.89177154871723 48.333048643350779  1.0399428634077084 0.47551665629273149 -113.81301453267371 29.988690351581319  -0.30263601587666927 2.7022786323721451 -104.51583293578588 26.867093708273025  0.72493954368692359 -66.59322212357074 42.256043111998594  3.8565286530035339 4.1167956101809979 -27.109218215476723 16.352244582166897  1.002831579278427 -135.09261247020913 35.279822260129734  -0.26552512441594445 15.125564108276741 461.67007068991666 -249.5366008579731  -2.0308466423302436 -2.567358606100993  1.1804599527553366 -6015.2391738891602 1719.3780735015871  4.4356410689004973 -0.20000000000000001 0.30000000000000004  1.1455471913669499 -35.042071745995784 6.8636438696572446  1.5122754894605408 -32.482069601427064 18.006256685999507  3.2500894508665397 -1.4594542324228315 1.9395111793366597  
shrinkage=0.1


Tree=11
num_leaves=31
num_cat=0
split_feature=9 8 8 4 9 3 9 1 4 1 4 2 9 9 9 1 4 9 1 6 4 5 0 1 4 1 1 9 4 1
split_gain=2.58693e+09 2.55367e+09 4.03031e+08 2.92379e+08 2.45789e+08 9.97066e+07 9.71246e+07 7.05105e+07 6.75126e+07 6.0873e+07 3.95397e+07 4.28393e+07 3.62128e+07 2.64402e+07 2.44959e+07 2.14773e+07 1.93375e+07 1.79113e+07 1.47881e+07 1.55807e+07 1.46609e+07 1.39918e+07 3.3779e+07 1.20269e+07 1.19666e+07 1.19032e+07 1.17911e+07 1.17433e+07 1.15299e+07 1.415e+07
threshold=7.0802787666761651 3.0000000000000004 3.0000000000000004 3.5040265001487509 7.3356103405957258 3.137734685822096 6.6727184231314114 4.4484992763719129 4.789570747856378 3.9607678160667752 1.0000000180025095e-35 3.7111270740572126 7.2691086197132186 7.4246483600665352 6.9806439251984793 6.4559841094561436 4.4687734560090773 6.1003517537352172 6.4126386124386281 1.0000000180025095e-35 2.8477071124928428 4.6959141240107813 0.89587973461402759 3.8176519431297078 5.1719024357057526 3.9219243190762363 4.8481086751891054 6.1003517537352172 4.7027479433751127 4.8713658868283671
decision_type=2 2 2 2 2 2 2 2 2 2 2 2 2 2 2 2 2 2 2 2 2 2 2 2 2 2 2 2 2 2
left_child=2 7 14 5 24 10 17 12 9 -6 15 13 -2 -12 23 -3 18 -4 19 -8 -14 22 -9 -1 25 -5 -16 -25 29 -19
right_child=1 3 6 4 8 -7 16 21 -10 -11 11 -13 20 -15 26 -17 -18 28 -20 -21 -22 -23 -24 27 -26 -27 -28 -29 -30 -31
leaf_value=-23.474029116940457 -12.093490358058943 -5.9442624821218066 -12.53968822976997 14.064209915496376 29.206266029659442 42.99509673170062 -17.005565818953677 -17.46360312472175 45.216435013416096 46.117030640460349 5.624437316952009 39.970304153247042 -8.127251859401964 17.608510556169254 -18.128644147001769 22.18883450017654 6.5275054421687031 -10.310979249529881 11.564694733234578 -1.4835733442490806 -3.100268051302002 4.6387547111053911 4.9013501351369069 -24.326116878873986 25.084372798696862 24.422401502556749 -10.869365935771349 -16.607640115615368 -3.8868638757861032 -2.9225990473598991
leaf_weight=16537 9522 1360 9691 3829 7287 1297 735 1083 11851 3007 2522 703 8940 6818 10452 339 4838 13028 746 5382 16526 7820 1794 2843 2842 1562 2847 6428 6606 3236
leaf_count=16537 9522 1360 9691 3829 7287 1297 735 1083 11851 3007 2522 703 8940 6818 10452 339 4838 13028 746 5382 16526 7820 1794 2843 2842 1562 2847 6428 6606 3236
internal_value=0 11.8437 -12.6641 29.2095 34.5859 16.6839 -6.1286 -4.66 40.0704 34.1461 13.7776 16.1644 -6.83225 14.3726 -20.0611 -0.33089 1.68564 -8.93669 -1.72759 -3.34865 -4.86502 2.44508 -3.51757 -21.8577 19.8335 17.0654 -16.5746 -18.9746 -7.40995 -8.84094
internal_weight=172471 89102 83369 43417 30378 13039 44262 45685 22145 10294 11742 10043 34988 9340 39107 1699 11701 32561 6863 6117 25466 10697 2877 25808 8233 5391 13299 9271 22870 16264
internal_count=172471 89102 83369 43417 30378 13039 44262 45685 22145 10294 11742 10043 34988 9340 39107 1699 11701 32561 6863 6117 25466 10697 2877 25808 8233 5391 13299 9271 22870 16264
is_linear=1
leaf_const=0 0 0 0 0 0 0 0 0 0 0 0 0 0 0 0 0 0 0 0 0 0 0 0 0 0 0 0 0 0 0
num_features=3 3 4 2 4 4 4 3 4 3 4 4 5 4 5 2 4 3 4 4 5 4 4 4 2 2 3 3 3 3 4
leaf_features=1 8 9  1 8 9  1 3 8 9  8 9  1 4 8 9  1 4 8 9  3 4 8 9  1 8 9  1 5 8 9  4 8 9  1 4 8 9  2 3 4 9  2 3 4 8 9  1 4 8 9  2 3 4 8 9  1 9  1 3 8 9  4 8 9  1 4 8 9  1 4 8 9  1 4 6 8 9  1 4 8 9  1 5 8 9  0 1 8 9  1 9  4 9  1 4 9  1 8 9  1 8 9  4 8 9  1 4 8 9  
leaf_coeff=0.73667467290988498 -16.913661763852726 1.5473266573353612  0.42391890481721933 -235.37667388916017 63.406690025329596  7.0628046187323266 6.6167910523881126 -98.011833439471957 47.118280546639653  -267.01164245605469 179.23738098144531  -0.21719795088865795 8.2512345975061177 158.70050735473635 -90.985755157470706  0.34727943598272759 12.385256102586746 -138.05124255153351 70.611369969719092  6.2159675037239142 -1.4007948610787935 -139.21475667691558 77.153516056109225  6.6119818679728271 289.85505265314134 -173.63873433927074  18.279168286021925 9.6131356591181429 -206.18595768357628 38.898120187729369  6.7713689945376245 -121.96145215472207 66.447819068608808  2.9095867374333468 1.280566239332984 -77.376317892642703 44.599244321254083  0.45478450240178603 1.4064806871781366 0.55409394845397208 0.62368800742132435  6.4607404729828435 1.7288819327591911 0.43887925784360393 -127.39312806433882 69.035184486780778  0.52014688179247059 1.9193444359462035 -57.294109443412168 13.739477577031359  -0.029967275070794133 2.8817332014762087 2.3368036304329962 -66.45789997973479 37.247157949651594  0.60426230398053704 -2.6379844096384986  51.588606550332997 2.372359463110115 -123.09730414433871 23.342079922321137  2.324411834748537 11.976041390770115 -7.7001046592777129  0.13600299769893739 0.87377416117894313 -12.446942953417603 5.67504075105062  6.8374766684530188 1.2000547300580366 8.2033330598846081 -10.32807800732553  1.7437600412877032 0.69774991879319259 1.4692179821590914 50.805044348072265 -31.141727783391254  0.67094454997721309 5.6202148996062737 -56.446592644986232 12.212136808523793  -0.7735875661882915 0.051559121252134868 -87.273897060459433 24.810354922276019  0.098492689107388287 1.47716998845699 -69.197602010332048 18.201431743684225  -1.9663269204897007 -2.1649008225687796  0.3262472824133511 3.2095837305914756  3.1764823255981356 0.12797098204700888 0.71102414690658411  0.73994927414751155 -5580.555509948731 1595.508588409424  0.82749105413616919 -31.840099750590163 6.4630568497072094  0.45569870081173747 -28.978714265448072 16.831168556129342  5.4937068548112356 2.2330608045653775 -39.095090377673479 17.212453577572525  
shrinkage=0.1


Tree=12
num_leaves=31
num_cat=0
split_feature=9 8 8 4 9 1 9 1 4 1 5 1 9 9 9 4 9 9 1 5 1 5 1 4 5 0 4 5 1 1
split_gain=2.09541e+09 2.06847e+09 3.26454e+08 2.36827e+08 1.99089e+08 8.16828e+07 7.8671e+07 5.71136e+07 5.48337e+07 4.33794e+07 4.13471e+07 3.83469e+07 2.93323e+07 2.22021e+07 1.98435e+07 1.57909e+07 1.45083e+07 1.23106e+07 1.18199e+07 1.31206e+07 1.169e+07 1.15492e+07 2.24203e+07 1.13403e+07 1.13334e+07 2.7361e+07 1.00226e+07 9.88642e+06 1.24544e+07 9.76516e+06
threshold=7.0802787666761651 3.0000000000000004 3.0000000000000004 3.5040265001487509 7.3308964213358783 6.5964631079239817 6.6727184231314114 4.4484992763719129 4.6563356515368231 5.0782890901091458 1.0000000180025095e-35 4.8081027000528378 7.2691086197132186 7.3062221431094647 6.9853949496573593 4.5976387471495697 6.1003517537352172 7.4227059644980615 6.463808880305316 1.0000000180025095e-35 5.5432204948189954 11.349841669806553 4.0517471391904856 2.8477071124928428 4.6959141240107813 0.89587973461402759 2.8477071124928428 11.349841669806553 3.6505739029280164 3.9607678160667752
decision_type=2 2 2 2 2 2 2 2 2 2 2 2 2 2 2 2 2 2 2 2 2 2 2 2 2 2 2 2 2 2
left_child=2 7 14 5 27 10 16 12 9 -6 20 13 23 -12 29 18 -4 -14 19 -8 -3 22 -10 -2 25 -9 -19 28 -5 -1
right_child=1 3 6 4 8 -7 15 24 21 -11 11 -13 17 -15 -16 -17 -18 26 -20 -21 -22 -23 -24 -25 -26 -27 -28 -29 -30 -31
leaf_value=-21.1077386695965 -15.16846375478954 -13.073570002036607 -11.285733340775778 11.455891555400699 26.222362389523052 38.431223190517329 -15.057816600071414 -15.717242320384125 31.096841024719794 42.697290866925165 5.2005884881215554 39.573326375386493 8.5575233934309107 16.097849597766718 -14.915203363684251 6.382101195120593 -6.668951565346763 -7.4448183296928283 10.701706038379381 -1.0152718539255181 4.3953814909237776 42.242718340610452 46.665340536148825 -8.1043476968492794 4.1748791783727954 4.4112151279572061 -3.2483325585063301 22.155250901442308 21.975956149542029 -17.038386228007404
leaf_weight=16703 3747 641 9691 3284 6900 1337 749 1083 2977 2080 2555 584 715 6970 13289 4249 22870 8870 744 5959 952 8846 1342 5775 7820 1794 15881 3237 1712 9115
leaf_count=16703 3747 641 9691 3284 6900 1337 749 1083 2977 2080 2555 584 715 6970 13289 4249 22870 8870 744 5959 952 8846 1342 5775 7820 1794 15881 3237 1712 9115
internal_value=0 10.6593 -11.3977 26.2886 31.1273 15.0155 -5.51574 -4.194 36.0634 30.0384 12.3402 14.6998 -6.14904 13.1748 -18.055 1.51708 -8.04303 -4.37853 -1.25688 -2.58323 -2.63387 40.1731 35.9343 -10.8841 2.20057 -3.16582 -4.75222 17.8502 15.0608 -19.6711
internal_weight=172471 89102 83369 43417 30378 13039 44262 45685 22145 8980 11702 10109 34988 9525 39107 11701 32561 25466 7452 6708 1593 13165 4319 9522 10697 2877 24751 8233 4996 25818
internal_count=172471 89102 83369 43417 30378 13039 44262 45685 22145 8980 11702 10109 34988 9525 39107 11701 32561 25466 7452 6708 1593 13165 4319 9522 10697 2877 24751 8233 4996 25818
is_linear=1
leaf_const=0 0 0 0 0 0 0 0 0 0 0 0 0 0 0 0 0 0 0 0 0 0 0 0 0 0 0 0 0 0 0
num_features=3 4 3 2 5 4 4 3 4 5 4 4 5 2 5 1 3 2 4 4 5 3 4 5 3 4 4 4 3 4 3
leaf_features=1 8 9  1 4 8 9  1 8 9  8 9  1 4 5 8 9  1 4 8 9  1 4 8 9  1 8 9  1 5 8 9  1 4 5 8 9  1 4 8 9  1 4 5 9  1 4 5 8 9  8 9  1 4 5 8 9  9  4 8 9  8 9  1 4 8 9  1 4 8 9  1 4 5 8 9  1 8 9  4 5 8 9  1 4 5 8 9  1 4 9  1 5 8 9  0 1 8 9  1 4 8 9  4 5 9  1 4 5 9  1 8 9  
leaf_coeff=0.65663871866778445 -15.097163093051496 1.3538570033364523  -0.83877515986714579 3.2190277193258225 -283.62746715545654 75.59190568923951  2.2805370879728346 -86.873418428446172 43.775246605213034  -240.31037902832031 161.31357574462891  0.022428375782874356 3.35338437120663 2.97189596137614 197.10955810546875 -113.92129135131836  1.3226718409577189 10.971126673523486 -127.06445907517337 65.127583291195336  15.830910029378721 1.5468778027699501 -178.45749839150812 86.174371641851039  6.0414695140363621 251.60861260425301 -151.02153002349661  16.451251403226617 8.6518220218497852 -185.56736340735807 35.008308623800986  0.38129655959555753 6.6365922535627764 8.605011340879356 -209.44775684406051 99.201187324221252  -0.45873098174296278 -1.9588302057483817 -38.319196932064372 27.702233866369355  1.5621865390651508 -0.625731549068405 0.83477599462415819 -0.067042378214216575  1.7474092436841602 1.3924943143145356 -2.3544599480555917 -127.98155338111101 75.133562606474158  855.01782539114356 -229.84404212068767  1.2197352417469576 1.1224075614244953 0.70705989868977215 -61.109554990101607 33.699350518570284  -2.135122728065844  1.2631549143393159 16.932115255761893 -9.7796548465790707  -16.703677321231226 9.2481647027951119  0.54188356136108951 1.5577117562175973 -74.324214526219293 18.473310539580417  6.0302979756321298 1.0576631121155515 43.967701896280055 -30.113249315135182  1.5275426054340189 -0.63409324773854225 1.1996072612569493 44.814346756297169 -27.317421567975543  11.979215109385905 -94.284979617151123 41.652354695460239  2.2242197022860637 1.9528582445123903 -99.948690671566879 54.445853246375918  3.6477504116595814 0.13342026760801673 -0.36416512750583935 -15.378007872588933 11.983587658824399  -0.075119954008016521 6.7520843863608206 -4.1594420612348815  -0.69622880139857846 0.046403209910855919 -78.546507404401211 22.32931943578042  0.088643394997870939 1.329453000626927 -62.277841335418636 16.381288435833994  0.84259174922976854 5.3463369326688168 -152.08044075830841 37.866472306806827  1.0268570828469821 1.9221059982162843 -0.8994870337206522  2.8723978802753667 5.5293825143613509 -4.8159120531490771 4.2164975662817596  -0.12195550115012779 -39.99207272855238 10.047840175706369  
shrinkage=0.1


Tree=13
num_leaves=31
num_cat=0
split_feature=9 8 8 4 9 3 9 1 5 1 4 2 9 9 9 1 4 9 9 5 3 1 4 1 9 9 4 0 9 1
split_gain=1.69729e+09 1.67546e+09 2.64428e+08 1.91829e+08 1.61262e+08 6.6428e+07 6.37236e+07 4.65204e+07 4.46144e+07 5.93934e+07 2.64783e+07 2.86487e+07 2.13644e+07 1.71844e+07 1.60733e+07 1.39544e+07 1.28057e+07 1.17519e+07 1.05655e+07 1.04317e+07 2.60725e+07 9.83892e+06 1.04124e+07 9.61849e+06 9.57462e+06 1.71751e+07 9.30471e+06 1.2134e+07 8.96181e+06 8.86847e+06
threshold=7.0802787666761651 3.0000000000000004 3.0000000000000004 3.5040265001487509 7.295473267315983 3.137734685822096 6.6727184231314114 3.4811217321331038 11.279807331233629 3.9607678160667752 1.0000000180025095e-35 3.5040265001487509 7.3248392103962754 7.3409897451678408 6.9853949496573593 5.688667405331941 4.566945599906389 6.1003517537352172 7.426949540347044 4.6959141240107813 1.5105932097118195 6.4126386124386281 1.0000000180025095e-35 4.135134555718313 7.4271755523508984 7.4812000041033695 3.5040265001487509 1.4978661367769956 7.295473267315983 6.2075829764107793
decision_type=2 2 2 2 2 2 2 2 2 2 2 2 2 2 2 2 2 2 2 2 2 2 2 2 2 2 2 2 2 2
left_child=2 7 14 5 -5 10 17 12 9 -6 15 13 -2 -12 -1 -3 21 -4 -14 20 29 22 -8 -16 -20 -26 27 -19 -7 -9
right_child=1 3 6 4 8 28 16 19 -10 -11 11 -13 18 -15 23 -17 -18 26 24 -21 -22 -23 -24 -25 25 -27 -28 -29 -30 -31
leaf_value=-17.703960949419514 -9.8271508052104313 -10.958706139242238 -10.157184942227968 16.065171834907918 23.799116741309117 19.219846777755322 -13.781363583130091 -21.188080470151572 37.493366955986055 38.788752862166859 4.5324989220296255 32.073690160288095 6.7695560937178776 14.207680377819754 -14.922309307159333 7.3777299937761658 5.4800601013442671 -9.299828539323892 -7.3270057562782203 3.2363473991493956 3.9022409014835797 9.3873926836430481 -1.1223988834500591 -8.5939748988846691 10.316454848779573 -3.9156323317560111 -4.4155352393282694 10.363011019471234 39.371477479981678 -2.2809354651719334
leaf_weight=25818 9088 721 9691 8233 8507 282 735 798 9803 3835 2516 737 855 6790 10142 978 4594 8415 8129 9087 1811 769 5603 3147 900 14657 14129 326 1015 360
leaf_count=25818 9088 721 9691 8233 8507 282 735 798 9803 3835 2516 737 855 6790 10142 978 4594 8415 8129 9087 1811 769 5603 3147 900 14657 14129 326 1015 360
internal_value=0 9.59341 -10.2579 23.6597 28.0145 13.514 -4.96417 -3.7746 32.4571 28.4568 11.1417 13.0949 -5.68524 11.5919 -16.2495 -0.403653 1.36537 -7.23872 -4.15141 1.55495 -3.5912 -1.29439 -2.59042 -13.4237 -4.54563 -3.09228 -6.00205 -8.56649 34.99 -15.3102
internal_weight=172471 89102 83369 43417 30378 13039 44262 45685 22145 12342 11742 10043 33629 9306 39107 1699 11701 32561 24541 12056 2969 7107 6338 13289 23686 15557 22870 8741 1297 1158
internal_count=172471 89102 83369 43417 30378 13039 44262 45685 22145 12342 11742 10043 33629 9306 39107 1699 11701 32561 24541 12056 2969 7107 6338 13289 23686 15557 22870 8741 1297 1158
is_linear=1
leaf_const=0 0 0 0 0 0 0 0 0 0 0 0 0 0 0 0 0 0 0 0 0 0 0 0 0 0 0 0 0 0 0
num_features=2 3 4 2 3 5 4 3 5 4 5 4 5 3 5 2 4 3 4 3 4 4 4 4 2 2 3 3 4 4 3
leaf_features=8 9  1 8 9  1 3 8 9  8 9  4 8 9  1 4 5 8 9  3 4 8 9  1 8 9  1 3 5 8 9  4 5 8 9  1 4 5 8 9  2 3 4 9  2 3 4 8 9  1 8 9  2 3 4 8 9  1 9  1 3 8 9  4 8 9  0 4 8 9  1 8 9  1 5 8 9  1 3 8 9  1 4 8 9  1 4 8 9  1 9  8 9  1 8 9  4 8 9  0 4 8 9  3 4 8 9  1 8 9  
leaf_coeff=-20.111700784030109 3.5266775536607384  0.49683916397916622 -74.141443824768075 19.128690958023071  2.7910665659692313 6.3081775299805489 -78.817882225655197 39.347482069044787  -216.27931060791016 145.18219757080078  4.6444253727691835 -290.47304382324222 159.74319915771486  0.78330556264727424 3.4525381382447451 5.9988847380314843 -132.31876019104385 63.349379130790481  4.6439465245814064 -1.0930997582523561 183.64973737895491 -102.31411296427251  5.3466367422177434 235.70868412060665 -141.17270676167684  8.153610151091474 12.883067736970043 7.3582580270802289 -153.63427778249607 32.670194036510658  3.5989770615284216 1.6274255356442155 -101.49298421796412 54.155191109841695  2.7294056846112653 3.4698969931165724 0.49526157082327704 -54.371504516527061 29.422193062002773  -0.0092559603209837246 1.6526583921306948 0.45271096417711337 0.50514203031916272  5.0295712120246101 0.81570182790223955 0.783513676254043 -102.21348430374638 55.390019184513953  -5.155343971777075 867.29753311173999 -233.26952020248865  -0.47608244286029733 2.9790993631906533 1.9031509013229426 -53.782619209517726 30.144016507174822  0.41816891607055529 -2.1584980452102878  20.394687820315585 4.8017329773166697 -82.688260201037338 28.389348202450492  1.5973631399214812 8.3312875576317307 -5.2167574792518288  0.56387513971952785 1.3859594505429529 -5.6509835439384917 1.6313902193149261  0.92281203030142933 83049.759375000009 -22364.870703125001  0.72605812160002869 0.42161281045372478 -85.671407985375126 22.525261105631945  1.3690369680925869 0.93448838343895213 -82.315189200232282 21.130066710372923  5.4949527897028023 0.95033952695230262 3.1523150883615019 -6.3153062684461476  1.3252770792486559 0.56494884429446302 47.585850109858441 -27.826135122729468  1.111453870038895 -2.1934343940720056  830.61344023458662 -221.40711064194329  0.79393658833096203 712.30110548883681 -190.20018033105882  1.6925975470640027 -21.538279709554992 11.347905885452565  5.4943574862471456 -0.9608212050996372 -24.519390897545964 14.211841860646382  -1.3048105892477908 2.0328903761299446 224.20720241381787 -115.20599839985371  9.7093892956441703 -253.90873757701485 60.081903377628628  
shrinkage=0.1


Tree=14
num_leaves=31
num_cat=0
split_feature=9 8 8 4 9 3 4 9 1 1 9 9 9 9 5 1 6 1 4 9 4 0 4 4 9 4 1 1 1 4
split_gain=1.3748e+09 1.35713e+09 2.14187e+08 1.56228e+08 1.00046e+08 6.73712e+07 5.55979e+07 5.1616e+07 3.99257e+07 3.7824e+07 2.54851e+07 1.93912e+07 1.30194e+07 1.25017e+07 1.13769e+07 1.66177e+07 1.05884e+07 1.16339e+07 1.04492e+07 1.04121e+07 9.85495e+06 1.07543e+07 9.06955e+06 9.05446e+06 9.02557e+06 8.8023e+06 8.09944e+06 8.02611e+06 7.79238e+06 8.60546e+06
threshold=7.0802787666761651 3.0000000000000004 3.0000000000000004 4.5135992393991637 7.3409897451678408 3.4529119493941223 2.2242581879713579 6.6727184231314114 3.6505739029280164 4.4484992763719129 7.3409897451678408 7.3473962997060367 6.9853949496573593 7.295473267315983 11.349841669806553 4.1820210059610323 1.0000000180025095e-35 6.4559841094561436 4.5976387471495697 7.4271313124684308 3.5040265001487509 1.4978661367769956 2.2242581879713579 2.8477071124928428 6.4513730507333387 2.8477071124928428 3.6242520361853052 3.9607678160667752 6.463808880305316 1.0000000180025095e-35
decision_type=2 2 2 2 2 2 2 2 2 2 2 2 2 2 2 2 2 2 2 2 2 2 2 2 2 2 2 2 2 2
left_child=2 9 12 5 -5 6 16 20 10 11 -8 23 27 -7 15 -6 17 -3 28 -10 21 -4 -14 -2 -22 -13 -24 -1 29 -9
right_child=1 3 7 4 14 13 8 18 19 -11 -12 25 22 -15 -16 -17 -18 -19 -20 -21 24 -23 26 -25 -26 -27 -28 -29 -30 -31
leaf_value=-17.236049915573421 -12.665157516918363 -4.4349340498854364 -9.2651438561623944 16.313089965874138 25.048329572454964 18.096928197180844 6.447416733374415 -12.207282407339092 17.382060007290335 1.8066543749035848 17.650079184868741 -6.076218037477795 -16.834531960625021 35.124769482941893 34.107187747257996 37.011520712514155 8.7344080223709692 16.26474067475592 5.186340789745544 31.903774767612529 -6.6543716387060732 9.0103428872330316 -12.371664266489105 -6.3539432751713525 -2.1876546631039635 -2.1808281203414017 -6.0480892347609156 -13.546798866520986 8.6820868632625992 -0.83477990374826794
leaf_weight=16703 3748 1364 11832 5670 4112 558 2734 749 651 10697 7894 8939 3083 1897 9163 1618 5373 339 4249 2044 13626 331 7420 5777 6772 16524 2786 9115 744 5959
leaf_count=16703 3748 1364 11832 5670 4112 558 2734 749 651 10697 7894 8939 3083 1897 9163 1618 5373 339 4249 2044 13626 331 7420 5777 6772 16524 2786 9115 744 5959
internal_value=0 8.63403 -9.23212 21.2938 27.6177 15.6038 13.7202 -4.46775 17.5249 -3.3972 14.7683 -4.9882 -14.6245 31.2545 31.9215 28.4264 6.5566 -0.314447 1.22883 28.3959 -6.51485 -8.7678 -12.0813 -8.83735 -5.17145 -3.54834 -10.6455 -15.9336 -1.02768 -2.10461
internal_weight=172471 89102 83369 43417 20563 22854 20399 44262 13323 45685 10628 34988 39107 2455 14893 5730 7076 1703 11701 2695 32561 12163 13289 9525 20398 25463 10206 25818 7452 6708
internal_count=172471 89102 83369 43417 20563 22854 20399 44262 13323 45685 10628 34988 39107 2455 14893 5730 7076 1703 11701 2695 32561 12163 13289 9525 20398 25463 10206 25818 7452 6708
is_linear=1
leaf_const=0 0 0 0 0 0 0 0 0 0 0 0 0 0 0 0 0 0 0 0 0 0 0 0 0 0 0 0 0 0 0
num_features=3 4 4 4 3 5 4 4 3 4 3 5 4 2 4 4 5 4 4 3 5 3 4 3 4 3 4 3 3 4 4
leaf_features=1 8 9  1 4 8 9  1 3 8 9  0 4 8 9  4 8 9  1 4 5 8 9  3 4 8 9  1 3 4 9  1 8 9  1 3 4 9  1 8 9  1 3 4 8 9  1 4 8 9  4 9  3 4 8 9  4 5 8 9  1 4 5 8 9  4 6 8 9  1 3 8 9  4 8 9  1 3 4 8 9  4 8 9  0 4 8 9  1 4 9  1 4 8 9  4 8 9  1 4 8 9  1 4 9  1 8 9  1 4 8 9  1 4 8 9  
leaf_coeff=0.59097469782901724 -11.576269691058407 0.86580138388853811  -0.77028061921073465 2.8112980918169344 -139.63434591293336 36.207462072372437  5.0629527369568539 6.7486658526221737 -73.619761494827983 35.555566522003211  0.93610024171977679 1.3153276456439074 -10.96019699837616 5.0290739120316177  3.2462837688362924 -438.76875915527347 242.61404800415039  0.43219109957717594 2.378733803522846 7.233585732698339 -163.63123436560855 78.765163729549386  0.8899558013246861 0.073518682505527982 -1425.5831960678101 790.49324576854713  0.012376797524580497 1.8447001638372023 1.7146253494317421 -0.013668037154496916  4.883574679398226 202.50698277568446 -121.57806397327222  1.9687638127957598 -0.19150603919079573 -2.0127671384522272 2.0167174837127733  1.7401715239423881 -63.376975383554964 15.981160839244332  -0.40984728652806557 2.137693944463638 4.1189394608225944 -84.157919394318014 45.315959154150917  0.34316889777595638 1.4814703725844283 -34.950174595462158 8.1538212828134427  2.3412251634394354 -2.775722211211364  0.091124392929123138 0.90964261053741213 104.63459636671469 -51.944524694210855  2.1336603372881657 1.4774403160636211 -82.266414705105134 44.711616033269095  2.6525733655505519 6.4598585250889302 -1.6630224937303866 -24.28331996323541 14.029162867879496  -1.9814090044029968 1.0821677233867832 -52.692548175920095 29.03113180468354  36.771746921246873 1.7381148809710341 -76.66078232652508 10.713964817521628  0.97710308712685223 14.405775031400845 -8.280013631714974  2.9288936066035376 -0.59723347416411343 0.9423473588741218 -72.589755432866511 40.547480103792623  0.032555113002415939 -9.2345708451635797 4.9103662649539732  4.9396389807632595 -0.74982235357456384 -30.928840809391115 18.114751591172535  0.096025419016135066 4.0014552167824151 -3.5514302838893403  -0.19651494939130318 6.1032927302459035 121.19239530563355 -37.138469740748405  2.2309938468536532 186.06568422885613 -113.69595515974798  0.44367138341047796 4.5545029809848563 -46.525913568056424 10.155105650171755  -0.43431153198030192 0.24024613868850794 -0.62753017870368244  -0.10975994862013679 -33.981695483222211 8.69038843415683  4.8829960476585264 0.86137330282981572 39.584748946875337 -26.664718042407188  1.1366998632463721 0.63668752803223472 29.018294317775872 -17.166650323447538  
shrinkage=0.1


Tree=15
num_leaves=31
num_cat=0
split_feature=9 8 8 4 9 3 4 9 1 1 9 9 9 9 4 1 5 3 9 4 1 4 9 4 0 5 9 9 4 9
split_gain=1.11358e+09 1.09928e+09 1.73491e+08 1.26545e+08 8.1037e+07 5.45707e+07 4.50343e+07 4.18091e+07 3.23398e+07 3.08179e+07 2.0643e+07 1.38988e+07 1.05457e+07 1.01264e+07 9.4758e+06 1.04416e+07 8.60355e+06 2.10523e+07 8.58299e+06 8.57663e+06 9.44215e+06 8.47513e+06 8.43381e+06 7.98253e+06 8.71101e+06 7.69734e+06 7.65665e+06 1.35978e+07 7.34634e+06 7.31074e+06
threshold=7.0802787666761651 3.0000000000000004 3.0000000000000004 4.5135992393991637 7.3409897451678408 3.4529119493941223 2.2242581879713579 6.6727184231314114 3.6505739029280164 3.4175922930736511 7.424203503725022 7.3409897451678408 6.9853949496573593 7.295473267315983 5.1164945609186274 4.1820210059610323 4.6959141240107813 1.5105932097118195 7.426949540347044 1.0000000180025095e-35 5.5432204948189954 4.566945599906389 7.4271313124684308 3.5040265001487509 1.4978661367769956 1.0000000180025095e-35 7.4271755523508984 7.4812000041033695 2.2242581879713579 6.4513730507333387
decision_type=2 2 2 2 2 2 2 2 2 2 2 2 2 2 2 2 2 2 2 2 2 2 2 2 2 2 2 2 2 2
left_child=2 9 12 5 -5 6 19 23 10 11 -8 -2 -1 -7 15 -6 17 -11 -13 20 -3 -9 -10 24 -4 -20 -27 -28 -14 -25
right_child=1 3 7 4 14 13 8 21 22 16 -12 18 28 -15 -16 -17 -18 -19 25 -21 -22 -23 -24 29 -26 26 27 -29 -30 -31
leaf_value=-14.340209907493048 -7.9701951195066059 -9.9518050940322453 -8.3386349090199321 14.681784747626626 23.971599744500242 16.287236568602772 5.8026688045145569 -1.0578325317901316 15.643853592634569 -13.92243708223617 15.885073010831475 6.4707378620000133 -15.151082094590308 31.612292235539851 31.055024691374406 33.540161172515951 2.7639056322703706 3.3189140293477717 -43.333144467704152 7.8609675438826079 5.4513351745218728 4.4533642966694353 28.713397443737769 -5.9889375806073524 8.1093085485462701 -6.1529546802860482 9.5739287393358019 -3.091510346467476 -9.5809280229647342 -1.9688837781997384
leaf_weight=25818 9053 634 11832 5670 5397 558 2734 7107 651 1163 7894 853 3083 1897 8050 1446 9198 1811 49 5373 1069 4594 2044 13626 331 8079 900 14579 10206 6772
leaf_count=25818 9053 634 11832 5670 5397 558 2734 7107 651 1163 7894 853 3083 1897 8050 1446 9198 1811 49 5373 1069 4594 2044 13626 331 8079 900 14579 10206 6772
internal_value=0 7.77063 -8.30891 19.1644 24.8559 14.0434 12.3482 -4.02097 15.7724 -3.05748 13.2914 -4.62275 -13.1621 28.129 28.7294 25.9935 1.25215 -3.42342 -3.38381 5.90093 -0.283011 1.10595 25.5563 -5.86337 -7.89103 -3.73989 -3.65754 -2.3551 -10.8732 -4.65431
internal_weight=172471 89102 83369 43417 20563 22854 20399 44262 13323 45685 10628 33513 39107 2455 14893 6843 12172 2974 24460 7076 1703 11701 2695 32561 12163 23607 23558 15479 13289 20398
internal_count=172471 89102 83369 43417 20563 22854 20399 44262 13323 45685 10628 33513 39107 2455 14893 6843 12172 2974 24460 7076 1703 11701 2695 32561 12163 23607 23558 15479 13289 20398
is_linear=1
leaf_const=0 0 0 0 0 0 0 0 0 0 0 0 0 0 0 0 0 0 0 0 0 0 0 0 0 0 0 0 0 0 0
num_features=2 3 4 4 3 4 4 4 3 4 5 5 3 2 4 3 4 4 4 3 3 4 3 5 3 4 4 3 4 2 3
leaf_features=8 9  1 8 9  1 3 8 9  0 4 8 9  4 8 9  1 4 8 9  3 4 8 9  1 3 4 9  4 8 9  1 3 4 9  1 3 5 8 9  1 3 4 8 9  1 8 9  4 9  3 4 8 9  4 8 9  1 4 8 9  1 5 8 9  1 3 8 9  1 8 9  4 8 9  1 3 8 9  4 8 9  1 3 4 8 9  4 8 9  0 4 8 9  1 5 8 9  5 8 9  1 5 8 9  4 9  4 8 9  
leaf_coeff=-16.29047806793751 2.8566089446156187  0.37866805146109073 -39.917569398880005 9.9244716703891758  1.1432772442497139 6.5556678255474026 -63.776819141925081 32.36206851094321  0.84249025703590519 1.1837948876717348 -9.8641773719304187 4.5261665563551103  2.9216553985577778 -394.8908340454102 218.35206298828126  -0.3466311412020332 4.2955804233438357 -143.32260780574288 77.103944725170734  0.80096029519336298 0.066166825965046888 -1283.024855899811 711.44390976428986  0.011139114187322897 1.6602301247408311 1.543162828707159 -0.012301241442145283  1.0658541965921586 0.63145071275066589 -0.90155362243531278  1.7718874296131162 -0.17235544394745547 -1.8114904536223548 1.8150457559329425  11.393573556214278 15.502004589934405 7.5746101893214473 -149.73489863164724 29.764525508748193  -0.36886255109361632 1.9239245922244039 3.7070455337363684 -75.742127508111295 40.784363256196961  -4.347413217632857 860.61691427994526 -231.50283645973542  2.1071027663567405 -2.4981500501475353  0.082011922211677302 0.81867834715558274 94.17113651544787 -46.750072083878337  0.72339393918082351 -48.795412236824632 29.789224570244553  1.985529839680487 19.775887734687288 -49.596872736746448 16.800664012716151  0.50420182866485386 0.35110434995698514 -70.527769472765797 18.626231280618779  1.0058082550061955 0.79398038644731062 -65.797691554820631 16.970402123994429  -0.072727577357363779 20.116548085026444 -11.125684005441144  -1.6666217943350263 -46.351177433088019 26.366443530150718  14.836429167120896 5.6926910356097098 -66.899232042349468 24.417075742819364  1.2579478236629258 6.2763491972931664 -3.9251009337778671  2.6360042164833093 -0.53751015281804937 0.84811268756602665 -65.330779673717913 36.492731968918818  0.029299611530915117 -8.3111142862153429 4.4193299663268588  4.4456749888054095 -0.67484007226012188 -27.835958059644327 16.303277260385222  0.81368955026846379 0.082636903668753814 68584.482812500006 -18469.561328125001  -3.0759335969814856 771.59010592121638 -201.63632484157571  1.2468758839961993 1.1184741799843323 460.48248248025777 -124.4170605108142  3.4575791042533184 -2.9689508911761893  2.0078944811613839 167.45911540137604 -102.32635941598565  
shrinkage=0.1


Tree=16
num_leaves=31
num_cat=0
split_feature=9 8 8 4 9 1 9 1 9 4 7 1 4 4 1 9 9 9 5 1 4 0 1 6 9 9 4 1 4 5
split_gain=9.02001e+08 8.90417e+08 1.40528e+08 1.02501e+08 6.564e+07 4.42893e+07 3.38653e+07 2.50564e+07 2.3833e+07 1.68508e+07 1.60626e+07 3.28916e+07 1.3261e+07 1.07137e+07 9.95404e+06 9.59532e+06 9.39387e+06 8.37604e+06 8.21279e+06 1.10931e+07 7.0553e+06 1.2124e+07 6.97293e+06 9.41392e+06 6.96619e+06 7.80559e+06 6.46584e+06 7.24044e+06 8.82739e+06 6.30073e+06
threshold=7.0802787666761651 3.0000000000000004 3.0000000000000004 4.5135992393991637 7.3409897451678408 5.2284276452838947 6.6727184231314114 4.4484992763719129 7.4271313124684308 2.8477071124928428 4.7005897016112757 6.5964631079239817 2.8477071124928428 1.0000000180025095e-35 4.135134555718313 7.3062221431094647 6.6602263132402717 7.2658909934784326 11.413950076106408 3.9981586158983733 1.0000000180025095e-35 0.89587973461402759 6.463808880305316 1.0000000180025095e-35 7.4271755523508984 7.4791725819485757 3.5040265001487509 6.4433357115843206 1.0000000180025095e-35 11.11077485738287
decision_type=2 2 2 2 2 2 2 2 2 2 2 2 2 2 2 2 2 2 2 2 2 2 2 2 2 2 2 2 2 2
left_child=2 7 14 5 -5 8 26 12 -3 13 11 -7 17 -10 -1 -12 -16 -2 19 -6 21 -18 23 -8 -14 -26 27 28 -4 -25
right_child=1 3 6 4 18 10 22 -9 9 -11 15 -13 24 -15 16 -17 20 -19 -20 -21 -22 -23 -24 29 25 -27 -28 -29 -30 -31
leaf_value=-12.908138778653731 -10.597456847915295 4.112279975146957 -20.59711706344369 13.213600544870637 20.402221093336419 1.7688884557275266 -10.610370878328151 1.4836978447687195 -8.2907636012441372 15.43026698109998 15.252379802149585 25.752649016599122 -4.2512820148727481 9.318409732777722 -12.517271601595567 28.613267369923012 -22.208892036554357 -4.9646894575005316 27.81970654330296 29.891757596209125 -5.307596971041832 -2.3348658317979942 8.4508674453500099 -0.80791950457749029 8.6767802719387017 -1.5000764505825424 -4.188875377291569 3.6751693950679383 -7.0648007231036178 4.5301450819831643
leaf_weight=27095 3746 4681 504 5670 4419 1089 749 10697 372 7660 702 1204 11762 4852 5452 2294 713 8941 8766 1708 5308 539 1133 6456 817 9722 20398 593 11066 3363
leaf_count=27095 3746 4681 504 5670 4419 1089 749 10697 372 7660 702 1204 11762 4852 5452 2294 713 8941 8766 1708 5308 539 1133 6456 817 9722 20398 593 11066 3363
internal_value=0 6.99355 -7.47802 17.2479 22.3703 12.639 -3.61888 -2.75177 10.2234 12.4437 20.6615 14.3622 -4.04669 8.06446 -11.8459 25.4826 -9.44974 -6.62784 25.8564 23.0476 -6.90033 -13.6529 0.995352 0.196043 -2.57829 -0.71115 -5.27703 -7.10192 -7.65428 1.02036
internal_weight=172471 89102 83369 43417 20563 22854 44262 45685 17565 12884 5289 2293 34988 5224 39107 2996 12012 12687 14893 6127 6560 1252 11701 10568 22301 10539 32561 12163 11570 9819
internal_count=172471 89102 83369 43417 20563 22854 44262 45685 17565 12884 5289 2293 34988 5224 39107 2996 12012 12687 14893 6127 6560 1252 11701 10568 22301 10539 32561 12163 11570 9819
is_linear=1
leaf_const=0 0 0 0 0 0 0 0 0 0 0 0 0 0 0 0 0 0 0 0 0 0 0 0 0 0 0 0 0 0 0
num_features=3 3 4 3 3 5 3 3 3 3 4 4 4 4 4 3 5 3 4 4 5 4 4 3 5 3 4 3 4 4 5
leaf_features=1 8 9  1 4 9  1 4 8 9  1 8 9  4 8 9  1 4 5 8 9  1 8 9  1 8 9  1 8 9  1 8 9  1 4 8 9  1 4 7 9  1 7 8 9  1 4 8 9  1 4 8 9  1 8 9  1 4 7 8 9  1 8 9  1 4 8 9  4 5 8 9  1 4 5 8 9  1 4 8 9  0 1 8 9  1 8 9  1 5 6 8 9  4 8 9  1 4 8 9  4 8 9  1 4 8 9  1 4 8 9  1 5 6 8 9  
leaf_coeff=0.49447442066668262 -18.35278785792616 3.5498987518907601  -0.68212826281902261 2.4371013109764195 -2.0404237763879514  -0.346809401004748 1.7815097669170428 -18.788391286134722 10.292179433628917  10.238601746733185 224.9309241950512 -146.57273189723492  2.6294898637075677 -355.40070037841798 196.51627578735352  0.20121914239180116 1.383283041356117 6.8017897166697372 -136.33316414793953 64.788475664355801  6.1286188148730281 -60.898654454814825 28.160469001596539  4.3952172320364298 182.19313425952569 -109.33009926364758  1.3260803780143648 -49.793731954616675 12.599235910597418  -1.8352403951725138 67.27573897617404 -36.103459050290986  0.92535528035214165 3.5375426913394907 -76.292283568182029 40.925010568974542  0.94937710377171247 -2.2002084410861245 -1.0847079952742207 3.3549651973076835  11.30996304474138 -1.8028545364664752 -126.07486267866335 60.554009995103115  -0.036266839130314213 4.4808165286480479 -29.675717804080342 5.5288531450474698  1.006529361988487 0.13012593169487446 -23.990179500798696 14.032310644036626  -1.8984140222339876 -25.300823632133689 8.0588694735964967  -1.9054132573640801 -1.5206557151813145 -0.44971508458179416 -15.36466854447499 14.754723210865633  11.762045537263583 22.22527356777282 -19.719901862713598  0.30550360142723321 1.102114612757356 -26.41401061039651 6.1150530372746292  1.2156493043541561 1.2248715475687277 -62.721730703487992 34.48095657909289  2.3501184695580606 4.7057543021153831 -1.4416893886867912 -14.16258686403744 8.7233280728105456  -0.55256746771416376 -0.29283611485700195 -19.956511244686411 5.7035674573548025  0.0045933550990412192 2.4936399356934231 -38.101732661712234 8.1670261643231239  3.3801668500424058 -118.83894335720689 65.850981731340298  1.16314037076545 0.066835308738700402 0.78572960138519654 47.168033585755623 -28.123183846537724  -0.80360201363218953 635.35210328027608 -168.93063580500893  0.93515446991732465 5.0302913130876448 362.90733185019349 -99.047661600401625  0.75595932223680651 -10.909270175214534 5.6875286066901483  3.9614121452641253 0.4438549175127946 -38.200555138245186 19.464568326625887  1.3674598737701815 -0.31699304284157964 -10.898940406319889 5.7867428680010562  -0.99186069878924177 1.7216479977117729 1.1068389491450945 -9.7807544776238515 2.3982718166545967  
shrinkage=0.1


Tree=17
num_leaves=31
num_cat=0
split_feature=9 8 8 4 9 3 4 9 2 1 9 5 1 9 9 5 3 4 1 9 5 2 5 1 4 9 4 1 5 4
split_gain=7.30621e+08 7.21238e+08 1.13828e+08 8.30261e+07 5.31684e+07 3.63666e+07 2.90441e+07 2.74309e+07 2.16695e+07 2.04127e+07 1.35816e+07 1.01751e+07 8.09388e+06 8.00592e+06 7.62413e+06 7.02055e+06 1.68185e+07 6.82639e+06 6.66193e+06 6.19042e+06 6.04288e+06 6.62424e+06 6.03466e+06 6.0254e+06 5.99131e+06 5.68364e+06 5.68249e+06 6.38512e+06 7.34575e+06 5.36996e+06
threshold=7.0802787666761651 3.0000000000000004 3.0000000000000004 4.5135992393991637 7.3409897451678408 1.5105932097118195 2.2242581879713579 6.6727184231314114 3.5433689672552888 3.4175922930736511 7.3734349966701336 9.6378115602140557 4.4005842009683471 6.6602263132402717 7.295473267315983 4.6959141240107813 1.5105932097118195 5.4149880546933655 4.7664292796317111 7.4674764183178644 1.0000000180025095e-35 5.5355281615701051 1.0000000180025095e-35 6.2075829764107793 1.0000000180025095e-35 6.9604745283599776 4.7207260464697853 5.6716020950760067 1.0000000180025095e-35 4.5135992393991637
decision_type=2 2 2 2 2 2 2 2 2 2 2 2 2 2 2 2 2 2 2 2 2 2 2 2 2 2 2 2 2 2
left_child=2 9 12 5 -5 6 20 29 10 11 -8 24 22 -14 -7 16 23 18 19 -6 21 -3 -1 -11 -2 -24 27 28 -9 -4
right_child=1 3 7 4 17 14 8 26 -10 15 -12 -13 13 -15 -16 -17 -18 -19 -20 -21 -22 -23 25 -25 -26 -27 -28 -29 -30 -31
leaf_value=-32.684284288741097 -35.295507699174237 -8.7170250725881182 -5.7108849081342212 11.892238747598423 16.22042074301174 12.67122559461068 4.5839572393590338 -15.387531779363485 20.919772847414851 -17.396287159374449 12.804782995134268 -2.3414709088268508 -11.329305781726616 -6.0442793836020217 25.195643932846984 2.3964501087498111 2.833597342573849 25.646985769021754 27.377304598928134 22.435485971230584 6.3847237441962648 4.2844875551349757 -12.597246059584979 -1.8268211756481065 -5.7514487544192088 -9.6173289822422756 4.0077723178551166 4.962308896241824 -1.2264601920884233 -3.0341919450971058
leaf_weight=135 69 618 20864 5670 2636 635 2707 391 2577 803 7801 20263 5245 6320 2072 9198 1811 6673 1496 4088 5373 1071 17220 360 13181 10187 3908 1602 5800 11697
leaf_count=135 69 618 20864 5670 2636 635 2707 391 2577 803 7801 20263 5245 6320 2072 9198 1811 6673 1496 4088 5373 1071 17220 360 13181 10187 3908 1602 5800 11697
internal_value=0 6.29419 -6.73022 15.5231 20.1333 11.3751 9.91293 -3.25699 12.7023 -2.47659 10.687 -3.7505 -10.6613 -8.44116 22.2577 1.03083 -3.19275 23.2708 21.3418 19.999 4.74465 -0.472727 -11.5935 -12.5768 -5.9053 -11.4896 0.895821 -0.664747 -2.12082 -4.74933
internal_weight=172471 89102 83369 43417 20563 22854 20147 44262 13085 45685 10508 33513 39107 11565 2707 12172 2974 14893 8220 6724 7062 1689 27542 1163 13250 27407 11701 7793 6191 32561
internal_count=172471 89102 83369 43417 20563 22854 20147 44262 13085 45685 10508 33513 39107 11565 2707 12172 2974 14893 8220 6724 7062 1689 27542 1163 13250 27407 11701 7793 6191 32561
is_linear=1
leaf_const=0 0 0 0 0 0 0 0 0 0 0 0 0 0 0 0 0 0 0 0 0 0 0 0 0 0 0 0 0 0 0
num_features=3 3 4 3 3 3 4 4 3 5 5 5 4 3 3 4 4 4 3 4 4 4 3 4 3 5 4 3 4 5 3
leaf_features=1 8 9  1 8 9  2 3 8 9  4 8 9  4 8 9  1 4 9  3 4 8 9  2 3 4 9  1 8 9  2 3 4 8 9  1 3 5 8 9  2 3 4 8 9  1 5 8 9  1 8 9  1 8 9  3 4 8 9  1 5 8 9  1 3 8 9  4 8 9  1 4 8 9  1 4 8 9  4 5 8 9  2 8 9  1 5 8 9  1 8 9  1 4 5 8 9  1 5 8 9  4 8 9  1 4 8 9  1 4 5 8 9  4 8 9  
leaf_coeff=3.8648874486975049 62.132562233938373 -25.01543199079606  -2.6218508212396046 39.790077142533846 -14.492284093413037  0.78511023715841477 26.699860700640514 -60.470167581769061 30.982627890716685  0.67592390370170397 -8.6099452462169221 4.2418983489772017  2.3665408827189824 -319.85963287353519 176.86409606933594  0.1485565016007854 -1.0388118190910973 2.8553141099451751  0.92436469263993792 0.26591077845332622 93.547382915019995 -50.710468974709514  -0.1122197047318732 3.5256340626974692 1.2283726817340381 -0.0085844254918015402  -1.3740023685033522 93.786979952640834 -55.089535974338652  1.7816357120866479 1.0737688886012167 0.19871092390185369 -74.515673934950613 41.614489668005263  5.2778015020449818 10.613737256748369 5.949659848165993 -106.1977759019821 22.480781745775314  -0.61204496212403692 1.2553304553335694 2.9475830488363957 -59.791679542581555 32.236741482221987  0.65818798344387519 6.5180382440189426 -73.794043481337582 10.955498398723286  -1.9157770561990732 -22.939428306566697 7.5201883069072215  1.3098136112654757 -12.643103296984192 1.6494760713549113  1.5033579744057535 0.52255395621796197 58.76240481093992 -29.396782789588908  0.29827653228042711 0.27503206392052848 -57.598774524937475 15.332765107847264  0.72743892786347719 0.6756715399852965 -52.486558403214445 13.605712668804337  -2.8561407594446795 8.5134489811956886 1.113640167657286  2.1110748553514442 5.4425807891242588 -10.290041783591732 3.8981307599460706  0.021535523793500034 4.7496091758017434 428.41240444779396 -228.28949136883023  -2.9121757383103533 0.88942133260013634 -37.065328224188129 20.498577882096289  11.379445625097183 -51.470811064399463 18.838351074794627  0.49674298970538761 0.58409246159317263 -6.5942715246397716 -0.77016713637367507  7.2924679524873603 -202.22730278560849 48.239220579019097  0.87323394554443046 0.014296908943899213 0.26509031120892818 -68.121956253238025 17.283713231663569  0.71600387788057562 1.1432611923115474 1245.5785339355471 -359.51014671325686  0.14945154324971099 8.5453974397387356 -4.4476614653889559  5.1331083896680871 1.7148589381795318 86.985228500235834 -54.496528471587226  0.58340343673053219 -0.74121404933982837 0.96963256759632943 12.719165359344334 -8.4701928835362192  -0.49676005404745782 -9.8539078635710666 6.1531863522748385  
shrinkage=0.1


Tree=18
num_leaves=31
num_cat=0
split_feature=9 8 8 4 9 1 9 1 9 4 9 4 7 0 4 4 9 3 4 9 5 1 9 9 1 6 3 1 5 5
split_gain=5.91803e+08 5.84203e+08 9.22004e+07 6.72512e+07 4.30665e+07 2.96112e+07 2.2219e+07 1.66987e+07 1.5639e+07 1.1033e+07 1.08649e+07 9.47747e+06 8.29549e+06 1.79397e+07 7.1204e+06 6.78817e+06 6.43781e+06 6.31679e+06 5.93698e+06 5.93275e+06 5.88915e+06 8.46416e+06 5.04994e+06 6.32472e+06 5.02168e+06 4.82261e+06 1.12318e+07 4.77936e+06 6.33334e+06 4.73107e+06
threshold=7.0802787666761651 3.0000000000000004 3.0000000000000004 4.5135992393991637 7.3409897451678408 5.2284276452838947 6.6727184231314114 4.6395599436855051 7.4271313124684308 2.8477071124928428 7.295473267315983 2.8477071124928428 5.1618305990269642 1.2424533248940002 1.0000000180025095e-35 2.2242581879713579 6.9637791535153646 3.0848834447405333 1.0000000180025095e-35 7.2658909934784326 11.279807331233629 3.8176519431297078 7.4271755523508984 7.4791725819485757 6.7147769581220773 1.0000000180025095e-35 1.8794359129669858 6.4823422403668163 11.073288078767698 1.0000000180025095e-35
decision_type=2 2 2 2 2 2 2 2 2 2 2 2 2 2 2 2 2 2 2 2 2 2 2 2 2 2 2 2 2 2
left_child=2 7 15 5 24 8 -4 11 29 14 -7 19 13 -12 -10 17 -17 18 -1 -2 21 -6 -13 -24 -5 26 -9 28 -8 -3
right_child=1 3 6 4 20 10 27 25 9 -11 12 22 -14 -15 -16 16 -18 -19 -20 -21 -22 -23 23 -25 -26 -27 -28 -29 -30 -31
leaf_value=-20.478624846960699 -8.7626854081163383 -15.350925878539796 -4.2743944171429753 10.055878410438 15.608740005580003 8.8295204190109491 -1.5373374631863208 -10.351656059731976 -6.8158955522762845 12.477615997274613 4.5667614543802353 -3.4426739129866832 23.334317706622837 25.042506073598993 7.5397279718938393 -9.9192414011650936 -6.8200532402127525 -1.9873677394048652 -11.757542201395813 -4.0423114589578351 22.430684780715101 24.20724260134244 8.0081527850692105 -1.1491372879907977 24.388866126537323 2.6359831459286598 2.6533890497450656 7.0961179308804212 3.6815273598117813 3.8536219057446655
leaf_weight=866 3780 132 32561 5414 3679 1293 7163 1060 372 7660 916 11928 2277 803 4852 19522 10207 597 7915 9007 9552 1662 817 9818 256 7497 1778 1095 3443 4549
leaf_count=866 3780 132 32561 5414 3679 1293 7163 1060 372 7660 916 11928 2277 803 4852 19522 10207 597 7915 9007 9552 1662 817 9818 256 7497 1778 1095 3443 4549
internal_value=0 5.66477 -6.0572 13.9708 18.12 10.2376 -2.93129 -2.22894 8.26243 10.061 16.7973 -3.26268 19.3755 14.1316 6.51747 -9.59515 -8.85518 -11.9409 -12.6176 -5.43771 20.9437 18.2844 -2.03004 -0.445658 10.703 1.30691 -2.20403 0.806239 0.15685 3.31207
internal_weight=172471 89102 83369 43417 20563 22854 44262 45685 17565 12884 5289 35350 3996 1719 5224 39107 29729 9378 8781 12787 14893 5341 22563 10635 5670 10335 2838 11701 10606 4681
internal_count=172471 89102 83369 43417 20563 22854 44262 45685 17565 12884 5289 35350 3996 1719 5224 39107 29729 9378 8781 12787 14893 5341 22563 10635 5670 10335 2838 11701 10606 4681
is_linear=1
leaf_const=0 0 0 0 0 0 0 0 0 0 0 0 0 0 0 0 0 0 0 0 0 0 0 0 0 0 0 0 0 0 0
num_features=3 3 3 2 4 5 4 4 4 3 4 6 4 5 5 4 3 3 4 4 4 4 5 3 4 3 4 4 3 4 5
leaf_features=3 8 9  1 4 9  1 8 9  8 9  1 4 8 9  1 4 5 8 9  1 4 8 9  1 5 8 9  1 3 8 9  1 8 9  1 4 8 9  0 1 4 7 8 9  1 4 8 9  1 4 7 8 9  0 1 7 8 9  1 4 8 9  4 8 9  4 8 9  3 4 8 9  3 4 8 9  1 4 8 9  4 5 8 9  1 4 5 8 9  4 8 9  1 4 8 9  1 4 9  1 6 8 9  1 3 8 9  1 8 9  1 5 8 9  1 4 5 8 9  
leaf_coeff=5.1159629177155983 46.825439153239131 -16.741067785261841  -0.79405012461347002 2.1100704808399628 -1.6938207055243084  -1.0313789485394154 -151.31559173907155 82.14950396034402  -7.6364696163054759 4.156488257570027  0.08091459718853003 2.2505838315701112 -145.08509902954103 79.994553375244152  0.059336094089121619 -0.63615929707757468 5.0067540262019072 -103.50389389013873 50.581368655560077  7.8379290281598522 2.9310862883998201 813.58168492317202 -456.74500838518145  0.63563424155216719 0.91651640289184122 5.6368145453394396 -4.6973200204432946  11.611546307290519 -3.5579396188015382 -109.01671448954149 18.804143363755429  -1.7503084897216468 66.930548837780961 -35.766891596501232  0.71487608108454881 2.9032649041197374 -62.573139488580637 33.545884072978517  -21.175179288529762 8.7570931243431005 -13.61945652441409 10.958855274462758 72.615862219920388 -43.485469875481797  -0.041021205087970539 4.0905115270147681 -23.824460081050347 4.2134194398764526  -1.7381592169420401 -1.4800191966977936 -1.6182307661587629 -12.347228305763565 13.16239131683251  1.1331057498289738 -1.3266766150132754 -2.2952518685719667 97.904961731843656 -48.688808407727635  0.74737820704947355 0.10182396708275974 -17.597395130048973 10.385760479170131  1.1933158320428334 -15.041522275618627 2.5301505752639972  2.697837536324005 754.64988784790046 -218.28021450042726  1.087972028791208 -0.79659096796723361 -30.250241330673816 7.7747111003980995  1.8891352706901614 0.66598321298876151 -9.6925136825866502 1.0406454886039682  0.202410476483459 0.83811561258095402 -18.518734377401415 4.1958646670711461  0.78764475486314045 1.7033967843724895 -57.548402551189071 30.549839253979737  1.5149633421155615 6.0178742536460055 -1.0782545249770921 -20.871162335225382 10.884657838847488  -0.69819655567698646 575.6512347580865 -153.05021641626954  0.87419245613211849 4.416834013545162 329.30767435133458 -89.79258415969089  12.187193229387777 0.56100780119395499 -8.9217204923341349  -1.7958886259766444 -0.32265864270704014 -31.657217623712498 10.657792951730698  0.6907409584240668 -0.11919709356570821 -52.089277230808513 14.081130993584521  2.675484236429293 -100.74094744306058 55.997166706714779  -0.97616504109651037 1.3886494996413603 -7.3440763221646197 2.4593042702181265  1.0871872696142462 -0.8617713974512452 1.1818820158110281 -1.125 -0.025000000000000001  
shrinkage=0.1


Tree=19
num_leaves=31
num_cat=0
split_feature=9 8 8 4 9 1 9 1 9 7 1 4 5 1 9 5 9 1 9 9 9 5 1 5 1 9 5 1 6 1
split_gain=4.79283e+08 4.73091e+08 7.46824e+07 5.45264e+07 3.48592e+07 2.41675e+07 1.79974e+07 1.35446e+07 1.26393e+07 9.043e+06 1.91032e+07 8.83658e+06 6.89012e+06 6.39571e+06 5.79436e+06 5.68282e+06 5.18532e+06 4.91079e+06 6.91275e+06 5.51809e+06 4.8808e+06 4.8083e+06 1.17156e+07 4.41276e+06 4.99598e+06 5.82693e+06 4.35654e+06 4.10268e+06 3.97929e+06 3.88191e+06
threshold=7.0802787666761651 3.0000000000000004 3.0000000000000004 4.5244986107837111 7.3409897451678408 5.173316863805991 6.6727184231314114 3.3497501700808394 7.4271313124684308 4.7005897016112757 6.5964631079239817 2.8477071124928428 9.6378115602140557 4.2268071048866842 6.1003517537352172 1.0000000180025095e-35 7.4271313124684308 6.6392218114965287 7.4271755523508984 7.512612293208039 7.4271313124684308 4.6959141240107813 6.2075829764107793 11.279807331233629 3.8815106545092593 6.1003517537352172 1.0000000180025095e-35 6.6444403513266588 1.0000000180025095e-35 6.463808880305316
decision_type=2 2 2 2 2 2 2 2 2 2 2 2 2 2 2 2 2 2 2 2 2 2 2 2 2 2 2 2 2 2
left_child=2 7 13 5 27 8 23 12 -3 10 -7 15 26 28 -15 -10 -11 18 20 -20 -6 22 -9 24 -4 -26 -2 -5 -1 -8
right_child=1 3 6 4 17 9 29 21 11 16 -12 -13 -14 14 -16 -17 -18 -19 19 -21 -22 -23 -24 -25 25 -27 -28 -29 -30 -31
leaf_value=-28.041607087053684 -30.65814736637126 2.9902300065599627 -5.24469573931054 8.9730170972680305 21.94025361647973 0.88545353118377401 0.12922474460289965 -11.537673763788391 -6.2336976032838267 11.198462056178673 19.089495100699789 11.205450381175785 -1.8929113083753579 -10.779594238039067 -5.4997627436464578 6.771905751529431 20.930236732573892 27.606881984667417 22.743574782449606 17.676450892857144 14.3482229047828 1.9453100067133768 1.7665680718318715 -1.3766240359601771 -6.5866999016828389 -0.39748056564040968 -4.7050078858410451 20.614430113224969 -9.4004905140484283 6.2884042784144212
leaf_weight=115 65 4693 19244 5319 1040 1106 10568 993 361 714 1204 7688 20220 2688 9168 4846 2348 617 4409 4193 4558 9333 1985 5917 2140 5260 13089 321 27136 1133
leaf_count=115 65 4693 19244 5319 1040 1106 10568 993 361 714 1204 7688 20220 2688 9168 4846 2348 617 4409 4193 4558 9333 1985 5917 2140 5260 13089 321 27136 1133
internal_value=0 5.09745 -5.45148 12.572 16.3264 9.22691 -2.63816 -2.00604 7.43387 15.0973 10.3736 9.05109 -3.05182 -8.63564 -6.69681 5.87023 18.661 18.8732 18.4937 20.2736 15.7587 0.828958 -2.66967 -3.84695 -4.39556 -2.18734 -4.83325 9.63559 -9.47916 0.725614
internal_weight=172471 89102 83369 43417 20457 22960 44262 45685 17588 5372 2310 12895 33374 39107 11856 5207 3062 14817 14200 8602 5598 12311 2978 32561 26644 7400 13154 5640 27251 11701
internal_count=172471 89102 83369 43417 20457 22960 44262 45685 17588 5372 2310 12895 33374 39107 11856 5207 3062 14817 14200 8602 5598 12311 2978 32561 26644 7400 13154 5640 27251 11701
is_linear=1
leaf_const=0 0 0 0 0 0 0 0 0 0 0 0 0 0 0 0 0 0 0 0 0 0 0 0 0 0 0 0 0 0 0
num_features=3 3 4 4 4 3 3 3 4 3 4 4 4 4 2 3 5 5 4 3 3 4 4 3 3 3 4 4 3 4 3
leaf_features=1 8 9  1 8 9  1 4 8 9  1 5 8 9  1 4 8 9  4 8 9  1 8 9  1 8 9  1 5 8 9  1 8 9  1 4 7 9  1 7 8 9  1 4 8 9  1 5 8 9  1 9  1 8 9  1 4 5 8 9  1 4 7 8 9  1 4 8 9  4 8 9  1 4 9  1 4 8 9  1 5 8 9  1 8 9  5 8 9  1 5 9  1 5 8 9  1 5 8 9  1 4 9  1 6 8 9  1 8 9  
leaf_coeff=2.9914150581067052 61.40681696342363 -23.617644399292477  -1.7586339023238908 90.334399246424439 -27.776867742510515  -0.23283077030982896 1.2998789576186256 -20.121868037804962 11.052130327001215  -0.13022192888817977 0.43817602862418997 -3.5229327782574731 0.76897590767875956  -0.042091507332224866 2.0401869917870501 -136.49933090209962 75.266999435424808  -8.2876049163140131 42.005441923439506 -12.904504500702025  3.4836771880266997 -45.578998185773713 21.922869180878752  -0.21071824447444598 51.277973890753493 -29.3433338091676  3.890113491855141 4.1414392295642299 -66.80447432177607 13.657111577662  -1.8153934544767709 67.927306460053657 -36.193093112809585  0.0038569944079426934 -2.1609946432524567 -0.8485128831751354 3.3993951077387465  8.3855191878021298 -1.7329693417294039 -91.283108188002373 43.703445561497944  0.58964523693823601 2.5934790034941901 -55.860390748293142 29.959621768770742  0.40285134590464938 5.3873654268054452 -60.18899446218493 8.8459751360531307  -1.5035108496219665 -0.29991294214553366  0.37222191503383617 -18.090755295745112 4.2537016976812998  0.65834870388065958 -0.92394323225117891 0.73563634556023771 -16.611916296277197 9.2246737415029205  -1.5858360510397007 -1.2382654037374836 -0.65896160912591317 -11.82686160192825 11.579650507913904  5.678534360271442 1.8340320839153947 177.13294205544517 -97.841045913216661  -7.8460329073714092 219.16230261046439 -108.30639465674759  0.50825839762527492 -2.324016720179134 3.7976610184117821  0.57371186253343542 0.56151879954226158 2.6500000000000004 -0.050000000000000003  0.2100043815884913 0.24674302239792373 -47.489285617759016 12.64177793647432  3.0519950302231793 -101.93242160153169 25.208461479446125  -0.44680661081884027 -8.3083930703117854 5.8428037135593058  -2.3383874708525525 -1.0983800977939382 3.0657355459962221  2.2013564840141173 0.78246117185718633 -19.412360828619811 8.8227078523713995  0.68756522604359427 0.15451102033818601 -54.761899552607794 13.952897835549448  12.992707608786077 0.87852344952059414 -10.315736560049846  0.50057666543226276 -0.26703955836963472 -13.196002784918893 2.7826444118510154  2.4904582393044623 -82.183778293803343 45.447505373880269  
shrinkage=0.1


Tree=20
num_leaves=31
num_cat=0
split_feature=9 8 8 4 9 3 4 9 1 1 9 4 1 9 5 0 5 9 5 5 1 5 1 6 9 9 9 5 0 6
split_gain=3.88399e+08 3.83467e+08 6.04927e+07 4.42989e+07 2.83308e+07 1.97039e+07 1.56783e+07 1.45779e+07 1.22514e+07 1.11416e+07 7.2865e+06 6.42443e+06 5.18771e+06 4.64076e+06 5.03937e+06 7.55925e+06 4.44308e+06 4.35881e+06 4.30646e+06 4.19322e+06 6.13405e+06 3.73526e+06 5.27173e+06 4.83396e+06 3.69714e+06 3.61148e+06 5.20541e+06 3.57433e+06 4.12824e+06 4.61728e+06
threshold=7.0802787666761651 3.0000000000000004 3.0000000000000004 4.5135992393991637 7.3409897451678408 1.2702630113321869 2.2242581879713579 6.6727184231314114 3.4811217321331038 4.6395599436855051 7.4227059644980615 2.8477071124928428 4.1026092131977068 6.6602263132402717 1.0000000180025095e-35 0.89587973461402759 1.0000000180025095e-35 7.295473267315983 10.752328864032437 11.279807331233629 3.8176519431297078 11.213184306378713 5.4951148343168761 1.0000000180025095e-35 7.2658909934784326 7.4271755523508984 7.4812000041033695 11.279807331233629 1.8688348091416842 1.0000000180025095e-35
decision_type=2 2 2 2 2 2 2 2 2 2 2 2 2 2 2 2 2 2 2 2 2 2 2 2 2 2 2 2 2 2
left_child=2 9 12 5 -5 6 -3 27 10 11 -8 16 -1 -14 15 -15 -2 -7 -12 20 -6 22 23 -9 -18 -13 -27 28 29 -4
right_child=1 3 7 4 19 17 8 21 -10 -11 18 25 13 14 -16 -17 24 -19 -20 -21 -22 -23 -24 -25 -26 26 -28 -29 -30 -31
leaf_value=-8.5420355622440933 -19.116970624053494 3.4133670912243845 -12.547645164197297 8.671099052731952 12.455295750452599 9.0338221684824571 3.2445831624254895 -13.48796929021078 15.348281135675174 1.0827553923795361 8.1568264374946029 -2.8295873182160514 -8.1958373616829228 -16.69436094401425 -2.9175177304438873 -1.0156521820160864 -6.851718970379352 18.492167953751263 14.229812950565529 18.231779375188115 19.775183946030523 3.4995861181507744 4.021320462636865 -1.2172675247456723 -3.0942852188726779 7.2256925867186528 -0.94591900621280889 -1.2389615401718812 7.0583083119065995 -3.8889943969850025
leaf_weight=27028 203 7061 631 5670 3679 636 2696 339 2639 10335 6306 11928 5492 716 5332 539 3716 2083 1433 9552 1662 3307 1994 6061 8868 847 9788 5917 336 25677
leaf_count=27028 203 7061 631 5670 3679 636 2696 339 2639 10335 6306 11928 5492 716 5332 539 3716 2083 1433 9552 1662 3307 1994 6061 8868 847 9788 5917 336 25677
internal_value=0 4.5899 -4.90633 11.3193 14.6868 8.28941 7.21041 -2.37434 9.26111 -1.80544 7.72167 -2.64983 -7.77207 -6.0492 -4.25942 -9.96064 -4.44059 16.2798 9.28134 16.9771 14.7331 0.653052 -0.468402 -1.86723 -4.20384 -1.63497 -0.29511 -3.46226 -3.956 -4.09667
internal_weight=172471 89102 83369 43417 20563 22854 20135 44262 13074 45685 10435 35350 39107 12079 6587 1255 12787 2719 7739 14893 5341 11701 8394 6400 12584 22563 10635 32561 26644 26308
internal_count=172471 89102 83369 43417 20563 22854 20135 44262 13074 45685 10435 35350 39107 12079 6587 1255 12787 2719 7739 14893 5341 11701 8394 6400 12584 22563 10635 32561 26644 26308
is_linear=1
leaf_const=0 0 0 0 0 0 0 0 0 0 0 0 0 0 0 0 0 0 0 0 0 0 0 0 0 0 0 0 0 0 0
num_features=3 3 4 3 3 5 4 4 3 5 3 6 4 3 3 4 4 4 4 6 4 5 3 4 5 5 3 4 3 4 5
leaf_features=1 8 9  1 8 9  3 4 8 9  0 8 9  4 8 9  1 4 5 8 9  3 4 8 9  1 3 4 9  1 8 9  1 3 4 8 9  1 8 9  1 3 4 5 8 9  1 4 8 9  1 8 9  1 8 9  1 5 8 9  0 1 8 9  1 4 5 9  3 4 8 9  1 3 4 5 8 9  4 5 8 9  1 4 5 8 9  5 8 9  1 5 8 9  1 5 6 8 9  1 4 5 8 9  4 8 9  1 4 8 9  5 8 9  0 5 8 9  0 5 6 8 9  
leaf_coeff=0.32843790451941574 -11.800875574315979 2.2454355547766682  8.9054077233343829 -191.24385956398328 44.677809758757945  24.92215139019136 1.5059026726886928 -25.688712030372699 14.146358718417833  23.821723239966289 -4.2735864967107773 -2.190389908850193  1.7210288801637945 -233.94714279174806 129.36288566589357  0.0027787196907411273 -0.68275982791274148 4.4959263305468085 -83.163107404543553 40.053823795542122  0.18778598818025785 0.20111369045607719 88.205433657765397 -47.741127191483976  -0.2245863288985242 3.2143140401861281 0.92523413214621542 -0.029195803581885116  -2.2215149910862237 46.970663324929774 -27.476013533025981  0.9694995782841147 -1.9436052275797011 0.15813997331483734 -51.946608095528795 29.310247996071123  0.55875936759292699 -25.019373220695709 6.4629506508287706  -0.24758407114686634 0.4945063033529209 -1.0421083715911663 1.8710230835843278 -43.778540332138078 22.554647787363503  -0.094261287435108629 3.6229835051952315 -17.61886303468782 2.8159409981944918  -1.4881243307402656 -16.471404610695028 5.4795473639349446  9.8846429619557092 20.143421998573469 -16.702386342649699  -0.64313754601436346 -0.40059615315098701 -10.08461915471271 3.6387955802686522  0.15006273927794356 1.8050453205350294 -27.998201588089799 6.0900419603119191  0.38351940221494374 0.45840885967897976 0.18949612998371779 -1.2931115351661675  1.0053876308745202 0.31132397502424286 40.280531395575963 -19.953062804287768  -1.5373890189061059 3.7079346849592358 2.4921248508722784 3.9867886473874026 -23.307797033572569 7.0575128014548687  0.23889088888026891 1.6925522291828203 -45.430524687794971 23.919016312831083  1.0443898855949783 5.3780720306967851 -0.89514394482903303 -17.2801306378562 8.8914653353043835  0.98619615873375333 1.3954352832806762 -1.9748174649546855  3.9118780368848096 0.69934181433500275 115.87234908444808 -70.055259797442702  0.20617147966564744 0.1344791504718387 0.43435352751384926 18.503140154143331 -11.364108248130652  1.009493971150863 -0.8161428727573139 0.51015203320778968 -28.088614225067431 6.7081420337926829  -0.63085633120281281 527.21149056050933 -140.17291427571328  0.70953133581697336 3.967211445730368 266.79137954022735 -72.915478022489694  -0.40212597192364719 -7.4775537410448356 5.2585233688750694  3.2877227681088304 -0.12709614822425694 -29.069184183001926 17.403789916891764  1.9557512827223875 0.1621109357061343 -0.27616235597282923 -6.1686661969423318 3.2308526368438382  
shrinkage=0.1


Tree=21
num_leaves=31
num_cat=0
split_feature=9 8 8 4 9 1 9 6 1 9 9 4 7 0 4 5 9 0 4 1 9 9 1 4 9 1 4 0 5 1
split_gain=3.14603e+08 3.10608e+08 4.89991e+07 3.59008e+07 2.29557e+07 1.62139e+07 1.18081e+07 9.80916e+06 9.02468e+06 7.86035e+06 6.04869e+06 5.20378e+06 4.58779e+06 1.04192e+07 4.53136e+06 4.37725e+06 4.14894e+06 3.80447e+06 4.48289e+06 3.6777e+06 4.98161e+06 4.16793e+06 3.60484e+06 3.59884e+06 3.59727e+06 3.37476e+06 3.20208e+06 8.02052e+06 3.05866e+06 4.56116e+06
threshold=7.0802787666761651 3.0000000000000004 3.0000000000000004 4.5244986107837111 7.3409897451678408 5.173316863805991 6.6727184231314114 1.0000000180025095e-35 4.6395599436855051 7.4233128144884368 7.295473267315983 2.8477071124928428 5.1618305990269642 1.2424533248940002 2.2242581879713579 10.694532471115604 6.9637791535153646 0.89587973461402759 1.0000000180025095e-35 6.6392218114965287 7.4271755523508984 7.5073646786907204 5.688667405331941 1.0000000180025095e-35 7.4271313124684308 6.6073254057471518 1.0000000180025095e-35 0.89587973461402759 11.073288078767698 5.3636340903656388
decision_type=2 2 2 2 2 2 2 2 2 2 2 2 2 2 2 2 2 2 2 2 2 2 2 2 2 2 2 2 2 2
left_child=2 8 14 5 25 7 -4 -3 11 -9 -7 23 13 -12 17 -11 -16 18 22 20 24 -22 -1 -2 -6 -5 27 -10 29 -8
right_child=1 3 6 4 19 10 28 9 26 15 12 -13 -14 -15 16 -17 -18 -19 -20 -21 21 -23 -24 -25 -26 -27 -28 -29 -30 -31
leaf_value=-23.736308526239227 -17.205177608974452 -7.989948587931953 -3.1160336163686795 7.1654922821846885 17.957212559168156 6.3756760639039776 -1.8846084981932707 2.851243422358726 -8.8131154553915163 6.9748309903426877 3.0636017185681075 -1.4714718889631142 17.083602072516516 18.624750351968917 -7.2445001109947542 12.532238050616542 -4.7565180310121979 -1.4187282548227076 -8.7105290378485059 22.858567305244932 18.771490516902514 14.365756481037465 -10.603248646574201 -3.7834549697129045 11.439442326678368 17.172237828572591 2.0574662763817684 2.1936294156759466 2.9990482215744696 3.5738699047520024
leaf_weight=372 203 487 32561 5280 1040 1311 6019 4567 1052 10905 927 22563 2331 803 19522 1629 10207 632 7897 617 4134 4468 477 12584 4558 360 7497 1786 3629 2053
leaf_count=372 203 487 32561 5280 1040 1311 6019 4567 1052 10905 927 22563 2331 803 19522 1629 10207 632 7897 617 4134 4468 477 12584 4558 360 7497 1786 3629 2053
internal_value=0 4.13091 -4.4157 10.1874 13.2338 7.47309 -2.13691 6.00444 -1.62489 6.40297 12.2815 -2.38485 14.188 10.2865 -6.99487 7.69711 -6.39029 -8.91142 -9.45286 15.3005 14.9721 16.4831 -16.3577 -3.99653 12.6503 7.80422 0.97448 -1.88639 0.587748 -0.496321
internal_weight=172471 89102 83369 43417 20457 22960 44262 17588 45685 17101 5372 35350 4061 1730 39107 12534 29729 9378 8746 14817 14200 8602 849 12787 5598 5640 10335 2838 11701 8072
internal_count=172471 89102 83369 43417 20457 22960 44262 17588 45685 17101 5372 35350 4061 1730 39107 12534 29729 9378 8746 14817 14200 8602 849 12787 5598 5640 10335 2838 11701 8072
is_linear=1
leaf_const=0 0 0 0 0 0 0 0 0 0 0 0 0 0 0 0 0 0 0 0 0 0 0 0 0 0 0 0 0 0 0
num_features=3 3 3 2 4 3 4 4 5 3 6 6 4 5 5 3 6 3 4 4 4 3 4 3 4 4 3 4 4 3 4
leaf_features=1 8 9  1 8 9  1 8 9  8 9  1 4 8 9  4 8 9  1 4 8 9  1 5 8 9  1 4 6 8 9  1 8 9  1 4 5 6 8 9  0 1 4 7 8 9  1 4 8 9  1 4 7 8 9  0 1 7 8 9  4 8 9  1 4 5 6 8 9  4 8 9  0 4 8 9  0 4 8 9  1 4 8 9  4 8 9  1 4 8 9  1 8 9  1 4 8 9  1 4 8 9  1 4 9  1 4 8 9  0 1 8 9  5 8 9  1 5 8 9  
leaf_coeff=2.3397967560133055 68.6413405419502 -25.196437889350637  8.0148668740052482 -172.11947754111608 40.210029875584588  -1.2442839818496623 -48.16277067703632 25.564274929672685  -5.566986374052795 3.0300799535502621  -0.095480495023730336 1.686057734649512 -99.54611434936524 54.840638351440433  -7.6442444838670784 40.91202516779304 -13.378655732795597  6.033277467963126 2.2246521754283095 715.14782124161729 -400.79908845424654  -0.48474910370754859 0.70842796174399614 -27.702770796162078 14.764797658717725  0.95364918904028628 0.24412739848248455 1.3900560207072061 -1.7000000000000002 -0.043750000000000004  9.5144284028550601 -87.86823337408714 14.966515723349586  0.77816813313410194 4.5352615543209138 -3.3020786702151783 4.3696880643637996 -32.865552352077792 17.012293322233017  -22.850653140226498 6.8275293148062817 -11.419519052961641 8.9540835646694639 69.139586309163136 -40.057861236770989  0.055044410265401217 3.2090448982372046 -34.92536364782864 7.812821844630526  -1.4199880049825653 -1.2048299872845598 -1.6222174535557827 -9.6932217435678467 10.501532085950021  1.2524403726223683 -2.2766367883130445 -2.2533886529807035 89.695860280469063 -44.171334919054061  0.90309006105195522 -10.431576632647193 1.6586952779221065  0.25773823853178329 -35.242453755572207 42.173504080272053 -37.337370184286918 -28.4266453191638 8.5886542506632395  2.0793850046517037 747.51112632751472 -215.65524530410767  2.07037528463843 -0.14232047143160004 -21.88576017241121 5.6618269949375648  3.5380763553491441 0.27057622932345265 -5.9538641356379234 0.41446623890969936  5.0288337380163286 1.8326538781017121 161.60227342825385 -89.543604174442592  -7.2122755541204242 175.27884599827232 -85.81743665803225  0.40095699194789636 -2.5532538098748776 1712.216992855072 -908.13345046043401  8.3099701428496306 -8.3777746105246482 -6.6341739397346835  0.65297548433775043 0.14215440762376516 -50.645357639828582 13.104856977131931  0.45125451669980116 0.097063876118403419 2.4500000000000002 0.050000000000000003  11.874382348338987 0.7925959204394758 -9.5851983987260621  -1.6411138853087104 -0.23301797054993134 -21.883524621087417 7.6601711942797923  0.36798337728823755 -0.33356630719817987 -23.994574492517859 7.1249983093875926  1.1969520822405169 -1.9949258671200369 -0.44756111747992694  3.4351726738335859 0.68202953225195417 110.38904959345237 -66.491162956925109  
shrinkage=0.1


Tree=22
num_leaves=31
num_cat=0
split_feature=9 8 8 5 1 9 9 9 1 7 1 5 9 5 1 9 6 9 6 0 4 1 6 1 2 4 6 4 0 9
split_gain=2.54885e+08 2.51676e+08 3.96893e+07 2.9941e+07 2.13042e+07 1.22366e+07 1.02684e+07 9.56457e+06 7.37747e+06 6.92129e+06 1.15771e+07 6.08893e+06 4.18368e+06 4.07845e+06 4.05274e+06 3.71399e+06 3.54458e+06 3.15857e+06 3.67521e+06 4.18654e+06 2.96118e+06 4.64883e+06 6.26475e+06 3.08624e+06 2.83906e+06 2.77446e+06 2.70031e+06 2.63674e+06 4.89708e+06 2.5396e+06
threshold=7.0802787666761651 3.0000000000000004 3.0000000000000004 11.147296264424304 5.0782890901091458 7.3409897451678408 7.4271313124684308 6.6727184231314114 3.3497501700808394 4.7005897016112757 6.5964631079239817 9.3400958940044365 7.295473267315983 9.697830836277241 4.4005842009683471 6.1003517537352172 1.0000000180025095e-35 7.2311737507397504 1.0000000180025095e-35 0.89587973461402759 3.5040265001487509 6.4433357115843206 1.0000000180025095e-35 5.763621242782512 3.6699311590183616 1.0000000180025095e-35 1.0000000180025095e-35 1.0000000180025095e-35 0.89587973461402759 6.9541218539783021
decision_type=2 2 2 2 2 2 2 2 2 2 2 2 2 2 2 2 2 2 2 2 2 2 2 2 2 2 2 2 2 2
left_child=2 8 14 4 6 -5 26 20 13 10 -6 16 -11 -2 25 -16 -8 18 19 -10 21 22 23 -4 -24 -1 -3 28 -17 -27
right_child=1 3 7 5 9 -7 11 -9 17 12 -12 -13 -14 -15 15 27 -18 -19 -20 -21 -22 -23 24 -25 -26 29 -28 -29 -30 -31
leaf_value=-21.255681315909175 -3.5569825807086723 -12.897635243584714 -23.335971261699115 7.9645709606701178 0.18634158801599221 14.578900071354695 -5.4830849023858121 0.52897286533687926 -17.110294932698491 9.3518703580927376 14.263111957816092 8.5219034019354556 15.7851751975097 -1.3103594479936984 -8.0298992020828521 -13.341630444750113 5.0405190828412278 1.6766138413282126 -0.46291574626614634 -0.0010666701482253129 -2.0680362429218162 4.5961618596094258 -4.4082624287624048 -7.6834530104708394 2.0818172887125246 -7.6249883636669553 2.4481005444402282 -3.0532255944526447 -0.80310050489210072 -5.6330590877680882
leaf_weight=135 13724 117 248 3775 1135 10796 341 11701 308 1396 1204 10026 3664 19650 2627 727 5213 8627 3109 267 20398 593 10345 256 721 17220 5750 7666 545 10187
leaf_count=135 13724 117 248 3775 1135 10796 341 11701 308 1396 1204 10026 3664 19650 2627 727 5213 8627 3109 267 20398 593 10345 256 721 17220 5750 7666 545 10187
internal_value=0 3.71867 -3.97413 9.1704 7.30399 12.8653 5.70778 -1.92322 -1.4624 11.9309 7.43236 7.05052 14.0103 -2.23421 -6.29538 -4.72439 4.3944 0.629899 -1.82124 -9.16566 -2.80443 -4.0394 -4.482 -15.3855 -3.9854 -6.95504 2.14208 -3.75286 -7.96938 -6.8846
internal_weight=172471 89102 83369 43417 28846 14571 21447 44262 45685 7399 2339 15580 5060 33374 39107 11565 5554 12311 3684 575 32561 12163 11570 504 11066 27542 5867 8938 1272 27407
internal_count=172471 89102 83369 43417 28846 14571 21447 44262 45685 7399 2339 15580 5060 33374 39107 11565 5554 12311 3684 575 32561 12163 11570 504 11066 27542 5867 8938 1272 27407
is_linear=1
leaf_const=0 0 0 0 0 0 0 0 0 0 0 0 0 0 0 0 0 0 0 0 0 0 0 0 0 0 0 0 0 0 0
num_features=3 4 3 3 2 3 3 3 2 2 4 4 4 5 4 2 3 5 3 3 4 3 4 6 3 6 4 5 4 4 4
leaf_features=1 8 9  1 5 8 9  1 8 9  1 8 9  5 9  1 8 9  5 8 9  1 8 9  8 9  1 9  1 5 7 9  1 5 8 9  1 5 8 9  1 5 7 8 9  1 5 8 9  1 9  1 8 9  1 5 6 8 9  1 8 9  1 6 9  0 1 8 9  4 8 9  1 4 8 9  1 2 4 6 8 9  1 8 9  1 2 4 6 8 9  1 4 8 9  1 5 6 8 9  1 4 8 9  0 1 8 9  1 4 8 9  
leaf_coeff=3.1155146643089893 39.653863691320296 -16.361591257859981  0.14970079021644267 0.52763374392346518 -39.00068401420431 9.464725401417672  -1.863785891609905 -135.47358916723169 74.17402055258863  5.2781163254752759 -136.49578713178636 74.702029453217989  1.201135240403528 -0.86207240529620321  2.6257446048977418 -35.691426276424728 17.19005766111982  2.1006816211538535 -39.537438697367911 19.811906744062437  -1.9187583619261659 70.387309116596597 -37.367747818818316  31.27992014619813 -17.856623696880707  6.622767247427328 -7.5378829991170511  1.1789045000358784 0.27688309566192404 0.40917723019774715 -0.43295459888540794  6.0889198297621991 -0.96616341620192547 -65.475662594329336 31.349869822117036  0.76786496769896084 2.7649649139739383 -53.968117273726968 26.079580159677427  -0.56682123046402921 0.62368352495632284 -2.2284197572691484 -5.4123494922416286 6.3286004850175237  0.26140183429945268 3.3991027755633469 -40.590477893992649 6.2694303415737522  -1.1203204129308233 -0.2156860456245113  9.6904845812526688 10.799477766313068 -13.421490830813127  0.69930333713665505 -0.15851503540170597 0.61236589830337496 -8.7979474539170042 4.997130300654681  -0.28848433920627486 47.036478040018125 -12.197728139144601  0.32841376424606922 -0.12353421620468907 -0.21800983863505508  1.2581322220988118 1.6488923500504975 14.108542898573797 -5.8886488454736536  0.37825252343149601 -5.559211782523608 2.9140363175427186  2.4675736409168652 -0.017772692318931149 -27.14098640526754 14.571729678385601  2.0221893314368597 -1.718626886797614 -0.43843263578182246 0.48416057079613212 -6.0890216176215297 2.7952855978224762  25.201330270039037 495.92937432862823 -322.13530742824082  -4.4481043138967591 3.682742182872182 -2.0164145678924146 -0.40992424803529065 -21.863207659514366 16.609452034221455  0.13763917283732782 0.76553640532986267 1.2184716474235757 -1.8941252201167118  0.77321844833177245 0.069412927575103825 0.6871075681738148 466.38084278106692 -258.41363124847413  -1.4938396098604168 -0.64774207006645979 -14.680067486884582 5.6331157249591799  -0.02616838746966579 1.4871276308084369 -21.312298020009621 4.556473905595567  0.21929040700379121 1.2522128025037091 833.63799743652351 -239.96930656433108  
shrinkage=0.1


Tree=23
num_leaves=31
num_cat=0
split_feature=9 8 8 5 1 9 9 9 4 7 1 5 9 9 6 1 9 1 1 9 6 1 4 5 1 9 5 1 4 6
split_gain=2.06457e+08 2.03857e+08 3.21483e+07 2.42522e+07 1.72564e+07 9.91167e+06 8.31742e+06 7.74729e+06 6.35455e+06 5.61487e+06 9.13173e+06 4.94387e+06 4.10732e+06 8.00815e+06 6.5792e+06 3.62697e+06 3.41185e+06 3.29176e+06 3.01554e+06 2.8622e+06 2.94552e+06 3.91098e+06 2.8131e+06 2.57329e+06 3.5602e+06 3.67593e+06 2.43976e+06 3.80871e+06 2.92799e+06 2.19666e+06
threshold=7.0802787666761651 3.0000000000000004 3.0000000000000004 11.147296264424304 5.0782890901091458 7.3409897451678408 7.4271313124684308 6.6727184231314114 3.2287771385162909 5.1618305990269642 6.5964631079239817 9.2197459988235746 7.2311737507397504 7.4182839836280507 1.0000000180025095e-35 2.8029010331479989 7.3538013748376487 4.1026092131977068 5.8874909948915191 6.6602263132402717 5.212613259158597 6.3534997185584592 1.0000000180025095e-35 11.11077485738287 3.7256208424938388 6.1003517537352172 10.944431002758746 5.2012518591713119 1.0000000180025095e-35 6.0502739406457131
decision_type=2 2 2 2 2 2 2 2 2 2 2 2 2 2 2 2 2 2 2 2 2 2 2 2 2 2 2 2 2 2
left_child=2 8 17 4 6 -5 -3 23 12 10 -6 22 -2 18 -15 -16 -11 -1 -14 -19 21 -21 -8 24 -4 -26 27 28 -9 -25
right_child=1 3 7 5 9 -7 11 26 -10 16 -12 -13 13 14 15 -17 -18 19 -20 20 -22 -23 -24 29 25 -27 -28 -29 -30 -31
leaf_value=-6.2791738404579558 -3.9826846167047352 1.9278723402387248 -3.7403932879343511 7.168115305666892 0.32636887494918831 13.121009885968878 -4.9348515077070765 -11.883905388191877 0.4329305720000351 8.4098299381631829 12.769028053287627 7.6161242972042773 11.217844713985016 -11.22433461667384 -2.1897781367030213 1.7949864214429274 14.230766757978685 -5.9792766852221462 2.34283946340399 -12.526830441104657 -1.8468229217198335 -1.4875128014162904 4.4577750196482144 -3.703466500065657 -4.6110284488554232 0.28945995598304564 2.5139927972585339 3.0819908870496264 -1.3783773550034806 0.27416006402937254
leaf_weight=27028 8540 5867 18188 3775 1149 10796 341 279 14279 1391 1212 10326 502 747 17374 2630 3647 5492 1613 663 5302 622 4913 1915 2161 5248 3911 2109 5402 5049
leaf_count=27028 8540 5867 18188 3775 1149 10796 341 279 14279 1391 1212 10326 502 747 17374 2630 3647 5492 1613 663 5302 622 4913 1915 2161 5248 3911 2109 5402 5049
internal_value=0 3.34681 -3.57671 8.25336 6.5736 11.5788 5.137 -1.7309 -1.31616 10.7378 6.71371 6.34547 -2.1114 -1.41252 -2.00997 -1.66589 12.6236 -5.66584 4.44934 -4.29345 -2.88787 -7.18329 3.84817 -2.52399 -2.98768 -1.13988 0.476074 -0.547071 -1.89432 -0.81963
internal_weight=172471 89102 83369 43417 28846 14571 21447 44262 45685 7399 2361 15580 31406 22866 20751 20004 5038 39107 2115 12079 6587 1285 5254 32561 25597 7409 11701 7790 5681 6964
internal_count=172471 89102 83369 43417 28846 14571 21447 44262 45685 7399 2361 15580 31406 22866 20751 20004 5038 39107 2115 12079 6587 1285 5254 32561 25597 7409 11701 7790 5681 6964
is_linear=1
leaf_const=0 0 0 0 0 0 0 0 0 0 0 0 0 0 0 0 0 0 0 0 0 0 0 0 0 0 0 0 0 0 0
num_features=3 3 4 4 2 5 3 3 3 3 4 5 4 4 2 5 5 5 3 3 4 4 4 5 4 3 4 3 4 5 4
leaf_features=1 8 9  4 8 9  1 5 8 9  1 5 8 9  5 9  1 5 7 8 9  5 8 9  1 8 9  1 8 9  4 8 9  1 5 7 9  1 5 7 8 9  1 5 8 9  1 4 8 9  8 9  1 4 6 8 9  1 4 6 8 9  1 5 7 8 9  1 8 9  1 8 9  1 6 8 9  1 6 8 9  1 6 8 9  1 4 5 8 9  5 6 8 9  1 5 9  1 5 8 9  5 8 9  1 5 8 9  1 4 5 8 9  5 6 8 9  
leaf_coeff=0.24479683712012276 -8.3750119363827249 1.5598645642912743  1.5246560420433526 4143.83069267273 -1147.2323931694032  0.16990597425769921 0.71622488970044751 -48.532069022580984 26.185089558921756  -0.17800378088497149 0.24082273732022516 -1.334703285626847 -0.085019854194160874  1.0810217194471989 -0.77586516937808492  2.2844408133478717 -9.1341735753164119 17.374946806885593 -31.629918721784954 15.268614301080085  1.8906134571952862 -35.583694375632334 17.830715830228293  -1.7268825075200767 63.348576594929909 -33.630972188964371  -3.9641774301057016 100.65039667598904 -57.058358778897677  1.9287728979557295 -27.774180216312562 6.6010973152798673  1.045493770142025 0.26078700770644903 0.73420397471236365 -0.68090965069059173  5.41194533893231 -1.3467896653673961 0.74053164190845566 -56.515597910998622 26.971932971576464  0.67551418519897199 2.3917556238382534 -48.298419271828607 23.464365932793591  0.43483324108201488 -1.3371357392297796 42.918671873584394 -9.7126103455666453  254.31357271270826 -69.64022351542954  0.34371834375936033 -0.097088196468382654 0.98845372686849942 -36.202641907852374 8.5336699308623789  0.46792531680244154 -0.6179187328612008 -0.40219842493108332 13.266432059800719 -3.0902092621850898  -0.45563349942599418 0.53312625980418038 -2.6823348712673809 -5.0607176492456354 6.3080832898267545  -1.2510554624864909 -12.277491302154885 4.242548884485859  -3.7288076309312603 119.56742851387244 -28.80323602342105  6.0583884585880305 1.1838693386092416 20.412479386395717 -12.810794507800892  -0.59208452179669846 -0.85519814622120416 -3.2073143148843886 1.9258189849260816  2.7917934628038434 -0.043917498570487018 -26.535044998275772 4.6009749838159681  0.66133048922993121 -0.49315209979158398 0.19264139302636638 -5.4452163407870104 3.3956342092045819  -2.551811261540911 5.6889651556595258 -12.464128177401518 6.6737406370897139  -2.0561423798055158 -0.94835136758164262 2.8403219329163907  1.6209560287178573 0.63238711683770843 -14.393841392477817 6.5916428957726572  1.25133029564484 -5.537974191230024 1.4351043282425964  3.0535549212562731 0.63973859298848768 81.802443145262089 -49.771602134453133  -0.0052624132443725106 -0.1131454618816406 0.035061422868102453 8.0539850953500718 -4.8063470441615213  0.32410388772914267 0.30193979951670807 -4.8382180251826643 2.1766455972793355  
shrinkage=0.1


Tree=24
num_leaves=31
num_cat=0
split_feature=9 8 8 5 1 9 9 9 1 1 7 1 5 9 9 1 9 6 6 0 1 4 5 5 9 9 3 4 4 1
split_gain=1.6723e+08 1.65124e+08 2.60401e+07 1.96443e+07 1.39777e+07 8.02845e+06 6.73711e+06 6.2753e+06 5.30856e+06 4.66761e+06 8.86834e+06 4.55761e+06 4.00454e+06 3.43153e+06 6.0361e+06 2.68821e+06 2.47604e+06 2.27864e+06 2.25496e+06 3.15044e+06 2.14696e+06 2.37911e+06 2.13953e+06 2.13862e+06 5.56785e+06 3.09006e+06 2.48639e+06 1.99926e+06 1.99305e+06 2.30159e+06
threshold=7.0802787666761651 3.0000000000000004 3.0000000000000004 11.147296264424304 5.0782890901091458 7.3409897451678408 7.4271313124684308 6.6727184231314114 4.8081027000528378 6.7339967759051547 4.7005897016112757 6.0741952825945456 9.2197459988235746 7.4271755523508984 7.4830950094865463 4.4005842009683471 6.6602263132402717 1.0000000180025095e-35 5.212613259158597 0.89587973461402759 7.6115950584920204 3.5040265001487509 1.0000000180025095e-35 4.6959141240107813 7.4192500905007384 7.2311737507397504 3.3490431075814406 1.0000000180025095e-35 2.8477071124928428 6.2643497376646673
decision_type=2 2 2 2 2 2 2 2 2 2 2 2 2 2 2 2 2 2 2 2 2 2 2 2 2 2 2 2 2 2
left_child=2 8 15 4 6 -5 27 20 13 10 -6 -12 17 -2 -15 22 -17 -8 19 -18 21 -4 -1 24 25 26 -10 -3 29 -9
right_child=1 3 7 5 9 -7 12 28 23 -11 11 -13 -14 14 -16 16 18 -19 -20 -21 -22 -23 -24 -25 -26 -27 -28 -29 -30 -31
leaf_value=-18.194663072670984 -2.6577149715437822 -11.205923442892795 -3.4543664954885402 6.4513046525361517 1.1638223446628229 11.808909272599902 -4.4414229162277712 -2.7841354566842593 -13.041668904237833 14.138097100591029 13.687181043768001 7.1621737826751719 6.8545127236471375 7.0784440263078681 -1.1651781565165349 -5.425961624212702 -10.741016529085115 4.0119974264854958 -1.5489077091264067 -0.62731688806990338 8.1362608740172409 -1.6782560744978934 -5.5746533146085318 1.7427838342511692 -10.242402209642638 2.809684259134869 0.85567407106279392 1.9984067505214527 1.2630351826658026 4.1719964628518147
leaf_weight=135 19359 117 11966 3775 1343 10796 341 2824 255 1773 2176 2107 10326 943 15290 5245 700 4913 5070 550 197 20398 27407 7288 579 1711 260 5750 8305 572
leaf_count=135 19359 117 11966 3775 1343 10796 341 2824 255 1773 2176 2107 10326 943 15290 5245 700 4913 5070 550 197 20398 27407 7288 579 1711 260 5750 8305 572
internal_value=0 3.01212 -3.21904 7.42802 5.91624 10.4209 4.6233 -1.55781 -1.18455 9.66399 8.254 10.4772 5.71092 -1.75858 -0.686293 -5.09926 -3.81979 3.46335 -2.48682 -6.29099 -2.27159 -2.33494 -5.63651 0.839718 -1.50664 0.765597 -6.02553 1.73509 0.428467 -1.61249
internal_weight=172471 89102 83369 43417 28846 14571 21447 44262 45685 7399 5626 4283 15580 35592 16233 39107 11565 5254 6320 1250 32561 32364 27542 10093 2805 2226 515 5867 11701 3396
internal_count=172471 89102 83369 43417 28846 14571 21447 44262 45685 7399 5626 4283 15580 35592 16233 39107 11565 5254 6320 1250 32561 32364 27542 10093 2805 2226 515 5867 11701 3396
is_linear=1
leaf_const=0 0 0 0 0 0 0 0 0 0 0 0 0 0 0 0 0 0 0 0 0 0 0 0 0 0 0 0 0 0 0
num_features=3 3 3 4 2 4 3 3 4 3 4 5 5 4 3 3 3 4 5 4 5 2 4 4 4 3 3 4 5 3 4
leaf_features=1 8 9  1 8 9  1 8 9  1 4 8 9  5 9  1 5 8 9  5 8 9  1 8 9  1 4 8 9  1 3 9  1 5 8 9  1 5 7 8 9  1 5 7 8 9  1 5 8 9  1 8 9  1 8 9  1 8 9  1 6 8 9  1 5 6 8 9  1 6 8 9  0 1 6 8 9  1 9  1 4 8 9  1 5 8 9  1 5 8 9  1 8 9  1 8 9  1 3 8 9  1 4 5 8 9  4 8 9  1 4 8 9  
leaf_coeff=3.4037457047649471 33.991008698820956 -14.403565954931402  0.0396520016399756 -20.238798112238875 5.1584954735124491  -1.6943979472659181 -117.07302308916115 64.138109426340094  0.2525412346369123 0.50383768320688205 -4.4533379569872071 2.0744013011864353  0.97291952597033748 -0.69827861791172841  4.2334465039784099 0.06601495009237511 -28.411487846467026 12.021624175593752  1.7015521135079326 -32.025325092347337 16.047644326800945  -1.55419424875995 57.01371818134794 -30.267874568476692  -0.96120547507216547 0.22545048875599605 95.855319063458595 -55.165365971578289  7.3825568993715027 -6.331768929755424 -7.8788155660492976  3.6348407080224208 0.47485517336335764 -37.354012372513537 18.268708822084591  3.0409307986437057 -0.10039556327012633 -0.15637636994224524 -43.626896018401027 23.338304942887046  9.9407367024999402 0.55595029288458597 -0.64394041035291139 -52.291813345294216 20.335129627780407  0.60796276815808603 2.1525800713878427 -43.468577374378221 21.117929342004938  3.0791232233534176 528.17046345826236 -140.69865042658057  0.70109652025296332 374.12307955063881 -99.802389455679815  -1.3105200954064147 -11.199791324013859 4.0560898848562834  7.6170351891288295 1.9732273841260808 9.2825575538721754 -10.840101865354519  0.64107840563387986 -0.24763071800563241 0.6719443879554462 -5.5926880999526478 3.1894571034295951  -1.1080722191410559 -0.46395147884589821 0.32354090574572186 1.0554690214187303  -0.027569380590591663 0.96588144832292289 -0.74784299277017008 -17.396701769947231 3.9998125573258907  1.5792060239015884 -0.74154174898330893  -0.048948888363165022 0.27304034775376496 -4.2447915935213363 2.2381783660933254  0.31243667428877875 0.35304238343906608 -8.5707377558230302 1.2423642411068614  -1.8820581210603522 -0.316969714215936 -8.5270531275047698 4.503128116309199  4.4231003060445806 76.841976800421264 -25.418138953822201  -5.0666095548092933 113.44578495760216 -25.787722282818869  2.3616475055645423 0.67012339244320174 -632.14927175045023 172.11202586740256  0.66522327837037665 -0.45731577648039096 0.4005700039497242 434.98356437683105 -240.72657337188721  0.80016353132166396 2.4859460090636278 -1.7873985512385844  1.3677404087708056 0.79788067851677624 -26.078161447495223 14.115041142283008  
shrinkage=0.1


Tree=25
num_leaves=31
num_cat=0
split_feature=9 8 8 4 9 1 4 1 9 4 9 9 5 1 9 1 1 9 9 9 4 1 1 5 4 1 4 1 1 9
split_gain=1.35456e+08 1.33751e+08 2.10925e+07 1.60104e+07 9.95973e+06 7.45487e+06 6.80361e+06 5.44836e+06 5.083e+06 4.7443e+06 2.79293e+06 5.82588e+06 4.51927e+06 2.61741e+06 2.53434e+06 2.50149e+06 2.48093e+06 3.09589e+06 2.68501e+06 2.29798e+06 2.29589e+06 2.2845e+06 2.20124e+06 1.92618e+06 2.81172e+06 2.05383e+06 3.14739e+06 4.94033e+06 2.16834e+06 3.21792e+06
threshold=7.0802787666761651 3.0000000000000004 3.0000000000000004 4.5244986107837111 7.3409897451678408 6.7339967759051547 2.2242581879713579 3.4175922930736511 6.6727184231314114 3.2287771385162909 7.2311737507397504 7.4182839836280507 1.0000000180025095e-35 5.8874909948915191 7.4127840102220608 2.8029010331479989 6.6392218114965287 7.4271755523508984 7.512612293208039 7.4271313124684308 3.2287771385162909 6.7147769581220773 6.16226106286486 11.502723601669143 5.9545403518763083 6.9664956628600487 1.0000000180025095e-35 5.8763332563158359 3.6505739029280164 6.1003517537352172
decision_type=2 2 2 2 2 2 2 2 2 2 2 2 2 2 2 2 2 2 2 2 2 2 2 2 2 2 2 2 2 2
left_child=2 9 20 5 21 6 -3 14 23 10 -2 13 -13 -12 -8 -14 17 19 -19 -6 -1 -5 -9 25 -25 26 27 -4 -28 -30
right_child=1 3 8 4 16 -7 7 22 -10 -11 11 12 15 -15 -16 -17 -18 18 -20 -21 -22 -23 -24 24 -26 -27 28 -29 29 -31
leaf_value=-5.1327249238583121 -3.2963131998908604 1.9003226691468875 -18.885794476157908 4.7043828206997569 12.22244795117814 11.98448278225017 1.8446238517484277 10.366460470110983 0.38562119075369911 0.44522801870825213 10.128743408599579 -9.3233301400819144 -1.8364080010072663 1.8603294999839279 5.3975155783509452 1.4728470031242684 16.288621228914014 12.725284006590746 9.1906871385344626 7.0130765960947787 -3.5089382866828616 14.372961201891304 5.1487592789064278 1.4914675753320283 -3.9376077598762231 3.0021748683225891 -2.8457855906491396 -1.1675373017433144 -3.9171799969086813 0.76891502228906428
leaf_weight=26020 8540 7175 296 5384 1040 1385 2707 2781 11701 14279 502 747 17374 1613 7772 2630 617 4409 4193 4558 13087 256 1140 3184 1362 698 20025 336 2177 4483
leaf_count=26020 8540 7175 296 5384 1040 1385 2707 2781 11701 14279 502 747 17374 1613 7772 2630 617 4409 4193 4558 13087 256 1140 3184 1362 698 20025 336 2177 4483
internal_value=0 2.71091 -2.89714 6.68522 8.71962 4.8726 4.41606 5.66956 -1.40203 -1.06609 -1.75323 -1.17692 -1.68651 3.82286 4.47971 -1.40133 10.0809 9.81122 11.0024 7.98088 -4.58933 5.14324 8.84945 -2.04443 -0.135105 -2.35426 -2.49112 -9.46596 -2.32593 -0.762861
internal_weight=172471 89102 83369 43417 20457 22960 21575 14400 44262 45685 31406 22866 20751 2115 10479 20004 14817 14200 8602 5598 39107 5640 3921 32561 4546 28015 27317 632 26685 6660
internal_count=172471 89102 83369 43417 20457 22960 21575 14400 44262 45685 31406 22866 20751 2115 10479 20004 14817 14200 8602 5598 39107 5640 3921 32561 4546 28015 27317 632 26685 6660
is_linear=1
leaf_const=0 0 0 0 0 0 0 0 0 0 0 0 0 0 0 0 0 0 0 0 0 0 0 0 0 0 0 0 0 0 0
num_features=3 3 4 3 4 3 4 3 4 2 3 4 2 5 3 4 5 4 3 3 4 3 3 4 4 4 4 5 3 4 5
leaf_features=4 8 9  4 8 9  1 4 8 9  1 8 9  1 4 8 9  4 8 9  1 4 8 9  1 4 9  1 4 8 9  8 9  4 8 9  1 4 8 9  8 9  1 4 5 8 9  1 8 9  1 4 8 9  1 4 5 8 9  1 4 8 9  4 8 9  1 4 9  1 4 8 9  4 8 9  1 4 9  1 4 8 9  4 5 8 9  4 5 8 9  1 5 8 9  1 4 5 8 9  1 8 9  1 4 5 9  1 4 5 8 9  
leaf_coeff=0.59796700929085633 -5.1497373315789448 0.57808361661350316  1.3127882029257307 3464.9229595184329 -959.28198881149297  -0.57797478298265959 -0.67738373280073327 -15.355744448171027 8.7414350408858805  4.8973836928853416 260.78717550784353 -163.12494672313335  -0.056927185642962286 0.76376308932522086 -82.05697937011719 45.496279907226565  -7.4230566787300631 42.705792171135549 -15.29992039948702  3.6268738911196126 0.68820067673782437 -52.619879007886631 26.435085037644605  -0.43419170012110508 0.60159960947863456 -0.044057287648178095  2.4033871480333775 0.46427534194906461 -34.134161839621086 17.931652440415927  22.803061882805196 -13.017478730554286  1.5528768204250569 -22.287476585335753 5.3077313881215105  0.23004544205650745 -1.1510957153957861 39.002163099311296 -8.8328801496420066  234.18232910910157 -63.99192175966455  0.2299305345991968 -0.94180044639031602 0.69363111892663154 -30.003515989636071 7.2521895794081503  -2.8492659279943839 96.266105987504133 -23.344139851612272  -0.89494737927050216 0.82090042106933658 -22.651827398501339 12.466006742522588  0.33939240964418649 -0.011779327807580842 -0.44651128906680954 17.705548588451347 -4.2615757066683733  4.0167504829714744 2.2080771703868325 150.71052191760393 -83.901007824530836  -7.0443636708223494 188.90756630320104 -94.059750592522335  0.27236488976394924 -2.8008550759155697 3.0176443844338792  0.29633855958960009 -0.80052988485224441 2.5750000000000002 0.025000000000000001  0.1800507589089847 -13.527207213693146 3.4836654460677212  8.2885315168434328 1.1444533634892651 -6.9319162069416054  12.508358325207054 -0.94890207021705919 -58.30070870882701 21.758448452290761  -0.82582408331502255 7.1605624428747889 -24.113143302695359 2.7448248068223848  -24.230623131695484 9.652766668165885 2.006959185465985 3.0797328912683497  0.89843524841015354 -0.23109695420023685 -19.862816736277182 11.905133524065423  -0.18808566988194964 0.20904205064779122 -0.021748947987558154 -0.25257757660365315 -0.354604848496615  19.026480985102719 445.60931493956599 -285.97300309026616  -1.9081801235472768 -2.0160067352006084 0.82814695364031654 1.1872403958239375  -0.77499872269191283 -1.7821313739844045 -2.0975480907133615 -4.8777383535449195 8.309687927134247  
shrinkage=0.1


Tree=26
num_leaves=31
num_cat=0
split_feature=9 8 8 5 1 9 9 9 4 7 1 5 9 9 6 1 1 1 4 9 5 9 4 1 9 5 1 6 5 7
split_gain=1.0977e+08 1.08412e+08 1.70849e+07 1.34063e+07 9.73914e+06 5.22475e+06 4.42359e+06 4.11749e+06 3.84288e+06 3.13749e+06 5.18723e+06 2.73408e+06 2.26226e+06 4.7407e+06 3.62686e+06 2.19074e+06 2.11856e+06 2.05124e+06 2.02964e+06 1.94835e+06 1.88402e+06 1.86553e+06 1.86388e+06 1.76287e+06 1.75952e+06 1.70354e+06 2.78185e+06 2.22262e+06 1.69722e+06 2.14509e+06
threshold=7.0802787666761651 3.0000000000000004 3.0000000000000004 11.147296264424304 4.9593358439305844 7.3409897451678408 7.4271313124684308 6.8638294867768863 3.2287771385162909 5.1618305990269642 6.4559841094561436 1.0000000180025095e-35 7.2311737507397504 7.4203660647972081 1.0000000180025095e-35 5.8874909948915191 4.4484992763719129 2.6735537653587351 6.2349006816615464 7.4936097581645003 1.0000000180025095e-35 6.6602263132402717 6.2407629372696922 3.2384861814448418 7.3248392103962754 11.213184306378713 5.2012518591713119 1.0000000180025095e-35 10.549281036369061 5.6216512181170781
decision_type=2 2 2 2 2 2 2 2 2 2 2 2 2 2 2 2 2 2 2 2 2 2 2 2 2 2 2 2 2 2
left_child=2 8 16 4 6 18 -3 -4 12 10 -6 -8 -2 15 -15 -14 20 -16 -5 -12 -1 -18 -7 28 -11 26 27 -9 -13 -30
right_child=1 3 7 5 9 22 11 25 -10 24 19 23 13 14 17 -17 21 -19 -20 -21 -22 -23 -24 -25 -26 -27 -28 -29 29 -31
leaf_value=-16.053089394365514 -2.9666778580087132 1.3251020776872358 -1.8379899823516888 6.0020749610000577 -0.54775040967936484 9.9372174310637327 -4.6024806773214131 -10.194380297786873 0.40070557380909766 6.2480382885849268 9.9522824203947522 3.6741999288205855 8.9908531163704701 -8.4573813372915918 -1.6733118981527111 1.5851358886154918 -4.3874311095066805 1.2845370034747983 -2.2528325683500139 -4.1596972074148786 -4.5450446916165061 -1.8258807617986108 4.3151894115411435 8.1665687354309995 10.376849232168279 2.2927877224234212 2.70198176520802 -1.0622359215122226 7.8154187492405143 3.142798062397226
leaf_weight=143 8540 5821 32621 3449 1019 10170 319 279 14279 1425 1270 9555 529 728 17265 1631 5204 2713 326 106 27493 6267 626 1375 3744 3259 2148 5955 2651 1561
leaf_count=143 8540 5821 32621 3449 1019 10170 319 279 14279 1425 1270 9555 529 728 17265 1631 5204 2713 326 106 27493 6267 626 1375 3744 3259 2148 5955 2651 1561
internal_value=0 2.44098 -2.60742 6.01907 4.77018 8.49149 3.67474 -1.26182 -0.959483 7.85229 4.86026 4.55937 -1.5779 -1.05922 -1.52428 3.39885 -4.1304 -1.27164 5.2892 8.86517 -4.60459 -2.98797 9.61123 4.75238 9.23861 0.352736 -0.401574 -1.47094 4.41139 6.08371
internal_weight=172471 89102 83369 43417 28846 14571 21282 44262 45685 7564 2395 15461 31406 22866 20706 2160 39107 19978 3775 1376 27636 11471 10796 15142 5169 11641 8382 6234 13767 4212
internal_count=172471 89102 83369 43417 28846 14571 21282 44262 45685 7564 2395 15461 31406 22866 20706 2160 39107 19978 3775 1376 27636 11471 10796 15142 5169 11641 8382 6234 13767 4212
is_linear=1
leaf_const=0 0 0 0 0 0 0 0 0 0 0 0 0 0 0 0 0 0 0 0 0 0 0 0 0 0 0 0 0 0 0
num_features=3 3 4 2 3 5 4 3 3 3 4 5 4 4 2 5 3 3 5 3 5 4 3 4 4 5 3 4 5 5 5
leaf_features=1 8 9  4 8 9  1 5 8 9  8 9  4 5 9  1 5 7 8 9  4 5 8 9  1 8 9  1 8 9  4 8 9  1 5 7 9  1 5 7 8 9  1 5 8 9  1 4 8 9  8 9  1 4 6 8 9  1 8 9  1 8 9  1 4 6 8 9  4 5 9  1 5 7 8 9  1 5 8 9  1 8 9  4 5 8 9  1 5 8 9  1 5 7 8 9  5 8 9  1 5 8 9  1 5 6 8 9  1 5 7 8 9  1 5 7 8 9  
leaf_coeff=2.2637133062510033 31.531624979584013 -12.790656536303869  1.181509368238767 3118.4254726409913 -863.35235414505007  0.080836265577568164 0.49691736403644882 -35.154970493167639 18.989045510999858  -3.2904309196112083 1.7912938261202727  -0.49965502255590766 5.791102070827856 -8.2076654235565005  -0.49103748049964158 -9.0511700300572695 17.034286468065361 -24.341296664994573 13.450198522107939  0.96796674500474189 2.4408087070542934 -37.696788968076 16.969664441072382  -2.1283137830166878 36.48708879246842 -19.041756052913843  -3.4716391027748617 78.71951610371471 -44.534236836154015  1.3975891436081633 -20.058728875676209 4.7769582332826763  0.6714151411227931 0.17020327059620968 0.56596628861188947 -0.39545800935629816  3.3067590327123981 8.1685525424024039 -13.083524985308395 -81.665146627096703 42.472980609061779  -0.65591281219205944 0.32413975279485785 -8.2500302196480337 4.5457953032833762  -0.17580248714330082 -1.6915174208112149 58.044717569556092 -13.895069692004473  210.92194972129073 -57.634829500288475  0.11405311488135794 -0.11456355639803917 0.79637895367126399 -29.882238008792047 7.0918492123397305  -2.4793078016895382 100.35217038058327 -24.865566435479561  -1.1968143830868756 -9.2066584043270279 3.4658913279202355  0.33667938474245457 -0.41741634871450178 -0.19397478445050212 13.708479704300409 -3.4219761899970766  22.665339043190762 2.5093378856489839 -24.803970795763782  -182.21432611239143 -47.931660342746184 93.205621591035751 4992.4697997406129 -2502.8382342845202  0.27733811217796928 0.27108292208390028 -6.8700756503671983 0.99736562115035676  0.42333799357326218 0.0047376848231579062 -0.64750565194872256  7.4337278394403263 7.8424579347714829 -64.074760007101574 15.268767087330344  0.61167475567262963 1.5974708711174799 -49.535676089453048 25.15814750706777  -0.25455458239850942 0.50959862615382012 -1.9374928059256717 -5.8933125811861835 5.5365768409392331  0.51581733018512776 5.1757314570597375 -3.518446811451577  2.439243682155575 0.54747226360054813 95.164560486003765 -56.846421527350323  -0.089683766208850102 -0.0056243511055413366 0.37025792895092313 15.083044694480487 -9.110314357071184  -1.8201085948038327 5.6639884464409533 -4.831616960786687 -14.053311200183817 3.9359122465073599  0.29854182492850895 0.21231771461939389 9.3527272200863081 -48.114476527279479 18.662559983134269  
shrinkage=0.1


Tree=27
num_leaves=31
num_cat=0
split_feature=9 8 8 5 1 9 9 5 1 1 9 1 1 7 1 9 9 7 1 1 4 0 5 0 4 0 4 4 1 5
split_gain=8.89138e+07 8.78137e+07 1.38388e+07 1.08591e+07 7.8891e+06 4.30665e+06 3.64713e+06 3.47045e+06 4.20103e+06 3.34945e+06 3.19996e+06 2.73244e+06 2.66107e+06 4.6026e+06 3.11048e+06 2.36948e+06 4.94095e+06 2.3403e+06 7.99889e+06 2.93644e+06 2.26775e+06 2.41414e+06 2.16446e+06 1.90547e+06 1.84884e+06 1.97528e+06 2.69089e+06 1.77497e+06 1.71781e+06 1.60567e+06
threshold=7.0802787666761651 3.0000000000000004 3.0000000000000004 11.147296264424304 5.0782890901091458 7.4271755523508984 7.4271313124684308 11.003740161774564 4.2696729980286863 4.8081027000528378 6.1003517537352172 6.5050361168324384 6.7736521310065756 4.7005897016112757 6.0741952825945456 7.4271755523508984 7.4812000041033695 4.7005897016112757 6.1014387733168176 5.9851941429858151 6.1075793708269659 1.0000000180025095e-35 9.2197459988235746 0.89587973461402759 6.2407629372696922 1.0000000180025095e-35 5.5103994593183616 1.0000000180025095e-35 4.2268071048866842 11.66942053587268
decision_type=2 2 2 2 2 2 2 2 2 2 2 2 2 2 2 2 2 2 2 2 2 2 2 2 2 2 2 2 2 2
left_child=2 9 28 4 6 11 -3 8 27 15 -10 24 13 -6 -15 -2 -17 18 23 -19 21 29 -8 -12 25 26 -5 -4 -1 -9
right_child=1 3 7 5 12 -7 22 20 10 -11 17 -13 -14 14 -16 16 -18 19 -20 -21 -22 -23 -24 -25 -26 -27 -28 -29 -30 -31
leaf_value=-4.1545164242394632 -2.066652274422299 1.1967683151238286 -12.036169635481698 4.7983289651620273 1.0027909842951168 9.4605452288788197 2.469658242657832 0.26047218130754646 -3.4077809297809916 0.74439057570222478 -10.713274996515826 14.961541092290972 10.611808440848058 10.342188391281782 5.0014437003895367 6.7683838028886614 -0.85140344789934452 4.8675664761854485 3.4153532854270225 0.12140092045201788 -4.0417278626385862 -2.6622286294934803 4.9628008036108504 12.839572132958308 0.40753085777809306 0.88763337860298464 9.0337495674304105 -2.2808145164192903 -2.7125521865225672 3.0055994233220336
leaf_weight=27251 19359 5867 188 3407 1360 6878 5254 4707 1977 10093 749 327 1677 2176 2186 901 15332 2342 1170 2940 1054 1660 10326 36 623 656 2680 23546 11856 3893
leaf_count=27251 19359 5867 188 3407 1360 6878 5254 4707 1977 10093 749 327 1677 2176 2186 901 15332 2342 1170 2940 1054 1660 10326 36 623 656 2680 23546 11856 3893
internal_value=0 2.19688 -2.34668 5.41716 4.29316 7.64234 3.32181 -1.13564 -1.65453 -0.863535 0.157751 6.01676 7.10874 6.08206 7.66569 -1.3195 -0.428473 1.13178 -1.82407 2.22582 0.375425 0.829195 4.12205 -9.63314 5.61968 6.10124 6.66311 -2.35809 -3.71736 1.50312
internal_weight=172471 89102 83369 43417 28846 14571 21447 44262 32948 45685 9214 7693 7399 5722 4362 35592 16233 7237 1955 5282 11314 10260 15580 785 7366 6743 6087 23734 39107 8600
internal_count=172471 89102 83369 43417 28846 14571 21447 44262 32948 45685 9214 7693 7399 5722 4362 35592 16233 7237 1955 5282 11314 10260 15580 785 7366 6743 6087 23734 39107 8600
is_linear=1
leaf_const=0 0 0 0 0 0 0 0 0 0 0 0 0 0 0 0 0 0 0 0 0 0 0 0 0 0 0 0 0 0 0
num_features=3 3 4 3 4 4 3 4 4 3 3 3 4 4 5 5 3 3 5 3 5 4 5 4 4 5 6 4 5 3 4
leaf_features=1 8 9  1 8 9  1 5 8 9  1 8 9  4 5 8 9  1 5 8 9  5 8 9  1 5 8 9  4 5 8 9  1 5 9  1 8 9  1 8 9  1 5 8 9  1 5 8 9  1 5 7 8 9  1 5 7 8 9  1 8 9  1 8 9  1 5 7 8 9  1 8 9  1 5 7 8 9  4 5 8 9  0 4 5 8 9  1 5 8 9  0 1 8 9  1 4 5 8 9  0 1 4 5 8 9  4 5 8 9  1 4 5 8 9  1 8 9  4 5 8 9  
leaf_coeff=0.16046134818897428 -5.3512413978978657 0.97427856355948284  -0.022029463698642584 -12.749565370808705 3.1995119756329586  0.091232613858096556 0.48404654527369079 -34.197324026003479 18.457508551981302  -1.3860392772411219 -85.412991550387233 48.620927664349438  -3.6053682093200368 3.6385312469891291 -15.273071466940747 5.7053013784447106  3.4686876970585914 -0.006484596834128809 -22.015799014663756 9.1706692907570879  -1.5418682451127097 104.49358274331317 -52.145612517627889  -0.29937355174347857 0.54340828329012969 4.0175787064654287 -2.3105544674835983  1.3622782916832792 1.0666759155968071 -5.5856270446783816 0.6053276290274795  -1.9236965977291618 -0.76131955976563859 2.6499080406909572  -0.052450582767477272 -3.4476248310173108 1.0813069250075387  6.8901168558415753 -46.6442721344647 20.20880919344345  6.800215021776876 -3.6366771641800373 -53.113117436855106 30.376849220762963  2.3337125055381875 0.39436288705792322 -23.538517002610025 11.64479197752371  2.5925240933890565 0.022532256102613248 -0.13230110446816071 -32.704997976713642 17.14580597234599  9.033021622294779 0.38355068621115151 -0.86265644002688768 -40.017504726025805 14.584671946631715  3.1637675706388109 473.95642231330277 -126.22048189849593  0.59317517553233756 366.29150349125268 -97.671190598886469  2.1671944877872988 -4.3537348899319781 1.4272261796792067 -1.1320775852850602 5.1396710659595559  2.4862489733911559 -0.56094864727147076 -1.7969389834774121  3.4256296543665208 -2.3896217886234821 0.20353565040331054 -12.652466907574457 7.7798164699672228  5.1270097647832706 -0.25787073060906496 -13.278237842749219 3.0352345922578028  2.461623167259658 2.18882249633034 -5.5649417781307653 2.2181027845605743 5.7175667440625375  0.44658989672061583 1.5492860316732846 -32.27471104100696 15.73137507402862  4.1865558175425575 -4.5574753479012031 -39.477488491579429 27.868746932386422  0.39618529231893262 18.010146357759801 7.0288318722632059 -91.231894590846252 21.871874220034989  0.15090803310658032 1.7901465287476723 -0.25210880614041287 -4.0524286415233348 -32.894538305365131 23.503275100729937  -5.7295462438178681 6.3897564237528401 -28.906713621162638 11.10626563068945  -0.063367677413481704 0.099111012394896753 -0.11636104861449095 -1.6709083972349619 0.80479934447580492  -0.11053524793463475 -10.284317650579716 2.8464561819985423  -0.65326635566897484 4.5043897807539741 -17.808217785793364 3.6020755512209011  
shrinkage=0.1


Tree=28
num_leaves=31
num_cat=0
split_feature=9 8 8 5 1 9 4 4 5 1 9 9 1 1 7 1 5 4 5 5 1 1 3 6 1 1 0 4 4 4
split_gain=7.20201e+07 7.11291e+07 1.12094e+07 8.82318e+06 6.75626e+06 3.89877e+06 2.9494e+06 2.85607e+06 2.82491e+06 3.44679e+06 2.68367e+06 2.49806e+06 2.37598e+06 2.17334e+06 3.97435e+06 2.32857e+06 1.81688e+06 1.81655e+06 1.8807e+06 1.68744e+06 6.10515e+06 2.58918e+06 1.67088e+06 3.14442e+06 2.39822e+06 2.09422e+06 1.58579e+06 1.68623e+06 2.32911e+06 1.55622e+06
threshold=7.0802787666761651 3.0000000000000004 3.0000000000000004 11.038287111449185 4.9593358439305844 7.4271755523508984 3.2287771385162909 1.0000000180025095e-35 10.971245366017422 4.4484992763719129 6.1003517537352172 7.4106646516368597 6.4746617065281837 6.8303339860793031 4.7005897016112757 6.0649466493956785 1.0000000180025095e-35 5.9545403518763083 11.66942053587268 6.7816248409714861 6.1014387733168176 6.0556116797489983 3.1813030950795151 1.0000000180025095e-35 6.2075829764107793 4.8081027000528378 1.0000000180025095e-35 6.3017023852040754 5.7945356795747589 3.2287771385162909
decision_type=2 2 2 2 2 2 2 2 2 2 2 2 2 2 2 2 2 2 2 2 2 2 2 2 2 2 2 2 2 2
left_child=2 6 29 4 7 12 22 -3 9 16 -11 -9 26 14 -6 -16 -4 18 -10 20 -12 -21 23 24 -2 -25 27 28 -5 -1
right_child=1 3 8 5 13 -7 -8 11 17 10 19 -13 -14 -15 15 -17 -18 -19 -20 21 -22 -23 -24 25 -26 -27 -28 -29 -30 -31
leaf_value=-3.793001054105321 -9.1944940709973846 -5.2656092965582504 -11.090689978872252 4.7877543992957845 0.90502754788308271 8.4488434571805211 0.41443672209562765 1.2032340682808762 -0.16265535322972777 -3.1415034576754604 -8.4886833003758184 3.7188583060272933 13.315447397576515 9.715055782814666 9.2306212814195199 4.6946237783223186 -2.0417879686628932 -2.3484936622586825 2.7575062526376035 4.4802060084372366 3.0738179611147216 -0.05005359277342232 1.1930579489520423 -1.5418022518706536 0.33596176195112781 1.9194644606493911 0.54546673374981125 0.11115537448944475 9.1943085688075623 -2.4561307448740357
leaf_weight=26020 898 424 224 5072 1429 7360 14279 5439 6028 1911 749 14394 353 1542 2255 2272 23533 2093 3478 2344 1170 2732 2442 25817 374 1875 747 559 1571 13087
leaf_count=26020 898 424 224 5072 1429 7360 14279 5439 6028 1911 749 14394 353 1542 2255 2272 23533 2093 3478 2344 1170 2732 2442 25817 374 1875 747 559 1571 13087
internal_value=0 1.97719 -2.11201 4.87545 3.80458 6.77316 -0.777181 2.85536 -1.02208 -1.49815 0.17963 3.02897 5.28761 6.36905 5.50277 6.95411 -2.12711 0.318538 0.905756 1.08695 -1.43911 2.04193 -1.31896 -1.53075 -6.3923 -1.30744 4.9311 5.38599 5.82986 -3.34562
internal_weight=172471 89102 83369 43417 27755 15662 45685 20257 44262 32663 8906 19833 8302 7498 5956 4527 23757 11599 9506 6995 1919 5076 31406 28964 1272 27692 7949 7202 6643 39107
internal_count=172471 89102 83369 43417 27755 15662 45685 20257 44262 32663 8906 19833 8302 7498 5956 4527 23757 11599 9506 6995 1919 5076 31406 28964 1272 27692 7949 7202 6643 39107
is_linear=1
leaf_const=0 0 0 0 0 0 0 0 0 0 0 0 0 0 0 0 0 0 0 0 0 0 0 0 0 0 0 0 0 0 0
num_features=3 4 3 3 4 4 3 3 5 4 3 3 5 4 4 5 5 4 4 4 4 3 4 4 6 4 6 5 4 4 3
leaf_features=4 8 9  1 3 8 9  1 8 9  1 8 9  4 5 8 9  1 5 8 9  5 8 9  4 8 9  1 4 5 8 9  4 5 8 9  1 5 9  1 8 9  1 4 5 8 9  1 5 8 9  1 5 8 9  1 5 7 8 9  1 5 7 8 9  1 5 8 9  4 5 8 9  4 5 8 9  1 5 8 9  1 8 9  1 5 8 9  3 4 8 9  1 3 4 6 8 9  1 3 8 9  1 3 4 6 8 9  0 1 5 8 9  4 5 8 9  4 5 8 9  4 8 9  
leaf_coeff=0.52891529656705816 -3.3784934690943373 0.26805535661612795  2.8758365355112119 5.0127332159974234 -37.804664186324224 6.8968350924304112  -1.6227543354945511 -33.187312736834429 18.015903932972652  -1.3456400821415515 -71.665111299318966 40.776412548736701  -1.3544099336444733 2.8548730611126816 -17.755581412390168 6.7737606124777816  3.1142286398828505 -0.009411569707457091 -19.745102259094711 8.2272748339745707  -1.2114067168506155 93.139884613407787 -46.731459720642306  1.1233389133110863 -16.172190077555936 3.8654454866359176  0.58645669444401749 -0.46912357183975417 0.20088132158454802 0.10000000000000001 0.015625  -0.25128135732406748 1.8107886862237963 -6.8840984886139527 1.2434492569196942  -1.8128731215718348 -0.63692319101518258 2.389441830848682  6.8998834260535773 -41.193787991039429 17.288239217547744  0.35084109467697999 0.040489991507399736 0.38823978864396624 -13.556177382858005 7.2160967062576677  6.4009333528102621 -2.8723125400551908 -51.614584740067954 28.509922311834817  1.7132873784979894 0.33823908645986767 -24.450013861610206 12.685052562633064  3.0734076223569957 0.27590475665650732 -0.22886815773590571 -31.242867983356703 15.58438811728338  7.8283875749435543 0.44556003704522029 -1.1661464802634327 -35.666110708409541 13.372657596185309  0.052435021623887051 -0.055123715108686792 -1.5680070568801057 0.72865552168135539  -7.0495143478449398 4.6435867897030425 -9.4720095346844122 3.3981354474774097  0.13352460968525293 4.8437622702206511 -19.461880143524947 3.32163893001532  0.82495134850027085 -4.3346433732609659 2.3169207299469234 5.2476592738752519  2.2376240873800066 -0.50485375820389888 -1.6172451107193411  4.2836676929689599 -1.8713092186411562 -14.280867675280371 7.241840138083254  -0.86670247942583956 -0.38370781475844074 -8.2476894117877233 3.0764007364017747  0.30717277937897836 -0.44237988794462102 0.18299365871274986 0.70952972482706833 -23.155248435761678 5.3355340857833653  3.0087962969360924 -0.95393625595422271 -112.38344313137333 27.919568627622724  -2.3387059614310419 0.34593297690805686 -0.3295044495994976 0.66286207972494826 16.297083252098673 -2.6851430423315836  -0.79959441444125767 1.7249164851936656 -3.5775559914456099 -24.660461945554928 18.16698822679  25.374090392490054 7.9572706266970066 -85.70098184899922 10.614517918721322  -23.921319432075872 7.2039663462316641 -7.3508722731377931 12.973888183690725  -0.0073828265729076747 -10.34249015709279 2.7812970270412052  
shrinkage=0.1


Tree=29
num_leaves=31
num_cat=0
split_feature=9 8 8 5 9 1 9 4 5 1 1 1 7 1 9 9 1 4 3 4 1 1 9 9 1 9 6 0 4 1
split_gain=5.83347e+07 5.76121e+07 9.07963e+06 7.29384e+06 4.69727e+06 3.8796e+06 2.40741e+06 2.38901e+06 2.30421e+06 1.80553e+06 1.70937e+06 1.40983e+06 2.17653e+06 2.27772e+06 1.36379e+06 1.61341e+06 1.3635e+06 1.51026e+06 1.35341e+06 2.547e+06 1.94257e+06 1.69632e+06 1.28137e+06 1.20682e+06 1.16274e+06 1.1573e+06 1.30995e+06 2.43412e+06 1.1434e+06 2.12835e+06
threshold=7.0802787666761651 3.0000000000000004 3.0000000000000004 10.622375576291406 7.3409897451678408 5.3399361658330653 6.8638294867768863 3.2287771385162909 1.0000000180025095e-35 3.0677824455408698 6.6392218114965287 6.8421493793580082 4.7005897016112757 6.1014387733168176 7.4271755523508984 7.512612293208039 4.4484992763719129 1.0000000180025095e-35 3.1813030950795151 1.0000000180025095e-35 6.2075829764107793 4.8081027000528378 6.9637791535153646 7.4271313124684308 6.5532206455302013 6.6602263132402717 5.212613259158597 0.89587973461402759 4.5135992393991637 3.7256208424938388
decision_type=2 2 2 2 2 2 2 2 2 2 2 2 2 2 2 2 2 2 2 2 2 2 2 2 2 2 2 2 2 2
left_child=2 7 16 5 24 8 28 18 -3 -10 14 12 -7 -14 23 -16 17 -1 19 20 -2 -21 -19 -6 -5 -18 27 -27 29 -4
right_child=1 3 6 4 10 11 -8 -9 9 -11 -12 -13 13 -15 15 -17 25 22 -20 21 -22 -23 -24 -25 -26 26 -28 -29 -30 -31
leaf_value=-13.641654195882694 -8.2750733698460266 -4.1003486376214511 -2.3587038220635583 2.9328612505185827 8.2919483417272577 1.1020037065641364 0.31469300496763575 0.37299336609665745 2.1225555610853997 5.3547147086597029 12.342951114559174 8.2214067613435251 8.8599607383418419 3.3655590836202638 8.5403257879803345 5.914269416775392 -3.1968105234351354 -3.8630103819568955 1.0737521510762407 -1.3876218272801208 0.3023655976880999 1.7275180167385937 -2.4501487777502291 4.5354902368093066 9.1885425350966923 -8.0340632653940531 -0.46048238395577051 0.8783844830271873 -0.57164507280558241 0.036691167300084482
leaf_weight=143 898 542 16041 5527 1040 1324 11641 14279 13643 1979 500 1314 1431 1596 4411 4982 5204 17280 2442 25817 374 1875 10213 4814 314 692 5025 550 11755 4825
leaf_count=143 898 542 16041 5527 1040 1324 11641 14279 13643 1979 500 1314 1431 1596 4411 4982 5204 17280 2442 25817 374 1875 10213 4814 314 692 5025 550 11755 4825
internal_value=0 1.77942 -1.90081 4.3878 5.69114 3.09884 -0.91987 -0.699464 2.30962 2.53201 6.58952 5.35075 4.48382 5.96301 6.40085 7.14748 -3.01106 -3.39148 -1.18707 -1.37768 -5.75309 -1.1767 -3.33817 5.20285 3.26915 -2.09455 -1.17925 -4.08733 -1.36043 -1.8048
internal_weight=172471 89102 83369 43417 21588 21829 44262 45685 16164 15622 15747 5665 4351 3027 15247 9393 39107 27636 31406 28964 1272 27692 27493 5854 5841 11471 6267 1242 32621 20866
internal_count=172471 89102 83369 43417 21588 21829 44262 45685 16164 15622 15747 5665 4351 3027 15247 9393 39107 27636 31406 28964 1272 27692 27493 5854 5841 11471 6267 1242 32621 20866
is_linear=1
leaf_const=0 0 0 0 0 0 0 0 0 0 0 0 0 0 0 0 0 0 0 0 0 0 0 0 0 0 0 0 0 0 0
num_features=3 4 3 4 4 3 4 2 3 4 4 4 4 5 5 3 3 3 4 4 5 4 5 4 3 3 4 4 5 3 4
leaf_features=1 8 9  1 3 8 9  1 8 9  1 4 8 9  1 5 8 9  5 8 9  1 5 8 9  8 9  4 8 9  1 5 8 9  1 5 8 9  1 5 8 9  1 5 8 9  1 5 7 8 9  1 5 7 8 9  5 8 9  1 5 9  1 8 9  1 4 8 9  3 4 8 9  1 3 4 8 9  1 3 8 9  1 3 4 8 9  1 4 8 9  1 5 9  1 5 9  1 6 8 9  1 6 8 9  0 1 6 8 9  4 8 9  1 4 8 9  
leaf_coeff=1.9674377594074202 29.484228864144825 -11.680609342395474  2.5882528554125432 4.5114599019146793 -34.024197579832979 6.2071515525138246  -0.064333997184945702 -30.613156670000173 15.99683835977121  -0.0042409895602006035 -0.15866467415693572 -0.44992830200130812 -0.018757262965323207  -0.21616576610513222 1.4330492658693403 26.256898498535158 -16.373350906372071  -3.7367635867150968 49.782735735923055 -19.56048614960164  3.0084942232409926 -0.018240578400349251 -17.278185081751143 6.9701632288148181  21.225495041477554 -12.121950743807247  1.0110050238418069 -14.554971012289116 3.4789009215690387  -0.76673980438196654 0.087251557769060642 -12.922341114171287 7.1792280999161449  0.079830298204070269 0.95870850294398913 -19.535445635952058 9.9435895502145293  3.4703001925910941 -0.39420463702172132 138.6221940089483 -75.324044303211849  1.6133926237525884 0.18919138365601498 -29.258913551465959 15.302243677592196  1.7723396700123886 -1.2666331727393185 1.8540183024639647 -18.887601672178427 10.281547300205421  7.6666783681745931 -1.039960741403229 0.65552515504514308 -30.750483260838521 11.259886458754773  -2.5600783870431769 55.671647590352222 -24.567955278768206  0.14427444260991962 0.93333845482402467 -0.61937107539361025  -1.0672065264639883 -6.5613924503966707 2.6688291164993645  0.035316431576688956 0.49913689955232032 5.1980706958629526 -2.430513707047794  -0.780032237813856 -0.3453370351514764 -7.4229200870708159 2.768760562144962  0.13189487886465442 -0.37117566123115608 0.25639430166339067 -19.121978491250047 4.8840136681486008  2.7079170652147257 -0.85854263041217538 -101.14510172651408 25.127612205296419  -2.1389534262578125 0.29016552830205172 -0.22799362580532831 16.157312582740271 -2.3402895645844182  0.093874540140768667 0.8517021087827743 721.44934844970703 -207.23411746025087  0.1860726431362224 -0.1134461089745173 0.75620710594484997  6.985857362396473 0.6765327034762777 -6.4692184908622954  6.7024876556046395 1.716699986906032 10.609996468429745 -10.061497374971442  -1.1259231807055425 -0.58295359732274477 4.0751336954033377 0.23679220802027887  -0.026177263246174223 0.83947915441348187 -0.75873656578819537 -13.784366549763945 3.2965587141722157  -0.57090079465232579 -1.6230045557982296 1.398227578437087  0.70211662691794685 1.3767871257482227 -12.601289593474995 6.6380124918423578  
shrinkage=0.1


Tree=30
num_leaves=31
num_cat=0
split_feature=9 8 8 5 9 1 5 1 1 6 9 5 4 0 7 1 1 0 1 1 5 1 7 1 4 1 1 4 9 9
split_gain=4.72511e+07 4.66658e+07 7.3545e+06 5.91126e+06 3.8192e+06 3.08057e+06 2.13347e+06 2.45554e+06 1.99387e+06 1.85967e+06 1.80811e+06 1.57923e+06 1.51592e+06 1.82837e+06 1.50526e+06 5.31012e+06 1.89435e+06 1.49443e+06 1.46729e+06 1.4203e+06 1.24127e+06 1.15587e+06 1.76086e+06 1.77423e+06 1.13336e+06 2.748e+06 1.1196e+06 1.80419e+06 1.14299e+06 1.11789e+06
threshold=7.0802787666761651 3.0000000000000004 3.0000000000000004 10.604832291097054 7.3062221431094647 5.3399361658330653 10.944431002758746 4.135134555718313 3.3497501700808394 1.0000000180025095e-35 6.1003517537352172 9.7213809725205369 6.1075793708269659 1.0000000180025095e-35 4.9412514039169277 6.0342838271617802 6.0556116797489983 0.89587973461402759 3.0677824455408698 6.6194060950237885 1.0000000180025095e-35 6.9042490137732191 4.7005897016112757 6.1213951142326692 1.0000000180025095e-35 6.2075829764107793 4.8481086751891054 1.0000000180025095e-35 6.6602263132402717 7.4271755523508984
decision_type=2 2 2 2 2 2 2 2 2 2 2 2 2 2 2 2 2 2 2 2 2 2 2 2 2 2 2 2 2 2
left_child=2 8 26 5 -5 9 7 -4 11 -3 -9 20 13 -8 15 17 -16 -12 -11 29 -2 22 -7 -24 25 -10 27 -1 -28 -6
right_child=1 3 6 4 19 21 12 10 24 18 14 -13 -14 -15 16 -17 -18 -19 -20 -21 -22 -23 23 -25 -26 -27 28 -29 -30 -31
leaf_value=-12.650405532331927 -15.624115458306893 -3.6903119993537006 -1.8032235780193329 2.9392098148402019 4.6641163765409308 1.0507454645028236 1.2491086461019776 -2.5419233620224784 -5.5417926930566583 1.8991986812697732 -8.9380128795847948 -0.44391472270015264 -3.3017072673993049 -2.2515941238682249 3.6177790571902073 2.6030381772961273 -0.14169490228888024 13.1371901512146 4.8391902205821067 11.064527950829982 -1.7730478363484199 7.5254698173132999 7.9425637420892974 3.0891945426154841 0.99995516494563008 0.90595544439501785 -2.9775359664765677 -2.9735883796065106 -0.90750061795771253 6.4144500681032275
leaf_weight=194 65 542 23032 5919 5931 1361 9036 2007 991 13486 736 19316 1054 1787 2649 1216 2713 32 1942 518 13993 1213 1428 1594 9335 1985 4863 28142 5908 9483
leaf_count=194 65 542 23032 5919 5931 1361 9036 2007 991 13486 736 19316 1054 1787 2649 1216 2713 32 1942 518 13993 1213 1428 1594 9335 1985 4863 28142 5908 9483
internal_value=0 1.60148 -1.71073 3.94902 5.10822 2.7745 -0.827883 -1.24833 -0.629517 2.06701 0.118117 -1.03076 0.318544 0.671103 0.844866 -1.50841 1.71561 -8.01821 2.26927 5.91404 -1.83709 4.79353 4.03747 5.38258 0.458207 -1.24113 -2.70995 -3.03984 -1.8421 5.74096
internal_weight=172471 89102 83369 43417 21851 21566 44262 32385 45685 15970 9353 33374 11877 10823 7346 1984 5362 768 15428 15932 14058 5596 4383 3022 12311 2976 39107 28336 10771 15414
internal_count=172471 89102 83369 43417 21851 21566 44262 32385 45685 15970 9353 33374 11877 10823 7346 1984 5362 768 15428 15932 14058 5596 4383 3022 12311 2976 39107 28336 10771 15414
is_linear=1
leaf_const=0 0 0 0 0 0 0 0 0 0 0 0 0 0 0 0 0 0 0 0 0 0 0 0 0 0 0 0 0 0 0
num_features=3 3 3 4 3 4 4 4 3 3 5 4 4 4 5 5 5 5 4 5 4 4 4 5 5 4 3 3 4 3 4
leaf_features=1 8 9  1 8 9  1 8 9  1 5 8 9  5 8 9  1 5 8 9  1 5 8 9  4 5 8 9  1 5 9  1 8 9  1 5 6 8 9  1 5 8 9  1 5 8 9  4 5 8 9  0 4 5 8 9  1 5 7 8 9  1 5 7 8 9  1 5 7 8 9  0 1 8 9  1 5 6 8 9  1 5 8 9  1 5 8 9  1 5 8 9  1 5 7 8 9  1 5 7 8 9  1 4 8 9  1 8 9  1 8 9  1 4 8 9  1 8 9  1 5 8 9  
leaf_coeff=0.30550850043668448 32.922970999572136 -11.693274785936229  -4.1245334924948116 114.21400285552373 -31.324076298542789  -0.057900607611912847 -27.551841423015869 14.397154757318276  -0.26691586983545984 0.12614756715080164 -1.3560240005461992 0.40384841263230559  1.1691292015548242 -13.739682006835938 6.1528894424438478  0.11559222079462189 0.46404387947040959 277.33527045994998 -149.49740740135312  2.7506471118339375 -0.030326815958802912 -16.963547795988781 7.0019917036293009  0.61850171372997886 2.27074980322194 -8.9758921331427484 1.1670648407016984  -1.6146778861850892 -0.7629321146756638 2.4782370797089701  0.52545466748257474 -30.916827108018335 7.2314328744992968  -0.66727196938718425 0.054834555264313425 0.21654652950654452 -11.770088396668871 6.3794215496538529  4.8959423575120926 1.0763961098797097 -37.576357658013151 16.804174968630104  -0.075978460785090726 2.7347845961991766 -22.167218307539954 2.2992775000933761  5.2995690827159709 -0.69893864341260192 -10.628770335846458 2.1974115733449708  2.2347795209737393 2.4629255675765194 -5.151741039318904 2.5921213505325058 4.6228402847582855  1.4878596852305765 -3.4741964305294148 1.0283855957452872 0.14049820660247861 3.7175756200240815  2.1368452120193462 6.5684818303249815 -10.315971747881395 0.21525992674833105 -1.9876450561901038  3.8472908867554652 -1.5919716253747165 -1.0803838419096001 -11.668486300388791 6.5770983019971681  5.0429706131766583 -5.2203427104142754 -37.419507956120654 26.937630194144006  0.00073249197737981222 1.4744303458047512 -6.7447931750790309 -12.011857208260336 10.640335106054046  3.0564409306734888 -0.12943171733194064 121.63543770888356 -66.399466130987278  0.20509196536085597 -0.16242589764223539 -17.010114856634754 4.5250338994916097  0.93315683041973907 0.14827027777870969 -23.450373556089474 12.768608840493835  1.5704174083569797 -1.281877278255604 1.9137356950142477 -16.942928263125943 9.2360757152069706  7.6271660846559035 -0.93146906266133556 0.83579871653337257 -30.132010191398152 10.616970938859595  -0.15714717396574046 0.063947649173889565 -17.160921800991492 4.8697914291521558  1.630145994119971 -70.899739667186807 17.97452799462517  -0.94080797849294839 -6.130959518943019 2.4554768887547653  0.14745233817835413 0.36801527476908691 -3.8151134970160459 0.54112353505831834  -0.048648713674964483 3.7124402983618894 -1.1761871522935508  0.036859923855786292 0.21901054756162922 61.255025767860936 -32.187687666248529  
shrinkage=0.1


Tree=31
num_leaves=31
num_cat=0
split_feature=9 8 8 4 9 1 4 5 1 4 1 9 1 1 4 1 7 1 1 0 1 6 4 9 9 7 5 9 7 1
split_gain=3.82734e+07 3.77993e+07 5.95715e+06 4.7931e+06 2.86467e+06 2.21976e+06 1.97209e+06 1.72811e+06 1.99184e+06 1.72698e+06 1.56506e+06 1.51793e+06 1.25931e+06 1.25899e+06 1.25442e+06 1.49527e+06 1.18015e+06 4.29383e+06 1.71016e+06 1.67338e+06 1.10511e+06 1.09804e+06 1.06803e+06 1.05707e+06 4.0906e+06 1.03112e+06 988689 941448 923896 1.01345e+06
threshold=7.0802787666761651 3.0000000000000004 3.0000000000000004 4.5244986107837111 7.3409897451678408 6.7339967759051547 2.2242581879713579 10.944431002758746 4.2696729980286863 3.5040265001487509 3.4175922930736511 6.1003517537352172 6.3826613261450529 4.9593358439305844 6.2075829764107793 1.8688348091416842 4.9412514039169277 6.2567088148180039 5.9750802605835984 0.89587973461402759 6.16226106286486 1.0000000180025095e-35 6.2407629372696922 7.4271755523508984 7.4830950094865463 5.5286672054917583 10.752328864032437 6.9853949496573593 5.616741578982702 6.6392218114965287
decision_type=2 2 2 2 2 2 2 2 2 2 2 2 2 2 2 2 2 2 2 2 2 2 2 2 2 2 2 2 2 2
left_child=2 9 27 5 12 6 -3 8 21 13 26 -10 25 23 15 -9 17 19 -18 -13 -12 -4 28 -2 -25 -5 -8 -1 -6 -30
right_child=1 3 7 4 22 -7 10 14 11 -11 20 16 -14 -15 -16 -17 18 -19 -20 -21 -22 -23 -24 24 -26 -27 -28 -29 29 -31
leaf_value=-2.7909699078135115 -1.6274013593326093 0.9587807191477421 -9.2265384394373324 4.789975438908006 6.3352833241870021 6.4431079007292489 1.8805173465395506 1.0999834879037651 -2.3330891738710124 0.79096511381643797 5.7672510910664041 -7.3148281447718304 7.5666477715035887 0.46711570939235997 -3.4195892927781593 -1.9944898412070291 3.6491120471896461 3.1115519885862106 -0.0044623081672591552 11.154183710538426 2.0702566418444266 -1.5530318274976436 1.3550131337711226 6.3778122782634794 -0.88085590817640402 1.4854330204486481 4.3584286037496902 -1.7550693948002107 4.3806679599787186 9.2161573747708569
leaf_weight=25818 17251 7175 188 1246 7523 1385 8492 9146 1967 7776 2781 867 495 6130 848 1883 2273 1040 2936 52 1140 23062 626 823 13705 3899 1987 13289 6202 466
leaf_count=25818 17251 7175 188 1246 7523 1385 8492 9146 1967 7776 2781 867 495 6130 848 1883 2273 1040 2936 52 1140 23062 626 823 13705 3899 1987 13289 6202 466
internal_value=0 1.44133 -1.53966 3.55412 4.66724 2.56234 2.31322 -0.745095 -1.1235 -0.566565 2.98808 0.127665 2.7492 -0.845026 0.28669 0.571659 0.802931 -1.28939 1.58981 -6.26979 4.69238 -1.61508 5.39733 -1.09813 -0.469658 2.28572 2.35037 -2.43896 5.57564 4.7186
internal_weight=172471 89102 83369 43417 20457 22960 21575 44262 32385 45685 14400 9135 5640 37909 11877 11029 7168 1959 5209 919 3921 23250 14817 31779 14528 5145 10479 39107 14191 6668
internal_count=172471 89102 83369 43417 20457 22960 21575 44262 32385 45685 14400 9135 5640 37909 11877 11029 7168 1959 5209 919 3921 23250 14817 31779 14528 5145 10479 39107 14191 6668
is_linear=1
leaf_const=0 0 0 0 0 0 0 0 0 0 0 0 0 0 0 0 0 0 0 0 0 0 0 0 0 0 0 0 0 0 0
num_features=2 4 4 3 4 4 4 5 5 3 3 4 4 3 4 4 5 5 5 5 5 4 5 3 4 4 5 5 1 5 5
leaf_features=8 9  1 4 8 9  1 4 8 9  1 8 9  1 4 7 9  4 7 8 9  1 4 8 9  1 4 5 8 9  1 4 5 8 9  1 5 9  4 8 9  1 4 8 9  1 5 8 9  1 4 9  1 4 8 9  4 5 8 9  1 4 5 8 9  1 5 7 8 9  1 5 7 8 9  1 5 7 8 9  0 1 5 8 9  1 4 8 9  1 5 6 8 9  4 8 9  1 4 8 9  1 4 8 9  1 4 7 8 9  1 4 5 8 9  9  1 4 7 8 9  1 4 7 8 9  
leaf_coeff=-0.28872467825776765 -0.34665039040851298  -0.25963350867327073 0.34552129016669081 -9.598471308899752 2.2914679047267783  -0.46087208943091068 -1.1097885587021075 -6.6826836023476064 3.9612480495670752  -0.87418442301328703 -68.006387697345787 38.650044888052804  -0.21077908608920098 3.811898665388799 -8.5682200471812404 4.4824686207342896  1.5281891277401884 -2.8592992994425006 -8.5039871848304767 6.447466114722193  2.0525122525875306 0.39398755121028445 -32.373112182255134 16.323456045493369  -0.35609848605894573 -0.9877214065963813 0.61330807021135458 -14.454208952284899 7.7415549615441712  -0.81876597479446545 0.4289515371607564 1.9960261791541543 -7.8729096744468166 1.1024390434913869  -1.4713152315747493 -0.66012241888340106 2.2045041459988397  0.058640218014726034 -16.025840955788773 4.4076692399405148  1.2275125851385327 0.17774965413376551 -17.290124697907597 9.1755042684031647  5.121221956539336 1.089689704205199 -33.406949796777191 14.303722748248038  5.216171985575329 -0.31755367591172218 -3.6456434423505928  0.837107488746895 1.0936333106005314 15.594551160760421 -5.1422964001073526  7.6771660508537032 2.3394882135018409 -22.864199862564931 1.4891433079783611  0.73928556684723556 0.77215587532715524 -2.8376935891398491 -1.4473370061842674 4.2701615937949553  1.6824299865614414 -3.1238042350763311 0.74763609490347849 -0.57353542977753025 3.698955530299509  1.1255159925780234 1.6296037822988183 -3.5521172111274613 5.077534248790835 -3.7258302851674672  2.5234257771146655 -1.8108349307341562 -0.15492475518716614 -8.6937109575477276 5.676407922905927  2.9638547247020259 -2.5188658408747417 0.61942316005274733 -28.573182680073661 19.948220842892624  8.0788794180157435 -0.80105492199363093 -36.190754508137978 13.193233219437388  0.0079814432496043263 -0.088131176113298793 0.18706226584991228 -1.1600872002915139 0.41970565741515886  8.3140397044033314 24.608092639234386 -20.293091214459857  1.2092469604679537 -7.9361424906905089 472.40846883654598 -122.56238623063547  0.23955771493281192 0.2703691249414078 318.69762965664268 -85.076454090606433  -0.063794983918705847 0.52193727029407455 -2.6761894697046955 138.16063890457153 -74.509175205230719  -0.77032936557576126 1.2843564431368124 -0.75776004251519002 -10.519158215837525 6.6590122452158544  -0.25123950581644022  0.085137666114337665 1.9134024828087606 3.7585418098519314 -37.693863155110741 16.535691066493747  0.88474335522205372 2.3180392022497016 10.977631705985369 91.030462582071777 -58.412230094836559  
shrinkage=0.1


Tree=32
num_leaves=31
num_cat=0
split_feature=9 8 8 9 9 5 0 6 1 1 9 1 5 9 4 0 4 9 9 1 5 4 1 1 7 9 9 1 1 9
split_gain=3.11603e+07 2.55077e+07 8.46759e+06 5.3822e+06 3.92131e+06 3.44665e+06 2.29723e+06 2.17363e+06 2.36213e+06 2.0079e+06 1.83165e+06 1.60987e+06 2.20978e+06 1.58968e+06 1.73811e+06 1.49577e+06 3.42183e+06 1.4307e+06 3.36186e+06 1.36912e+06 1.28883e+06 1.63642e+06 1.25969e+06 1.31017e+06 1.18361e+06 1.11588e+06 980304 2.77706e+06 1.51855e+06 1.24654e+06
threshold=7.2577269458540963 3.0000000000000004 3.0000000000000004 6.8934727463946492 7.4198264096231847 10.622375576291406 0.89587973461402759 1.0000000180025095e-35 3.3842466058243152 5.3399361658330653 7.3891586615022886 6.4823422403668163 1.0000000180025095e-35 6.9853949496573593 2.2242581879713579 0.89587973461402759 1.0000000180025095e-35 7.4271755523508984 7.4830950094865463 5.8096417414785728 11.413950076106408 5.9642216044646252 3.9219243190762363 5.9335696915338003 5.6040800687173409 7.426949540347044 7.506706814649637 5.2012518591713119 6.2075829764107793 7.4303254148371787
decision_type=2 2 2 2 2 2 2 2 2 2 2 2 2 2 2 2 2 2 2 2 2 2 2 2 2 2 2 2 2 2
left_child=2 4 13 -4 6 9 10 26 17 -3 -2 12 -5 -1 15 16 -15 25 -19 -12 22 -22 24 -24 -14 -9 27 29 -29 -6
right_child=1 5 3 11 7 -7 -8 8 -10 -11 19 -13 20 14 -16 -17 -18 18 -20 -21 21 -23 23 -25 -26 -27 -28 28 -30 -31
leaf_value=-2.5118725719272001 15.421381408489168 2.0586114325169973 -1.0069644660455048 -3.5107175006463969 1.7969272120499316 4.8087431987293217 1.0462229810302726 5.3646430785961208 1.3694536040637 4.6036634924451558 7.3229732124191349 3.6520158643504583 0.71835624811746701 -10.528875951033074 -0.94791343201367662 0.90932126745347519 -2.5827629282466176 5.5338702722719519 -0.6308931756169045 -4.5102033269405366 3.3228196391016169 -0.68452339200228129 4.4319886781137301 -0.31673394495328044 -1.4326072226103386 -2.0711848285002978 -13.395106137139457 -11.109132106332055 1.5527152175211727 22.706214655529369
leaf_weight=25818 236 11827 32775 1164 81 15747 1110 207 6197 4201 528 2062 8445 610 19942 910 4857 942 14517 120 3986 1369 1474 959 3670 8060 140 342 131 44
leaf_count=25818 236 11827 32775 1164 81 15747 1110 207 6197 4201 528 2062 8445 610 19942 910 4857 942 14517 120 3986 1369 1474 959 3670 8060 140 342 131 44
internal_value=0 1.74092 -1.03765 -0.182702 -0.221806 3.758 4.07526 -0.50126 -0.369032 2.72568 7.87868 0.985321 0.724309 -1.95436 -1.40746 -2.84454 -3.46938 -0.823107 -0.255241 5.13164 0.971989 2.29835 0.483768 2.56022 0.0667643 -1.885 -5.86261 -4.09915 -7.60236 9.157
internal_weight=172471 64430 108041 55904 32655 31775 1994 30661 29923 16028 884 23129 21067 52137 26319 6377 5467 23726 15459 648 19903 5355 14548 2433 12115 8267 738 598 473 125
internal_count=172471 64430 108041 55904 32655 31775 1994 30661 29923 16028 884 23129 21067 52137 26319 6377 5467 23726 15459 648 19903 5355 14548 2433 12115 8267 738 598 473 125
is_linear=1
leaf_const=0 0 0 0 0 0 0 0 0 0 0 0 0 0 0 0 0 0 0 0 0 0 0 0 0 0 0 0 0 0 0
num_features=2 3 4 2 3 3 3 3 3 4 4 4 3 5 2 3 4 4 3 4 3 5 5 4 4 5 4 2 3 3 3
leaf_features=8 9  0 8 9  1 5 8 9  8 9  1 8 9  1 8 9  5 8 9  0 8 9  6 8 9  1 6 8 9  1 5 8 9  0 1 8 9  1 8 9  1 5 7 8 9  8 9  4 8 9  0 4 8 9  0 4 8 9  6 8 9  1 6 8 9  1 8 9  1 4 5 8 9  1 4 5 8 9  1 5 8 9  1 5 8 9  1 5 7 8 9  1 6 8 9  8 9  1 8 9  1 8 9  1 8 9  
leaf_coeff=-0.25985222360022819 -0.31198534710927106  9.254955682855508 -27.621128475107255 9.2032250471413146  0.12466499406431525 0.39371861938161246 -7.1428349684574641 3.625062044670631  -1.4063268539494063 0.73026838585141152  1.5535547435125197 1.2664999483688009 -2.3824820794074184  3.153809188941159 39286.568223226073 -10581.472926607728  0.93013775877316229 -13.372410835331539 6.3713478484860389  -0.63437215830144855 -23.629597294155975 6.7820750265018432  8.3802397580664554 -1612.8401071965695 427.71370447576049  -0.27859573196609805 0.016566320897042887 82.512526923819678 -21.712329523052905  -0.12209472141130391 0.25350143359138427 50.407181186758685 -26.533966587024043  182.71490877108283 -18.192285124673798 589.86998336352406 -158.39490498183295  1.0813331961130046 -19.999995611088892 10.703216802156749  -1.0118229680460444 0.69043933474604546 -0.54684186529841161 -10.129673694605755 5.2646658631116683  -15.898187534892351 2.9896429106214786  0.60578411102952856 -6.8658157999150724 1.5223385581566617  1.0534011635736023 -0.45636816982252815 12.855548315195847 -3.7621849181789915  3.1123020042107288 -0.58330067481544245 -0.76788330310228048 -0.055099330731354715  4.2048654237176377 359.1203504530713 -99.333995217387567  0.15339597370984848 -0.18870559988090463 193.66943434569987 -51.488730313675482  8.6600612336500493 906.52341951467099 -252.87261158116164  -0.99574509083165452 1.3047940561427482 3.9043050573435041 -21.770171563183613 5.273257101666605  -0.31215238849703664 -5.902394324272672 6.131689315228293 -18.906140179435081 5.1025587753325006  2.7466148345080401 -0.6520893081453778 -8.9322589982984937 4.6145577585062716  -0.31140683341019726 -1.7593191507192281 15.985683438247817 -6.222394700702262  -0.17565090712622544 -0.16880577229473204 2.0595808800113544 -9.6327638928920365 3.8264224707867474  0.1343417323776521 -0.1990057155955583 39425.559375000004 -10616.722363281251  2777.2687418222431 -741.27771760821349  8.6585409805466043 -181.26157082021237 40.407453954988164  8.8043166350625146 -53.101079395669515 6.8400062525179237  5.1378608215032733 2272.9425602845849 -606.40029184781019  
shrinkage=0.1


Tree=33
num_leaves=31
num_cat=0
split_feature=9 8 5 9 5 9 1 6 9 0 5 1 9 1 9 8 8 9 9 0 1 1 7 1 5 1 5 1 1 8
split_gain=2.52403e+07 2.06607e+07 7.0125e+06 3.17619e+06 2.79178e+06 2.78876e+06 2.56977e+06 4.15341e+06 1.97039e+06 1.86075e+06 1.76068e+06 1.9132e+06 1.65628e+06 1.6264e+06 1.48364e+06 1.18132e+06 1.179e+06 1.15856e+06 2.7231e+06 1.12843e+06 1.10899e+06 1.10409e+06 1.17789e+06 1.03763e+06 4.03684e+06 984284 932084 2.5757e+06 2.35112e+06 914251
threshold=7.2577269458540963 3.0000000000000004 10.498904752911189 7.4198264096231847 10.622375576291406 6.905655666546596 4.8713658868283671 1.0000000180025095e-35 6.1003517537352172 0.89587973461402759 1.0000000180025095e-35 3.3842466058243152 6.9132197302648501 5.3399361658330653 7.3891586615022886 3.0000000000000004 3.0000000000000004 7.4271755523508984 7.4830950094865463 0.89587973461402759 5.8096417414785728 6.3741723047025554 5.629995697639159 5.865049616265698 1.0000000180025095e-35 6.6194060950237885 7.0591878904050249 6.2567088148180039 6.1213951142326692 3.0000000000000004
decision_type=2 2 2 2 2 2 2 2 2 2 2 2 2 2 2 2 2 2 2 2 2 2 2 2 2 2 2 2 2 2
left_child=2 3 6 9 13 -4 7 19 -8 14 -5 17 29 -3 -2 -14 23 -12 -19 -1 -16 22 -7 24 -10 -6 27 -18 -28 -9
right_child=1 4 5 10 25 21 8 12 16 -11 11 -13 15 -15 20 -17 26 18 -20 -21 -22 -23 -24 -25 -26 -27 28 -29 -30 -31
leaf_value=-10.3638138829858 13.879252943046929 1.8527504893048832 -0.45473606438209813 -5.2763480204553792 4.1838132422666963 2.1734987455593457 -2.5264054217736671 -2.5957517780590633 -8.5437427951624709 0.9416006806296473 -1.6963028714905251 1.2325082471562054 -1.4698846505338519 4.1432971437471489 6.5906757036901347 -0.022473912326478669 -4.2155526414911684 4.9804831800820217 -0.56780353984187648 7.1423221722627304 -4.0591829999536273 5.0273336213023079 0.0477866883774739 -1.2443976395320027 2.0085553361158395 8.6669008646322343 4.7753746976333735 2.3706331104871192 -0.30533471270503787 -1.5289417266845704
leaf_weight=659 236 11827 14024 738 15241 6762 3721 17751 409 1110 8267 6197 19979 4201 528 7856 1020 942 14517 39 120 884 4242 7761 3191 506 1758 1421 1890 14674
leaf_count=659 236 11827 14024 738 15241 6762 3721 17751 409 1110 8267 6197 19979 4201 528 7856 1020 942 14517 39 120 884 4242 7761 3191 506 1758 1421 1890 14674
internal_value=0 1.56685 -0.933881 -0.199576 3.3822 0.500419 -1.38641 -1.71606 -0.437239 3.66773 -0.451082 -0.332075 -1.62722 2.45311 7.09081 -1.06138 0.0082505 -0.740729 -0.229717 -9.38568 4.61848 1.62719 1.35404 -0.593509 0.809697 4.32787 1.13103 -0.381481 2.1431 -2.11296
internal_weight=172471 64430 108041 32655 31775 25912 82129 60958 21171 1994 30661 29923 60260 16028 884 27835 17450 23726 15459 698 648 11888 11004 11361 3600 15747 6089 2441 3648 32425
internal_count=172471 64430 108041 32655 31775 25912 82129 60958 21171 1994 30661 29923 60260 16028 884 27835 17450 23726 15459 698 648 11888 11004 11361 3600 15747 6089 2441 3648 32425
is_linear=1
leaf_const=-53.213464054440557 0 0 -7.3437281739176798 0 0 -11.899573651031824 0 0 0 0 0 0 0 0 0 0 0 0 0 37.504961861383343 0 -105.1574200586707 -70.357220616115825 0 0 0 0 0 0 0
num_features=2 3 4 2 2 4 4 3 5 3 3 4 4 5 4 4 5 3 3 4 3 3 3 4 4 4 4 4 4 4 5
leaf_features=1 9  0 8 9  1 5 8 9  5 9  8 9  1 5 8 9  1 5 7 9  1 5 9  1 5 6 8 9  1 8 9  0 8 9  1 5 8 9  1 5 8 9  1 5 6 8 9  1 5 8 9  0 1 8 9  1 5 6 8 9  1 8 9  5 8 9  1 5 8 9  0 1 9  1 8 9  1 5 9  1 5 7 9  1 5 8 9  1 5 8 9  1 5 8 9  1 5 8 9  1 5 8 9  1 5 8 9  1 5 6 8 9  
leaf_coeff=-1.0592755676961929 6.7681344074228038  8.3294602651571044 -24.859008458815516 8.2829005851875994  0.11219849374089108 0.35434675818849259 -6.4285512644331906 3.2625557290084544  0.61470567802558096 -0.0048185576318019235  145.84373559409286 -39.778840544761628  0.031397385124887482 1.1286286931196627 -20.82122994437232 9.9672563492698831  -0.35722157641394009 0.94643389229136687 -5.4546332629513934 4.7222693836933107  -0.59398554944083914 -0.47557500331894859 0.955700104411767  0.030716469357642495 0.29459192796459205 -0.59377395263591104 5.6902249582381046 -1.9994062378003037  8.4135751315083667 -16.235426927183291 -3.2296166046959116  -0.5709349320977708 -21.26663831147016 6.1038677257049132  0.13589901975501562 -0.67908921938251299 5364.70064136982 -1444.0395511507988  -0.28270129661983212 0.25727905517309874 73.267192201947907 -19.562463693884638  -0.15463328859822134 0.55443040703700797 -0.85282221539592629 -4.1683513525877061 1.05099000024793  -0.10988523459500357 0.22815129374612297 45.366463346948152 -23.88057009346667  164.4434286450809 -16.373057980594421 530.88297869153325 -142.55541277369485  0.068745385767836995 -0.20682054893653157 0.07177241436818152 -9.6417653457834493 5.6128386258108698  4.5700239574892141 -21.049036598382738 7.7601892903778209  -7.1159600327979211 403.62937308866532 -98.237798075238246  0.17860404626237597 0.16069315674840257 142.79496358670295 -38.296668860735373  18.037180603967865 -4.3293122921348646 -4.9867739285802601  7.7940550437342608 815.87111295834188 -227.58535992298278  5.8172238146976269 -1.3805441846931445 12.044644802562836  0.2441935297394324 1.0746960118775626 6.3121785133943211 3.0226971987453455  1.5642539703145673 0.014925057511778306 -5.8921466262092057 0.018851393475301848  0.077978958482093227 -0.70606656168170301 -9.6480402425435852 4.0313679754974601  2.7691194749955685 -0.46324497441123286 105.25150121833431 -57.164908096293225  -0.45165651756063885 -2.2405864234750612 5.43500488764621 1.124643912467991  1.5251308026949724 -0.52125341549890158 3.9506690579592032 -3.5471549189785492  4.6377834516528464 -1.5176286768764882 -8.9528569076111477 2.9557685627368446  0.65660845338245 -0.32487737702203767 0.62184706718800875 -1.3143235184800461 0.36236685945877983  
shrinkage=0.1


Tree=34
num_leaves=31
num_cat=0
split_feature=9 8 5 9 4 9 1 5 9 1 4 1 9 1 4 4 5 4 1 7 8 8 9 9 0 1 5 4 5 1
split_gain=2.04447e+07 1.67351e+07 5.68012e+06 2.57271e+06 2.26936e+06 2.25993e+06 2.08313e+06 3.18937e+06 1.5864e+06 1.55302e+06 1.42615e+06 1.55047e+06 1.34526e+06 1.27168e+06 1.02476e+06 1.00482e+06 1.18175e+06 1.00333e+06 988390 1.17059e+06 950476 946793 935719 2.21243e+06 902882 827359 3.35736e+06 821451 802296 2.16103e+06
threshold=7.2577269458540963 3.0000000000000004 10.498904752911189 7.4198264096231847 4.6563356515368231 6.8934727463946492 4.8481086751891054 1.0000000180025095e-35 6.1003517537352172 6.4224346156700198 1.0000000180025095e-35 3.3497501700808394 6.9132197302648501 6.8303339860793031 2.2242581879713579 6.2255475492814139 12.105749421145179 6.2407629372696922 6.3741723047025554 5.6332349431874329 3.0000000000000004 3.0000000000000004 7.4271755523508984 7.4847997739529388 0.89587973461402759 5.9012653434919295 1.0000000180025095e-35 5.4816795064439043 7.0591878904050249 6.2567088148180039
decision_type=2 2 2 2 2 2 2 2 2 2 2 2 2 2 2 2 2 2 2 2 2 2 2 2 2 2 2 2 2 2
left_child=2 3 6 9 13 -4 7 24 -8 -2 -5 22 -9 14 -3 16 18 -6 19 27 25 -14 -12 -24 -1 26 -10 -7 29 -22
right_child=1 4 5 10 17 15 8 12 20 -11 11 -13 21 -15 -16 -17 -18 -19 -20 -21 28 -23 23 -25 -26 -27 -28 -29 -30 -31
leaf_value=-9.2419454584382681 6.3254237646330456 0.9525707005620373 -0.41340948403287103 -4.7487196622825252 4.2438217119885762 1.3787735985820977 -2.2689183767565133 -1.9069186022540909 -7.6003983316754873 0.72580816396282932 -1.5276002915408711 1.1054674661892576 -1.3242029975245451 5.8187153711584223 2.6281353863294719 -2.4236362596321412 4.7691822565650597 0.14165104387667235 4.5525158841863274 -0.3968687636000866 -3.8804430759200921 -0.026981166967616117 4.3821410766574393 -0.5205740136591831 6.4280900118060602 -1.1478004125641437 1.6934251475120121 4.5694073590454796 1.9402059219714769 2.1335698074135401
leaf_weight=643 917 5163 13965 738 12539 4824 3733 32361 438 1077 8251 6226 19946 991 12456 631 1114 626 875 3534 1031 7837 983 14463 39 7550 3453 969 3677 1421
leaf_count=643 917 5163 13965 738 12539 4824 3733 32361 438 1077 8251 6226 19946 991 12456 631 1114 626 875 3534 1031 7837 983 14463 39 7550 3453 969 3677 1421
internal_value=0 1.41017 -0.840492 -0.179619 3.04398 0.450377 -1.24777 -1.54581 -0.396758 3.30096 -0.405974 -0.298867 -1.46871 2.33318 2.13713 1.46007 1.67663 4.04876 1.33894 1.03746 0.00100925 -0.958284 -0.667833 -0.20856 -8.34586 -0.537319 0.647243 1.91247 1.00591 -0.395161
internal_weight=172471 64430 108041 32655 31775 25912 82129 60826 21303 1994 30661 29923 60144 18610 17619 11947 11316 13165 10202 9327 17570 27783 23697 15446 682 11441 3891 5793 6129 2452
internal_count=172471 64430 108041 32655 31775 25912 82129 60826 21303 1994 30661 29923 60144 18610 17619 11947 11316 13165 10202 9327 17570 27783 23697 15446 682 11441 3891 5793 6129 2452
is_linear=1
leaf_const=-47.966420493771153 0 0 -6.4098997125639929 0 0 -10.772320935939206 0 3.1601953578869146 0 0 0 0 0 0 0 -89.517451998294575 -88.90518606088591 0 -40.361730696633458 -74.576870289198638 0 0 0 0 33.75446362704097 0 0 114.0810865003732 0 0
num_features=2 3 4 2 2 3 5 3 3 3 3 4 4 4 4 4 3 3 3 4 5 3 4 3 4 3 4 4 5 4 4
leaf_features=1 9  1 8 9  1 4 8 9  5 9  8 9  4 8 9  1 4 5 7 9  1 5 9  1 5 9  1 8 9  1 8 9  1 4 8 9  1 4 8 9  1 5 8 9  1 4 8 9  1 4 8 9  4 5 9  4 5 9  4 8 9  1 4 5 9  1 4 5 7 9  1 8 9  1 5 8 9  4 8 9  1 4 8 9  0 1 9  1 5 8 9  1 5 8 9  1 4 5 7 9  1 5 8 9  1 5 8 9  
leaf_coeff=-0.86422851902706277 6.0597726876250819  -0.28489166316830961 161.76798831569033 -42.856496753764809  -0.30777348807322774 -0.77474231821727246 24.130870233708993 -12.628436284078635  0.54520083524818974 -0.022060788176995062  131.25936197063422 -35.800956474238774  1.0660960571141913 -11.92549787334865 6.1931714977516101  -0.091398634412223609 -0.28588671730364013 1.1121696233825333 -4.4644862997418384 3.6328023328277599  -0.54399135504287421 -0.42831900914794691 0.87078906040835591  0.25339794899596485 -0.10561140400920266 -0.67865202892537591  7.8423498950448121 -10.650061823817669 -4.2668073827944681  -0.93094572282734589 63.053531858368665 -16.278060801769609  0.29632284937688386 -0.86203833712897904 4861.4591573119169 -1309.026529455185  -0.24975285438675954 0.27878595688418439 65.544148642296207 -17.343991669057868  -0.0025062777916257774 0.3681088990625625 -5.9732836238654272 1.0263402962560577  -5.5988524313637758 0.57870314328629324 115.73224900567439 -56.238230161322285  0.20089993437599107 0.22591800739894552 -15.077856732011425 8.2538406029751066  10.51295897792977 2.8355029963724521 -2.3019843207004671  1.071546636868743 0.87347463856203833 10.787742117475865  7.3905643762337609 23.878775406496061 -19.259608245919846  4.9735373324936525 9.7142476174958574 -10.852556834284043 11.375290648463853  0.64200942036374409 -5.4565349790032691 5.3271540060019333 3.295140324943441 3.0384549555918738  4.3870434517479939 -19.44312334720944 7.0396653400335714  0.028717665045798507 -0.17861235972251951 -8.6731055445550123 5.0976039237860906  -3.7395826538388977 322.19717145748439 -84.218567350204111  0.085492041652469208 0.2855933713625291 79.521061816997829 -21.348333613341676  16.233462650714319 -3.8963806962021637 -4.4880964591768135  1.5517760162876257 0.015249134755892691 -5.8190280179104779 0.01887038665573755  0.10597015014066358 -0.90371439384645935 -7.0597268727223765 3.4738947639845947  -1.127926583998351 -0.6929854434173649 1.277628773602919 -30.44886558884464 6.8883699185347727  -2.6588219914123319 -1.5778741898454358 5.3740998078804525 1.8152511670895592  1.3726177085258791 -0.4691280769581056 3.5556021472218164 -3.1924394083856442  
shrinkage=0.1


Tree=35
num_leaves=31
num_cat=0
split_feature=9 8 8 9 9 0 5 5 1 0 0 4 1 4 4 4 1 5 2 1 5 7 6 4 1 9 9 7 1 9
split_gain=1.65607e+07 1.35499e+07 4.73626e+06 2.76941e+06 2.17291e+06 1.94008e+06 1.89665e+06 1.2238e+06 1.21609e+06 1.16338e+06 1.10896e+06 1.02518e+06 1.14759e+06 2.03224e+06 903648 951426 877316 836925 1.29077e+06 782498 771808 752314 885977 776635 710692 2.08469e+06 1.00816e+06 701938 890963 692599
threshold=7.2597384662937561 3.0000000000000004 3.0000000000000004 6.8934727463946492 7.4106646516368597 0.89587973461402759 10.622375576291406 1.0000000180025095e-35 3.3842466058243152 1.2424533248940002 1.2424533248940002 3.2287771385162909 5.1089666311285624 1.0000000180025095e-35 4.7295953278168996 6.2255475492814139 6.2075829764107793 6.2075829764107793 3.0523966162074929 6.6194060950237885 12.105749421145179 5.6332349431874329 6.3290801027163601 6.2407629372696922 5.2012518591713119 7.5073646786907204 7.4303254148371787 5.6390270530008086 6.2255475492814139 7.4257596410863274
decision_type=2 2 2 2 2 2 2 2 2 2 2 2 2 2 2 2 2 2 2 2 2 2 2 2 2 2 2 2 2 2
left_child=2 4 11 -4 5 -2 9 10 -9 17 16 12 13 -1 -5 20 24 29 -19 21 27 23 -23 -8 25 26 -6 -16 -29 -3
right_child=1 6 3 14 7 -7 19 8 -10 -11 -12 -13 -14 -15 15 -17 -18 18 -20 -21 -22 22 -24 -25 -26 -27 -28 28 -30 -31
leaf_value=-9.9513602343273675 7.730658593006055 17.856951153828273 -0.70754656133353488 0.25129067114045395 1.2364062248886407 0.69734020138011943 4.1158708943770765 -0.5728552321848136 0.99896927363757271 4.8681465012323066 19.04171190261841 -0.80902619317548852 -0.50043805523081641 -1.9253464875571948 2.2797224741701902 -2.1812726106961065 1.5968603395280385 1.4016423791456749 3.6556765292065805 7.38781878853018 4.2922640651517971 1.67835699140891 4.5774667300632261 0.023587541502030171 -9.2539085516246633 -11.188677868150897 21.705316178458077 -0.84591398484439795 3.5189312218520485 -0.4021823911207566
leaf_weight=319 630 21 32775 14769 77 1039 9333 23927 6197 1278 20 17211 6060 28608 4001 631 168 9303 3495 506 1114 3987 1433 488 377 124 35 2004 610 1931
leaf_count=319 630 21 32775 14769 77 1039 9333 23927 6197 1278 20 17211 6060 28608 4001 631 168 9303 3495 506 1114 3987 1433 488 377 124 35 2004 610 1931
internal_value=0 1.27013 -0.755883 -0.116285 -0.162403 3.35222 2.73958 -0.352085 -0.249505 1.97379 -4.20989 -1.44089 -1.75172 -2.01386 0.721562 1.55236 -4.80532 1.72301 2.0172 3.51904 1.85717 3.39059 2.44486 3.91253 -6.55992 -2.25638 7.63294 1.44709 0.172661 -0.205747
internal_weight=172471 64369 108102 55904 32594 1669 31775 30925 30124 16028 801 52198 34987 28927 23129 8360 781 14750 12798 15747 7729 15241 5420 9821 613 236 112 6615 2614 1952
internal_count=172471 64369 108102 55904 32594 1669 31775 30925 30124 16028 801 52198 34987 28927 23129 8360 781 14750 12798 15747 7729 15241 5420 9821 613 236 112 6615 2614 1952
is_linear=1
leaf_const=0 0 0 0 0 0 0 0 0 0 0 0 0 0 0 0 0 0 0 0 0 0 0 0 0 0 0 0 0 0 0
num_features=3 3 3 2 3 4 3 6 4 4 4 3 3 4 4 5 3 4 5 5 4 4 6 6 5 4 4 4 6 6 4
leaf_features=1 8 9  0 8 9  0 8 9  8 9  4 8 9  0 1 8 9  0 8 9  1 4 5 7 8 9  1 5 8 9  1 5 8 9  0 5 8 9  0 8 9  4 8 9  1 4 8 9  1 4 8 9  4 5 7 8 9  4 8 9  0 1 8 9  0 2 5 8 9  0 2 5 8 9  1 5 8 9  4 5 8 9  1 5 6 7 8 9  1 5 6 7 8 9  4 5 7 8 9  0 1 8 9  0 1 8 9  0 1 8 9  1 4 5 7 8 9  1 4 5 7 8 9  0 5 8 9  
leaf_coeff=-0.30330295909186877 24.371369908502675 -8.2848349325586241  -0.19761554863071071 508.27414633138108 -136.53041265369393  -127.56227051061579 3621.1701464302841 -1935.2729523075745  -1.063049551388781 0.56049263050313136  0.17826392919953327 -5.66026358116219 3.1530605430043579  -13.782747560337885 2.6149567986290552 19869.410198515656 -5350.8298068754375  -0.60137757878701459 -1.3293206619971898 0.60926616639771969  0.046152828681434249 1.0031342013016911 0.28491904773640969 -5.1727027611118617 0.75994666025508195 2.8517329869588139  -0.0090956558082723408 0.012878017990095537 -22.532024486240701 5.9329509275161403  -0.23036239217491394 0.20736671373066376 59.451275478961179 -15.87124579833835  -0.57156002596802868 -0.45035183049428729 -43.189291286922526 24.344832744658927  7.1020125475763054 -53.709781821910298 15.537248063553125  -0.29089610841525232 -5.1197963469338221 1.5650547775070949  1.0498293288923868 1.1355993169351208 -11.538899379908026 2.0538098478557205  0.09513547552626847 0.040280079746194991 -2.567091169726746 0.45378920889431812  1.6330598580176401 0.59739951014922499 -14.723650805158606 11.594156829949135 3.1307542135646145  11.299632082758832 -14.810917560520465 -2.2262379775567753  -0.45903762310997537 2.6358671890043297 -132.58574364969974 33.611898339196344  -1.408555582934514 -0.30150592357850031 -0.015947676332642404 -3.8755811379451188 2.3039213830503287  0.18123199156947295 -0.13119148648478926 -0.27616061308067402 -11.888530500023627 7.2920140632515542  2.4450666884342356 -0.46967885804565024 96.080955567350614 -52.106690723745857  0.96439197289915346 0.78612715421118085 -20.003666796572361 9.7089679027376405  0.55362703092960719 2.0483336204713622 3.8221081278501519 3.7947551115918943 -39.027746107112037 11.855966074025492  -0.084954486292645015 1.6403787663711229 -0.40367940712371819 1.9697781135658261 -35.876458015188113 16.077567406301387  4.6813599634649794 5.5720555941367085 25.559880799948935 -64.914608434647292 2.2693903921150649  -39.347044579597792 5.963822096857621 -217.96951996218414 56.315343755926008  -24.124540479703867 5.4455987492583517 1340.5291526794435 -358.98096457123756  -35.132615432073365 8.7230896113062055 1786.6120568230749 -474.0948323244229  0.28422772203002394 -8.1387563881426441 6.8471760530200276 1.6846068129757954 -14.640727975285792 1.7701468684348129  4.9257807968287777 13.195471447611908 -13.381426523476193 11.820498080366271 -26.557557180760341 12.525681585558779  -18.85673336747486 -2.1402457301559283 43.264232256844117 -21.505753394292334  
shrinkage=0.1


Tree=36
num_leaves=31
num_cat=0
split_feature=9 8 4 9 9 1 4 1 1 5 1 1 0 1 9 0 4 9 5 1 9 9 9 6 1 9 4 5 6 4
split_gain=1.34145e+07 1.09794e+07 3.93682e+06 1.96271e+06 1.79122e+06 1.55054e+06 2.20906e+06 1.92529e+06 1.56495e+06 1.53628e+06 1.50546e+06 1.31858e+06 1.30107e+06 981929 979136 958154 949966 792602 735782 721503 750663 1.72156e+06 715582 703371 666526 955182 744052 699632 720677 635294
threshold=7.2577269458540963 3.0000000000000004 3.5040265001487509 6.8934727463946492 7.426949540347044 6.698884197138546 1.0000000180025095e-35 5.7153802534577958 4.5798392285869785 10.622375576291406 5.6472105679022233 6.2075829764107793 0.89587973461402759 5.3399361658330653 7.3995532830161315 0.89587973461402759 3.5040265001487509 6.9552989918109471 1.0000000180025095e-35 4.5485858369352732 7.4271755523508984 7.4855508405901068 6.1003517537352172 6.2477251921531467 5.9012653434919295 6.6602263132402717 6.2255475492814139 11.630557377464777 6.0390420065805213 6.2407629372696922
decision_type=2 2 2 2 2 2 2 2 2 2 2 2 2 2 2 2 2 2 2 2 2 2 2 2 2 2 2 2 2 2
left_child=2 4 5 24 10 6 7 12 17 13 -2 22 -1 -3 15 -12 18 -8 -6 20 -20 -22 -10 -5 26 -26 27 -4 -29 -11
right_child=1 9 3 23 16 -7 8 -9 11 29 14 -13 -14 -15 -16 -17 -18 -19 19 -21 21 -23 -24 -25 25 -27 -28 28 -30 -31
leaf_value=-7.2952747012503103 5.6341184135628239 1.309926120098692 -0.43802762496503428 0.38713318630316912 -4.0896046121446119 1.1812891072439722 -1.7380105879299999 -1.731556065441366 -1.1125262258236095 3.2963706789457583 10.013353610432837 -1.7748709925426465 7.1907436271814209 3.0897046853276646 -5.7386423358210816 0.62766905706566256 0.86492619303857754 -0.93215277958766052 -1.5040729336315353 1.0997725420833337 4.024968324139083 -0.55801994583128456 1.9566529210816677 1.7038181117318019 -2.3231307846808478 0.36249290230347941 -4.1020922958251225 -2.2358852972195846 1.8876934537671339 0.045430138012090809
leaf_weight=1344 933 11827 16823 14576 593 2602 25855 1869 976 15121 121 2088 65 4201 216 1076 5298 23118 7676 2459 873 13410 3427 5622 4173 1940 497 508 2558 626
leaf_count=1344 933 11827 16823 14576 593 2602 25855 1869 976 15121 121 2088 65 4201 216 1076 5298 23118 7676 2459 873 13410 3427 5622 4173 1940 497 508 2558 626
internal_value=0 1.14227 -0.680819 0.0110444 -0.145425 -1.20749 -1.3133 -3.83579 -1.16422 2.46562 2.51666 0.294823 -6.62701 1.77641 0.458203 1.57643 -0.351477 -1.3576 -0.609144 -0.52462 -0.706522 -0.2779 1.27632 0.753625 -0.554963 -1.47083 -0.280329 -0.184828 1.20447 3.16713
internal_weight=172471 64430 108041 46697 32655 61344 58742 3278 55464 31775 2346 6491 1409 16028 1413 1197 30309 48973 25011 24418 21959 14283 4403 20198 26499 6113 20386 19889 3066 15747
internal_count=172471 64430 108041 46697 32655 61344 58742 3278 55464 31775 2346 6491 1409 16028 1413 1197 30309 48973 25011 24418 21959 14283 4403 20198 26499 6113 20386 19889 3066 15747
is_linear=1
leaf_const=-48.728076374722882 0 0 4.4365845780232123 -12.459780122855591 0 -3.7131713181433952 -0.13864488690796861 -24.384148127445226 0 0 0 -27.167835639688565 -4.8531036942848012 0 0 0 0 -11.673786101802399 0 0 0 0 -17.385701236409297 -27.374134230132043 -17.084386348522457 0 32.966864629468184 11.86844743063557 -16.017379407252886 0
num_features=2 3 4 4 3 2 3 3 2 3 4 3 3 3 4 3 4 3 3 5 5 4 5 3 3 3 3 3 5 5 4
leaf_features=1 9  1 8 9  1 5 8 9  1 4 5 9  4 6 9  8 9  1 4 9  1 4 9  1 9  1 4 9  4 5 8 9  1 8 9  1 4 9  0 1 9  1 5 8 9  1 8 9  0 1 8 9  4 8 9  1 4 9  1 4 5 8 9  1 4 5 8 9  4 5 8 9  1 4 5 8 9  1 4 9  4 6 9  1 4 9  1 4 9  1 4 9  1 4 5 6 9  1 4 5 6 9  4 5 8 9  
leaf_coeff=0.38879171219292064 5.7060219703733317  1.1472623893542278 140.7062258122489 -37.310205367743038  0.057639390466135865 0.2746419091332406 -5.5077898734365593 2.7961734292257461  0.20643123865240512 0.30104331766272313 0.24253535122925315 -1.4452899390861718  0.31175106128094826 -1.7781175356826795 3.0959281670212704  118.58305076144171 -32.272864699788627  1.2717556250034079 -0.41817499676096193 -0.62806910046271014  0.082539145265296557 -0.31153262991049008 -0.14565590998342942  5.2195754056193895 -1.4050619771309358  -1.9407307689482935 -0.3387041678921463 1.8264140421009074  -0.065383708715489777 1.2015588994889299 -9.1885361932916574 3.5599837149202358  -19.161154844810607 467.39431416289881 -109.06464280692163  4.1717741938325164 -0.99477877383112068 0.20008518202865844  14.435862905564841 -1.1712835677777775 -0.094707637816281942  -0.33942805398583009 0.15748075846336179 37.090927047218429 -19.324526580722889  12.029833551534104 -700.91364097818735 178.12246092148126  -1.0013183526263221 1.6106854284752445 -72.275962702074324 18.607569882688406  0.14135598760126414 12.523157179675763 -3.3099159633005915  -0.1470030119884374 -0.0085150017357467078 1.5212001286610759  -0.059090600899071435 -0.91842472712451129 0.02631138835276943 97155.069140625012 -26162.073632812502  -0.82786082661631333 1.0900680330835031 -0.7160373077247677 93.143789213718264 -23.717622993715487  -6.2602943334171872 -0.069511133091145899 316.19936713487846 -81.556012405292137  0.37079323429948091 -0.28114482567488042 0.21537447063501533 87.897929013147959 -23.650842586299405  1.4709046525757801 0.21874408005806459 1.5440833028768113  0.78961703676179695 0.48611887166293855 3.108563400591811  1.4849317793608976 -1.1057431088122591 1.6290077180144635  3.1654635520873287 -0.75246322503270024 -2.5408679658023376  0.00018401230656763803 -4.7231376984971574 -1.1407845341801477  -0.8874728353079725 -47.669859928534429 45.951273659903386 -51.462342196327519 4.8939504150993436  -2.5810860081422735 20.078017206897496 -18.678198237517883 18.762787329542881 1.5022739083365879  1.882851441244668 5.5318189157801303 -10.623775515847775 -5.2972005735186034  
shrinkage=0.1


Tree=37
num_leaves=31
num_cat=0
split_feature=9 8 8 9 9 4 1 0 1 9 4 0 4 3 4 1 5 4 6 2 1 4 1 9 9 1 7 4 4 0
split_gain=1.08659e+07 8.88992e+06 3.51038e+06 1.86479e+06 1.47737e+06 1.25579e+06 1.19269e+06 952016 807650 802533 769539 767272 734399 817423 2.07151e+06 915398 680575 1.04191e+06 615729 669040 600876 595963 584464 608242 1.39446e+06 584305 582124 664046 578105 931190
threshold=7.2597384662937561 3.0000000000000004 3.0000000000000004 6.8934727463946492 7.426949540347044 4.3975260874596289 5.6472105679022233 1.2424533248940002 6.4126386124386281 7.3995532830161315 3.5040265001487509 0.89587973461402759 3.2287771385162909 3.4094620326377609 1.0000000180025095e-35 5.0271592211193568 11.413950076106408 5.9642216044646252 5.4206732544923026 3.184950491414114 5.865049616265698 1.0000000180025095e-35 4.5485858369352732 7.4271755523508984 7.4855508405901068 6.281331292928102 5.5866141865830095 6.2407629372696922 5.7945356795747589 1.0000000180025095e-35
decision_type=2 2 2 2 2 2 2 2 2 2 2 2 2 2 2 2 2 2 2 2 2 2 2 2 2 2 2 2 2 2
left_child=2 4 12 -4 6 7 -2 18 16 11 21 -8 13 14 -1 -16 -5 28 -3 -20 -14 25 23 -23 -25 -6 27 -7 -18 -30
right_child=1 5 3 8 10 26 9 -9 -10 -11 -12 -13 20 -15 15 -17 17 -19 19 -21 -22 22 -24 24 -26 -27 -28 -29 29 -31
leaf_value=-5.6766655627296458 5.0706985293625033 -0.38859387785888577 -0.54682598195486987 0.098133753439616042 -4.9734669968338885 3.8081850246059377 9.0120189828813562 4.4016758026355554 2.4299735665702027 -5.1647784974839954 0.77843406514520241 0.58763257102242539 -0.27447422905330238 0.43952658365898095 -1.6135651302494904 0.1725055749629896 1.6768814052276981 -0.99112085633023961 1.2587935226825686 3.0089937946720617 -1.5561493707551788 -1.3538520043154323 0.98979529069494976 3.6224718112033396 -0.50221803765257822 3.9409671976815823 2.3358289269840014 -0.67991775479810002 6.1277054978975736 -6.2114715416203525
leaf_weight=1194 933 1722 32775 15556 507 6257 121 1129 2241 216 5298 1015 11937 2117 28485 3191 3304 1352 10555 2754 5274 7676 2459 873 13410 86 9010 348 608 68
leaf_count=1194 933 1722 32775 15556 507 6257 121 1129 2241 216 5298 1015 11937 2117 28485 3191 3304 1352 10555 2754 5274 7676 2459 873 13410 86 9010 348 608 68
internal_value=0 1.02882 -0.612286 -0.0616485 -0.131521 2.21906 2.32047 1.60109 0.625873 0.422566 -0.316377 1.48495 -1.20202 -1.4651 -1.58777 -1.43364 0.432318 1.40729 1.39074 1.62096 -0.66722 -0.548287 -0.472217 -0.635935 -0.25011 -3.68065 2.8586 3.57172 2.22203 4.88649
internal_weight=172471 64369 108102 55904 32594 31775 2285 16160 23129 1352 30309 1136 52198 34987 32870 31676 20888 5332 15031 13309 17211 25011 24418 21959 14283 593 15615 6605 3980 676
internal_count=172471 64369 108102 55904 32594 31775 2285 16160 23129 1352 30309 1136 52198 34987 32870 31676 20888 5332 15031 13309 17211 25011 24418 21959 14283 593 15615 6605 3980 676
is_linear=1
leaf_const=0 0 0 0 0 0 0 0 0 0 0 0 0 0 0 0 0 0 0 0 0 0 0 0 0 0 0 0 0 0 0
num_features=3 3 5 2 4 3 4 3 4 3 3 3 4 4 4 5 5 5 5 6 6 4 4 4 3 4 3 4 4 4 6
leaf_features=3 8 9  1 8 9  0 4 6 8 9  8 9  1 5 8 9  1 8 9  4 7 8 9  1 8 9  0 4 8 9  1 8 9  1 8 9  4 8 9  0 1 8 9  1 4 8 9  3 4 8 9  1 3 4 8 9  1 3 4 8 9  1 4 5 8 9  1 4 5 8 9  0 2 4 6 8 9  0 2 4 6 8 9  1 4 8 9  1 4 8 9  1 4 8 9  4 8 9  1 4 8 9  1 8 9  4 7 8 9  4 7 8 9  4 5 8 9  0 1 4 5 8 9  
leaf_coeff=3.3154819023840645 15.204678612403223 -5.2203975930524393  1.0325361393208368 126.63560646642 -33.579185701324604  -4.1001813400250118 -0.28331243844194598 -0.27176052916170051 50.034555707436816 -26.47674453391992  -0.90836891773615214 0.48807176143195652  0.082112255123883315 0.16160668610417131 -4.0140149537742671 2.0538052035153442  0.72334726699000385 -32.805690068448897 7.6220196268928708  0.73577803704947664 3.633243544667994 -6.7217647771874915 0.90838341230992237  -17.245039166348487 420.65486391470768 -98.158173589850776  -0.16723705048425475 -0.95187388261510941 -51.430003585823584 28.573861145589035  0.81211882163993332 -14.775875909890601 7.8606365577110413  10.826850019814447 -630.82225158363588 160.31020816415548  0.12722038096705432 11.270841331213887 -2.9789243277300557  -0.88885296085472876 1.5441435463777453 -66.818134257249767 17.141170750783932  0.18002401463906959 0.63168906480854992 -8.3243746765774755 2.0199518764807762  -0.64408423824287331 -0.36622484037960423 -0.80739521562395566 0.84927720513442473  0.049117339460848092 0.003800421674358834 0.057821454963577427 -1.9745430301407396 0.32186549614862092  -2.3500328530180861 0.34711317500529304 -0.31323077093129886 0.47822848047173921 2.1464071951736559  -0.36591480952891919 -0.093626795530357756 1.7173357236232705 -6.3608421567956617 1.0539371797202877  -0.28061840553914463 -4.1138261906714009 4.6614558181846153 -14.334460814112663 3.4630139602780221  -3.5061127735787525 0.14066065079863838 0.12751514707184769 0.39620532988049606 1.5340679484404973 -1.0196849803796795  0.41116199457273983 -0.045855110065184591 -0.34109473048918348 0.0064359690516027973 -12.479953621086317 7.2398396001153742  0.9557603787094836 -1.1133128028332058 -3.1809763712102268 0.46842657689667822  -0.058240440068766476 -0.79644493333762512 86962.487500000003 -23417.38037109375  -0.72226442491604603 0.2197615638727598 82.134740211817558 -21.369299875530125  -5.6490976920723597 284.17085418999199 -73.366809602046857  0.29239811807794924 -0.0085719307746785489 84.16066263243556 -22.48057471602224  -2.2286088990644202 348.14734199405649 -90.928813405265103  0.73509949847607459 1.9492443295236854 -16.795922514682754 7.3057120814104568  11.097723957110885 8.3664752271272853 -15.891710692580091 -7.4867752332283999  14.280967919149772 4.0319010321685713 -65.775078750307145 19.124377327368713  -5.7502978622521148 1.6579963716920589 82.186181392584785 -42.02146107398876 23.304160933647655 -12.565196592565918  
shrinkage=0.1


Tree=38
num_leaves=31
num_cat=0
split_feature=9 8 8 9 9 5 0 1 1 1 4 0 1 6 1 4 4 4 3 4 1 7 6 1 9 9 9 4 5 6
split_gain=8.80235e+06 7.18905e+06 2.8178e+06 1.51048e+06 1.33977e+06 1.03196e+06 999081 696751 654196 653856 640975 835944 678231 599733 589471 580279 595973 579136 719082 1.64087e+06 734484 571690 626293 547971 1.57958e+06 884962 524780 490964 736834 757440
threshold=7.2691086197132186 3.0000000000000004 3.0000000000000004 6.8934727463946492 7.4106646516368597 10.622375576291406 0.89587973461402759 6.8303339860793031 6.4126386124386281 6.6194060950237885 1.0000000180025095e-35 1.2424533248940002 3.3497501700808394 6.2036305479823488 6.2075829764107793 5.1401994266131164 6.2255475492814139 3.2287771385162909 3.6639362304632859 1.0000000180025095e-35 5.0271592211193568 5.6447282101319054 6.3437888949126844 5.2012518591713119 7.5073646786907204 7.4303254148371787 7.4221233707296852 6.2075829764107793 11.599139857743582 6.0390420065805213
decision_type=2 2 2 2 2 2 2 2 2 2 2 2 2 2 2 2 2 2 2 2 2 2 2 2 2 2 2 2 2 2
left_child=2 4 17 27 6 7 -2 26 13 21 11 14 -12 -5 23 -15 -17 18 19 -1 -21 -7 -23 24 25 -6 -3 28 -4 -30
right_child=1 5 3 8 10 9 -8 -9 -10 -11 12 -13 -14 15 -16 16 -18 -19 -20 20 -22 22 -24 -25 -26 -27 -28 -29 29 -31
leaf_value=-5.0501350429363905 5.8560693936153001 17.057962374956837 -0.61044749095212592 -0.097866815547361152 1.3883387334548036 2.8726096853311827 0.52362914986150277 3.9693331093139785 2.1869762084141393 6.1086033913038866 -0.42666539953015176 17.136861667633056 0.74515136335530285 0.57028169524140182 1.6802318375735057 3.0958104682368273 -2.3326885708591396 -0.60049838818080292 0.39336037592464612 -1.4519192983371909 0.14476080145869935 0.93109748394933289 3.6232159876696381 -7.3714128461614523 -9.0021942523217984 20.565832148960659 1.2388165829077196 -3.4909627751043169 -1.636181415052719 1.7514438820099003
leaf_weight=1205 629 21 28685 11440 77 10399 796 1014 2241 506 23898 20 6226 7430 168 1790 228 17211 2320 28501 3205 3716 1126 377 124 35 14993 537 876 2677
leaf_count=1205 629 21 28685 11440 77 10399 796 1014 2241 506 23898 20 6226 7430 168 1790 228 17211 2320 28501 3205 3716 1126 377 124 35 14993 537 876 2677
internal_value=0 0.928798 -0.549415 -0.0554836 -0.12057 1.99716 2.87739 1.43229 0.563287 2.5721 -0.258713 -3.05065 -0.184475 0.389087 -3.56762 0.978709 2.48248 -1.07595 -1.30822 -1.42817 -1.29052 2.45469 1.55715 -5.00585 -1.22697 7.38131 1.26094 -0.492144 -0.442191 0.916217
internal_weight=172471 64125 108346 55904 32350 31775 1425 16028 23129 15747 30925 801 30124 20888 781 9448 2018 52442 35231 32911 31706 15241 4842 613 236 112 15014 32775 32238 3553
internal_count=172471 64125 108346 55904 32350 31775 1425 16028 23129 15747 30925 801 30124 20888 781 9448 2018 52442 35231 32911 31706 15241 4842 613 236 112 15014 32775 32238 3553
is_linear=1
leaf_const=0 0 0 0 0 0 0 0 0 0 0 0 0 0 0 0 0 0 0 0 0 0 0 0 0 0 0 0 0 0 0
num_features=3 3 3 4 4 4 5 3 4 3 4 4 3 4 5 4 5 4 3 4 5 5 6 6 4 4 4 4 3 5 5
leaf_features=3 8 9  0 8 9  1 8 9  4 5 8 9  1 6 8 9  0 1 8 9  1 5 7 8 9  0 8 9  1 5 8 9  1 8 9  1 5 8 9  1 4 8 9  0 8 9  1 4 8 9  1 4 6 8 9  0 1 8 9  1 4 6 8 9  4 6 8 9  4 8 9  3 4 8 9  1 3 4 8 9  1 3 4 8 9  1 5 6 7 8 9  1 5 6 7 8 9  0 1 8 9  0 1 8 9  0 1 8 9  1 5 8 9  4 8 9  4 5 6 8 9  4 5 6 8 9  
leaf_coeff=2.3979369976258709 13.633818197430811 -4.6827387248759811  -0.3865031281318807 419.43838558914143 -112.72941869334318  -135.40431954046946 -2874.3849938973785 1673.5482794694603  -0.02024632839698999 0.099361934220854667 -0.59406421346453731 0.1438181205404476  0.10517746163359104 0.33956582921531525 -3.8930212326222091 1.8908958640801985  -10.537892527779332 2.4879888837570889 15683.267566210032 -4223.7251403093342  0.02695698762494203 0.29328000828036238 -2.3330291702078285 -0.59268570865388026 1.9813392078853214  -0.63710593166092622 27.39687398891547 -7.2819055528358154  -4.8514365356993956 0.23973735561594367 102.62011892646552 -50.150786090199837  0.73090694224896147 -13.298288310957288 7.0745728945012161  2.1704745543174795 -0.53078968108317326 88.680860748066337 -47.961802097823238  -0.031920504188354216 0.022215036869252816 -18.239071420140682 4.81277583838928  6.2162918145499138 -156.6407805796247 43.057963322289289  -0.24663530591616159 0.21285835762686497 48.010303848011247 -12.668642363039181  0.15321963668388677 0.01544312060611195 0.33355423228399844 -4.4501013206022435 2.2634168967151709  -0.27559650935463653 1.0892737523054166 -99.469729808927525 26.046508802863539  -2.2173668743156498 2.1979165466746582 -0.086153424608079385 -8.8629099691403095 3.7601576014785678  11.941410267681704 2.517807779251541 -11.203730467552669 -7.0125389440838264  -0.29994148871420129 -3.6642658152072958 1.1681707716093854  -0.75699846954257421 -0.301199559328866 0.031061221447930623 0.66875191837154946  0.043967698334346751 0.052177823003739479 0.051774860714563435 -1.7697985849028557 0.28754321880219325  -2.0919976697868461 0.098111872937547251 -0.31455212762911683 0.41395017749925389 1.9298613796736939  0.54128237282411928 1.8096551587291061 3.955481247517628 4.4025184638017434 -30.045911730774971 6.726335834733618  0.19941485715107776 1.6245857939080453 -1.2738266174430466 2.3168818444204136 -43.90568161851261 20.751288717615537  -36.234270151648346 5.7058608963845474 -190.57088375268506 49.126058629329783  -21.712086759386512 4.8287041256689918 1197.898629117012 -320.617817568779  -31.619352733663984 7.7784456604669687 1599.3731556423008 -424.22027543298901  0.17193569370510461 0.21470597695251092 -4.8248528227108185 2.4628593634064604  -6.3028493509199963 10.661888689497211 -0.99493258532218087  -77.155997335364603 76.377676282166121 -81.256386883025698 2.4270186698472687 3.5932496992237932  13.570127251461424 -11.871974079288734 12.178316825677051 -4.0047462778866478 1.0157909293110834  
shrinkage=0.1


Tree=39
num_leaves=31
num_cat=0
split_feature=9 8 8 9 9 4 1 1 2 4 1 9 9 4 1 4 4 0 5 9 7 4 4 1 6 4 1 4 0 1
split_gain=7.13053e+06 5.80939e+06 2.25157e+06 1.37176e+06 1.22349e+06 864758 548785 548440 918244 535648 532859 523867 871201 554046 811843 1.54133e+06 523568 485147 471869 601221 480453 564344 793496 503574 795470 606559 737864 445943 677115 477472
threshold=7.2904188530753844 3.0000000000000004 3.0000000000000004 7.4106646516368597 6.8934727463946492 4.6563356515368231 6.8303339860793031 6.16226106286486 5.328280535977008 3.5040265001487509 6.4823422403668163 6.6727184231314114 6.9324868249076692 2.2242581879713579 6.4559841094561436 1.0000000180025095e-35 6.3017023852040754 0.89587973461402759 1.0000000180025095e-35 6.9501919588448233 5.6057312541603581 5.4816795064439043 6.2255475492814139 3.9219243190762363 6.2538575714632731 5.772996334337213 6.1125747596674556 1.0000000180025095e-35 1.2424533248940002 6.2075829764107793
decision_type=2 2 2 2 2 2 2 2 2 2 2 2 2 2 2 2 2 2 2 2 2 2 2 2 2 2 2 2 2 2
left_child=2 3 11 7 -4 6 -3 8 -2 27 18 -1 -13 14 15 17 -7 -14 19 -6 21 -20 -23 24 -22 26 -25 28 29 -5
right_child=1 5 4 9 10 16 -8 -9 -10 -11 -12 12 13 -15 -16 -17 -18 -19 20 -21 23 22 -24 25 -26 -27 -28 -29 -30 -31
leaf_value=-1.2853754663075163 3.9540603334411806 1.2298775265392607 -0.44292907567609818 -4.5052689719161245 10.447197497322923 2.548366277006135 3.6483827467643168 0.84042657831990175 15.85549852590303 0.6764876086089574 2.041167821133465 13.736126999627977 -7.2596794252280237 -0.4054574525168021 0.5341959208938849 -1.3559549683049661 -0.62569961829379039 0.47069461358490811 0.61500938877515055 -2.0289475507159249 -1.5727062496373523 4.0678207690425472 -1.3851795692228328 2.8482328432263522 0.86158461588471114 -3.9635567353321957 -1.6688586673517691 -0.34821918555210502 15.423175650835038 1.5122086401496615
leaf_weight=25586 523 17619 32775 613 40 12623 991 462 74 5356 2062 42 639 19945 1634 4869 542 93 10661 1124 3481 1084 354 1448 2185 208 482 24768 20 168
leaf_count=25586 523 17619 32775 613 40 12623 991 462 74 5356 2062 42 639 19945 1634 4869 542 93 10661 1124 3481 1084 354 1448 2185 208 482 24768 20 168
internal_value=0 0.839765 -0.492251 -0.111652 -0.0499352 1.79744 1.35867 3.42734 5.42928 -0.232842 0.506958 -0.960498 -0.655145 -0.677383 -1.42701 -1.99916 2.41769 -6.27754 0.356792 -1.60021 0.471245 0.865838 2.72543 -0.140517 -0.633962 1.16718 1.72013 -0.423322 -2.74559 -3.21086
internal_weight=172471 63759 108712 31984 55904 31775 18610 1059 597 30925 23129 52808 27222 27180 7235 5601 13165 732 21067 1164 19903 12099 1438 7804 5666 2138 1930 25569 801 781
internal_count=172471 63759 108712 31984 55904 31775 18610 1059 597 30925 23129 52808 27222 27180 7235 5601 13165 732 21067 1164 19903 12099 1438 7804 5666 2138 1930 25569 801 781
is_linear=1
leaf_const=0 0 0 0 0 0 0 0 0 0 0 0 0 0 0 0 0 0 0 0 0 0 0 0 0 0 0 0 0 0 0
num_features=2 4 4 2 4 3 3 4 3 4 3 3 2 3 3 4 4 3 4 6 3 6 6 5 6 6 6 6 3 3 4
leaf_features=8 9  1 2 8 9  1 4 8 9  8 9  0 1 8 9  1 8 9  4 8 9  1 4 8 9  1 8 9  1 2 8 9  4 8 9  1 8 9  8 9  1 8 9  4 8 9  1 4 8 9  1 4 8 9  4 8 9  0 1 8 9  1 4 5 7 8 9  1 8 9  1 5 6 7 8 9  1 4 5 7 8 9  4 5 7 8 9  1 4 5 7 8 9  1 5 6 7 8 9  1 4 5 7 8 9  1 4 5 7 8 9  4 8 9  0 8 9  0 1 8 9  
leaf_coeff=0.56613764385706422 -0.37892313417321477  -1.5989227038386162 0.3312056816854238 182.19301722524688 -48.625811418355447  0.067739726622735932 0.26549238857572266 -2.2574470624051175 1.2500530184297531  -0.73577882203834977 0.39533812586898309  9.2622124878949759 -0.45605155890261817 36.217741075786762 -10.89215474947123  2.0481381957884879 234.51700716037305 -135.37363000391051  0.58213696299367257 -6.9858465141907802 3.666304376360495  -4.3492954203451522 0.52966634176027583 90.789996045571755 -44.296440584654924  -0.73202078865310805 143.45002313836886 -38.343594929097165  -30.420591426020838 14.906604037607032 99.530962018296123 -12.46613052096218  0.038428173837428407 8.2582955852485611 -2.1397644582222712  0.57125524170254494 -11.848627676803517 6.3930306168729665  454.84710170240146 -129.79576010905438  1.6710966576267525 -20.495956301044501 3.4933277032443586  0.23797185411719363 -2.6947252942812159 0.59269385200368563  0.10055737449944929 -0.64669057599421942 19.417898051724478 -5.4202065346477415  0.34091444289374684 -0.68120661236485747 1.8552995952268247 -0.59883282726268594  12.732963488575933 -36.763405051443264 8.5417179121504887  4.2453306954182919 -2.4548358837070974 12.085944715812639 -2.2008191169838938  0.033254878653590357 0.32174271599715676 0.14382187830715551 -0.40744361940689261 -3.8173560008743155 2.1476194176981607  0.50792517669945314 0.29936405423613904 -0.83749685045186206  0.026686951182459496 0.16193251316129109 1.4624942263478502 -4.2770250714627371 -3.9329886221554262 3.9229983930509662  -1.712211430953029 -0.83872769524242163 0.63866291507219453 -18.02552341726755 13.773320420187884 6.5137205758739585  11.032859230151258 1.7040442433439353 32.583909182191931 -72.646143089363974 2.0703209906498161  0.40706030518608149 -0.81768441534927661 -0.52912246926899797 -2.77861428709291 5.0968279077533225 0.75982963461392505  -0.91941282047934869 0.93085935876746406 0.69509853346751249 1.0168756418545186 -9.3576365594932209 2.4932186146810182  2.6707487664479119 40.682930091192389 -41.900824536729942 0.05575888756029599 42.220182883414786 9.5094218423480932  18.727511510823742 4.6409082873225316 -2.0866717358176174 13.634512552530987 -38.647903924612187 -5.9422737560188583  -0.065595544379253565 -2.737538447685802 0.70902043085516198  5.5946621613293246 -140.97672615116463 38.752173440193296  -0.24803650742649097 0.98034657151429205 -89.522769835754303 23.441861213950325  
shrinkage=0.1


Tree=40
num_leaves=31
num_cat=0
split_feature=9 8 4 9 1 4 9 1 2 4 9 0 0 4 0 6 3 9 1 7 7 1 1 9 9 9 4 4 2 7
split_gain=5.77601e+06 4.71618e+06 1.95862e+06 962760 946492 1.73803e+06 792920 745504 785151 700454 659567 571339 541555 454928 454806 459721 487928 574793 464409 637381 590816 491419 447898 562021 701771 603276 934525 506364 486478 607995
threshold=7.2691086197132186 3.0000000000000004 3.5040265001487509 7.426949540347044 4.9938224302714262 1.0000000180025095e-35 6.9243867772124252 5.5154408213148463 4.5235968972841354 4.6563356515368231 7.3995532830161315 0.89587973461402759 0.89587973461402759 3.5040265001487509 1.2424533248940002 5.4206732544923026 4.2011151152543027 7.4266099269768651 3.1132683346437333 5.6629688250523982 6.0107542087008143 6.2075829764107793 6.5896137628651035 7.4271755523508984 7.4271313124684308 7.512612293208039 5.2793885452699181 6.2255475492814139 4.2071740140620308 5.6332349431874329
decision_type=2 2 2 2 2 2 2 2 2 2 2 2 2 2 2 2 2 2 2 2 2 2 2 2 2 2 2 2 2 2
left_child=2 3 4 7 5 12 -4 8 -2 14 11 -9 -1 -5 15 16 17 -3 19 -17 -21 -20 23 24 -11 27 -27 -25 29 -26
right_child=1 9 6 13 -6 -7 -8 10 -10 22 -12 -13 -14 -15 -16 18 -18 -19 21 20 -22 -23 -24 25 28 26 -28 -29 -30 -31
leaf_value=-6.3516146138415372 3.6842427039533754 15.500401333525131 -0.31311254426340301 -0.41743471703017082 0.011452183757075129 -0.92789817091854665 0.51966010858488543 7.6148060734035417 22.810112792524425 3.5301647688849616 -4.5206160205051242 0.47768189990272125 5.7450741352179122 0.60264852688689652 3.0794667307837784 1.3199257695157653 -11.374777236282826 -0.41728314169918201 3.0254215706371701 -1.04937680149285 4.4229376836654248 0.36183634930590364 4.9562114887301991 3.8094870465790884 1.1419707180350087 2.2625793409707606 -2.5112233481139503 0.83670393832501144 3.0950860999379342 -1.7007048771188069
leaf_weight=725 881 23 26702 25011 11312 49573 19995 131 22 1040 227 780 39 5298 1232 9907 40 1660 2494 2077 218 959 555 3729 2064 2781 481 677 654 1184
leaf_count=725 881 23 26702 25011 11312 49573 19995 131 22 1040 227 780 39 5298 1232 9907 40 1660 2494 2077 218 959 555 3729 2064 2781 481 677 654 1184
internal_value=0 0.752378 -0.445057 -0.0975591 -0.815099 -1.00085 0.043469 2.0047 4.15021 1.6177 0.302242 1.50399 -5.73411 -0.239125 1.2228 1.09117 -0.459183 -0.199751 1.2618 0.972066 -0.529567 2.28567 2.17592 2.05355 1.22196 2.58951 1.55866 3.35271 0.60676 0.105724
internal_weight=172471 64125 108346 32350 61649 50337 46697 2041 903 31775 1138 911 764 30309 18610 17378 1723 1683 15655 12202 2295 3453 13165 12610 4942 7668 3262 4406 3902 3248
internal_count=172471 64125 108346 32350 61649 50337 46697 2041 903 31775 1138 911 764 30309 18610 17378 1723 1683 15655 12202 2295 3453 13165 12610 4942 7668 3262 4406 3902 3248
is_linear=1
leaf_const=-49.491664048934766 0 0 -2.3069584707533752 0 -14.238694902600816 -4.425125798881254 -14.430597881748691 0 0 0 0 0 31.830981843805059 0 0 0 0 0 0 0 0 0 0 0 0 0 0 0 0 0
num_features=2 4 4 2 3 3 3 2 3 4 3 3 4 3 3 4 7 5 6 6 7 6 6 4 3 5 3 3 3 4 5
leaf_features=1 9  1 2 8 9  0 3 8 9  4 9  4 8 9  1 4 9  1 4 9  4 9  1 8 9  1 2 8 9  4 8 9  1 8 9  0 1 8 9  0 1 9  4 8 9  0 4 8 9  0 1 4 6 7 8 9  3 4 6 8 9  0 3 4 6 8 9  0 1 4 6 8 9  0 1 4 6 7 8 9  1 4 6 7 8 9  0 1 4 6 8 9  1 4 8 9  4 8 9  1 2 4 7 9  1 4 9  1 4 9  4 8 9  1 2 4 9  1 2 4 7 9  
leaf_coeff=-0.93047017858008307 6.7489973545090836  -9.463846633477079 11.975263251156504 74.479391788225627 -19.624702771892771  4038.5711450427771 -435.32185036488812 7124.4184296652675 -4214.0536283824595  0.12798702021482491 0.22287967443579931  0.11258707439778029 -8.1219175670732522 2.0769818246699288  0.75980093769005008 0.61200914890372626 1.237566086744238  0.039549337653259013 -0.17505242828898515 0.57952934934362477  0.28076770978853888 1.91681305438633  -14.047761833361415 309.29107364104129 -70.961437098565511  -56.888580340391492 31.902246871265653 1.2420504204928875 21.184927359223366  -3.7457658845320112 33.985017637629063 -14.780689619993792  7.6489177479976211 -345.91108350716536 86.270247686095544  -0.82601486721218864 1.8412051219710521 -61.780069971608469 15.453411823359785  12.784389591039417 -3.6357355620554248 -3.8702127943235611  0.027122514731837556 6.759948055080895 -1.7425820975844546  0.075339916142911537 -1.0138618096612846 -53.300143627804943 29.368103100874578  -10.392366478348869 1.8946513179425155 0.61871217111148558 0.12395560184709496 -0.3555272468901336 6.3804166090834773 -3.3620518808653288  3.0741868890039772 -43.700937108052678 35.124513846004994 1056.1402529360728 -571.31338390664894  10.830391069889039 -3.9517714596790885 -1.2427519000571525 1.9583993743208159 16.96683843356368 -10.161515952961054  -1.0674068755501822 0.64452165861250144 0.1687515190892441 -2.0187165297896854 -32.107211613911204 18.835062660754193  -7.9234081561418463 2.3013601270079564 -0.63437544438734295 1.5067312835721567 -1.0822569340133072 5.5618510117579723 -3.2835855092402202  -2.4742831280388149 1.782612631158645 -4.125266262800392 -3.4740289066724928 53.040608534612694 -22.06237366181449  1.1073930823207037 8.336926657920996 -0.89750217444457836 3.6831037961760007 -3.3826655586624841 -8.0840916163328078  1.0485255607185537 0.19255270333885824 79.7745455455035 -43.223247296377671  -2.8809982415376001 64.564888289570817 -31.888956139050425  6.3171843942693613 -7.1854046504824858 -0.76414789838954111 -7.0246130059967982 5.9627972324968148  0.42941148226837528 2.0253199678384592 -1.0815964592118235  -0.018517414479400252 -4.0191645843058046 2.7004031691982622  -4.9310230984830925 110.93621310757008 -55.206118287122813  0.41069379255272909 -0.60294376777163172 -3.52517961415831 2.9552920812748429  -0.46330338276481203 0.98831690668656624 -0.2713967339267242 5.1936046854115379 -4.116191014159722  
shrinkage=0.1


Tree=41
num_leaves=31
num_cat=0
split_feature=5 9 9 8 1 6 1 4 9 4 9 8 4 1 6 7 0 1 1 1 2 0 4 0 4 9 1 1 9 9
split_gain=4.77679e+06 2.52919e+06 2.24024e+06 1.28473e+06 814822 1.27827e+06 795236 2.40735e+06 1.0293e+06 779579 712081 707035 682558 914324 1.26971e+06 1.52408e+06 717333 1.23005e+06 678620 655282 637187 578887 552331 689481 686622 777566 546737 508266 501743 495123
threshold=10.498904752911189 7.0802787666761651 7.2577269458540963 3.0000000000000004 4.8713658868283671 1.0000000180025095e-35 5.9545403518763083 1.0000000180025095e-35 6.1003517537352172 6.3017023852040754 7.426949540347044 3.0000000000000004 5.4816795064439043 3.6762205501217919 6.3143525444944268 5.5874247620399418 1.0000000180025095e-35 6.2156070997535293 5.5154408213148463 7.0694487775184163 4.5235968972841354 0.89587973461402759 6.1856939558159381 1.0000000180025095e-35 4.7295953278168996 6.1003517537352172 6.8117947363893867 5.5432204948189954 7.4053529440987464 6.9398282376286646
decision_type=2 2 2 2 2 2 2 2 2 2 2 2 2 2 2 2 2 2 2 2 2 2 2 2 2 2 2 2 2 2
left_child=2 22 4 10 5 -1 7 21 -9 12 18 -10 13 14 15 -3 -14 -18 20 -8 -4 -6 23 24 25 -2 -25 -5 -20 -7
right_child=1 9 3 27 6 29 19 8 11 -11 -12 -13 16 -15 -16 -17 17 -19 28 -21 -22 -23 -24 26 -26 -27 -28 -29 -30 -31
leaf_value=-5.0601382765625935 1.8188098245639079 1.7501657311072714 3.2996242954355588 0.68318351038797986 -3.9438828567835658 -1.0213435853063551 -0.84959480972358881 -0.85717376206210472 1.4611650326838994 -1.4296682915356504 -0.23820101459933671 4.155127412402952 2.9864948112845084 2.9158125068130571 1.8953483972896898 -1.4450918344520876 -3.2234117814201593 3.9462814705179059 0.9943487275724433 1.0276129896458435 20.529101173444229 5.7639490604400638 -2.3824045315199234 -1.1057786704468899 1.2089137245359265 -0.98825107348885965 1.7394482879636763 2.0450369121720708 -4.2938574400402256 -0.44634493375693074
leaf_weight=698 1317 2629 882 11090 1117 32453 11373 1434 3627 821 29995 1332 5699 3068 7246 3454 526 439 1232 2223 22 65 883 5035 7438 3936 780 3640 210 27807
leaf_count=698 1317 2629 882 11090 1117 32453 11373 1434 3627 821 29995 1332 5699 3068 7246 3454 526 439 1232 2223 22 65 883 5035 7438 3936 780 3640 210 27807
internal_value=0 0.909511 -0.304427 0.245604 -0.619669 -0.805295 -0.0851934 0.735898 1.50244 1.59838 -0.106973 2.18477 1.70618 1.35935 1.00109 -0.0641396 2.55956 0.0382414 1.57086 -0.542664 3.71893 -3.41003 0.0610154 0.177601 0.590774 -0.284482 -0.724132 1.01972 0.224222 -0.75601
internal_weight=172471 43271 129200 47071 82129 60958 21171 7575 6393 23882 32341 4959 23061 16397 13329 6083 6664 965 2346 13596 904 1182 19389 18506 12691 5253 5815 14730 1442 60260
internal_count=172471 43271 129200 47071 82129 60958 21171 7575 6393 23882 32341 4959 23061 16397 13329 6083 6664 965 2346 13596 904 1182 19389 18506 12691 5253 5815 14730 1442 60260
is_linear=1
leaf_const=-36.018432711040809 0 13.142906055162895 0 0 -49.454194066819767 2.8367535522767868 -7.0051108809274414 0 0 -196.69922788256082 0 0 12.206630595275783 7.0453607623814607 -28.112301414975082 -25.39845130540489 85.199446233600611 84.693488863494721 0 -7.2837019151309512 0 75.411307787075927 -54.050760926470687 15.254531310246239 -8.554962404848812 -24.320050012132562 -26.944807055764251 0 0 -7.576525519174357
num_features=2 3 6 5 4 2 4 3 4 5 3 3 5 3 4 5 6 5 5 3 3 4 3 3 5 3 3 5 4 3 4
leaf_features=1 9  4 5 9  1 4 5 6 7 9  1 2 5 8 9  1 5 8 9  1 9  1 5 6 9  1 5 9  1 4 5 9  1 4 5 8 9  4 5 9  5 8 9  1 4 5 8 9  4 5 9  1 4 5 9  1 4 5 6 9  1 4 5 6 7 9  0 1 4 5 9  0 1 4 5 9  1 8 9  1 5 9  1 2 8 9  0 1 9  4 5 9  0 1 4 5 9  4 5 9  4 5 9  0 1 4 5 9  1 5 8 9  1 8 9  1 5 6 9  
leaf_coeff=-0.86722596721586465 4.9482907137396985  2.7897618967768043 1.0626267297739787 -3.7587328334607264  -1.463387232542209 -25.306413944792197 24.702779814722888 -24.255535390282375 -9.5168192642035141 5.6449128708605718  -8.0389212763264375 9.0132379532002229 -0.47332162377551867 38.855737476423386 -9.4311463797814223  -0.011454304106503345 0.1829412301776781 -5.6623865265784845 2.9146453152581673  3.7580482671280153 3.5536409264816031  0.23846389818581601 -0.12888070895557782 0.19864963068437477 -0.65334864470721643  0.66238699001066836 -0.074501641217369227 0.37608812289403776  -0.8308690158738159 -1.1237817490371753 0.54262113216286711 0.44711126049705857  -0.45830845626948574 -0.42293964025438985 -0.33111052154659365 -3.6907685558613594 2.3381875037084798  12.563324735372589 4.3516765062758171 7.9756936151101403  0.15033531049483143 -5.827233316109778 1.3452642360032769  1.0608980286365381 -0.15179409424526399 -1.0614738933491992 2.4317684863462095 -0.065456955668059896  -3.7229526030228728 2.1496749259079482 -1.7879556879932352  -0.56605002207476218 4.4131911739488716 -3.6938060802156545 2.3982858841200141  -0.63964671147053886 -29.272686400693836 29.401256235757547 -29.371838088128403 3.961104565196365  0.78152938225826751 -51.670775002164923 51.718253858519986 -56.910724126857716 1.8379241540626936 6.1043187830166064  -0.13540674261247432 -0.70293163264942116 -4.5117278642908785 -4.7300658020045381 -0.40506315609382004  -1.2442837784125915 2.5402317723820946 3.5598321567842506 -8.0913464585304613 -2.9520266824813008  -1.3564723655852504 -39.794532692478974 12.330677732398909  1.5492853764679753 0.0020609866477421693 -0.52488001197469891  -51.19972046447802 28.712021967644706 1.1178686376661062 19.066427125781775  7.0195858959941404 -11.51440406370466 -2.052058775672049  4.8834031764679429 1.2442333992114074 0.75816470570322281  -0.083202724083594151 0.11153719655296897 0.60331251337693181 -2.5826799421712168 1.2880229035300717  -0.20292128478041321 0.82457950182310924 0.1900803499690028  -0.9646049995131194 0.53091424578012725 3.255166910911544  -0.38931039880358187 1.8879204533577649 0.5091435951482709 -2.2065977518555884 5.7598827850222509  -1.0525307790240732 0.096007904881858508 40.514819547787198 -20.623255370467088  9.7379581719942507 -845.28078528717162 219.18687107395382  -0.12816808806297716 0.073822615399251751 -0.28603248360706462 1.1782562679421063  
shrinkage=0.1


Tree=42
num_leaves=31
num_cat=0
split_feature=8 9 9 1 5 4 1 9 1 2 1 7 7 1 7 4 1 1 9 9 2 1 9 9 1 9 0 9 0 4
split_gain=4.09535e+06 3.7009e+06 921159 680437 693132 840224 920314 563180 549683 516122 501632 1.12024e+06 811701 795034 1.06904e+06 572881 493587 443199 691600 774308 555489 439464 456486 422447 410254 408744 469383 396794 393946 384859
threshold=3.0000000000000004 7.0802787666761651 7.2577269458540963 6.7861522978065061 11.536358748162124 6.2407629372696922 2.8617925509761908 7.426949540347044 5.5154408213148463 4.5235968972841354 3.6762205501217919 5.6573752444964773 5.9671746234497354 5.9335696915338003 5.1020931031822991 3.9367037201970088 6.8303339860793031 6.4126386124386281 7.4952901757430377 7.4579410283239875 6.5330615650778467 6.6392218114965287 7.4898695508201714 7.512612293208039 6.2156070997535293 7.3995532830161315 0.89587973461402759 6.6602263132402717 1.0000000180025095e-35 1.0000000180025095e-35
decision_type=2 2 2 2 2 2 2 2 2 2 2 2 2 2 2 2 2 2 2 2 2 2 2 2 2 2 2 2 2 2
left_child=2 16 -1 4 10 6 -6 8 9 -4 11 28 15 14 -12 -13 29 23 19 -19 -20 -21 -23 -15 -8 26 -10 -18 -3 -2
right_child=1 3 7 -5 5 -7 24 -9 25 -11 13 12 -14 17 -16 -17 27 18 20 21 -22 22 -24 -25 -26 -27 -28 -29 -30 -31
leaf_value=-0.75624406049742232 -1.810795322551169 1.080018257698832 2.9696637943938224 2.9697548527582924 2.2948647540104559 -1.1148291633242653 -3.6795394072151129 -0.19445814057457489 6.583510580590664 18.476191344044427 -0.85753418949986127 0.48256459717041883 3.6084944388166593 -1.5648407359653367 3.2320098978601437 -1.8355629735085632 -0.93342738819147764 2.3046875004877565 1.0094021896576748 25.565482363700866 -5.6351357407483862 16.611377127417203 -2.0329673131306967 1.6313836608270202 2.2711137625484756 -3.6932961652982605 0.2462482959765776 2.3901342173710272 -0.77359352965422767 -0.17521675018018842
leaf_weight=52137 1491 16903 882 1932 8803 924 389 30309 131 22 789 1593 402 1361 3367 3223 498 1117 358 20 194 29 24 594 165 227 1084 1289 1230 40984
leaf_count=52137 1491 16903 882 1932 8803 924 389 30309 131 22 789 1593 402 1361 3367 3223 498 1117 358 20 194 29 24 594 165 227 1084 1289 1230 40984
internal_value=0 0.479323 -0.495394 1.1353 1.04987 1.76199 2.04607 -0.0789195 1.41377 3.34704 0.815247 0.582731 -0.708448 1.50664 2.45563 -1.06879 -0.164135 0.439824 1.59973 2.95679 -1.32582 12.9349 8.16866 -0.593712 -1.90723 0.201799 0.929525 1.46393 0.954284 -0.23263
internal_weight=172471 87679 84792 43417 41485 10281 9357 32655 2346 904 31204 23351 5218 7853 4156 4816 44262 3697 1742 1190 552 73 53 1955 554 1442 1215 1787 18133 42475
internal_count=172471 87679 84792 43417 41485 10281 9357 32655 2346 904 31204 23351 5218 7853 4156 4816 44262 3697 1742 1190 552 73 53 1955 554 1442 1215 1787 18133 42475
is_linear=1
leaf_const=0 0 0 0 0 0 0 0 0 0 0 0 0 0 0 0 0 0 0 0 0 0 0 0 0 0 0 0 0 0 0
num_features=2 3 4 4 3 5 5 5 2 3 4 5 6 5 4 5 6 3 4 5 3 4 3 3 3 5 3 4 3 6 4
leaf_features=8 9  1 8 9  5 7 8 9  1 2 8 9  1 8 9  1 4 5 8 9  1 4 5 8 9  1 4 5 8 9  8 9  1 8 9  1 2 8 9  1 5 7 8 9  1 4 5 7 8 9  1 5 7 8 9  1 5 8 9  1 5 7 8 9  1 4 5 7 8 9  1 8 9  1 5 8 9  1 2 5 8 9  1 8 9  1 5 8 9  1 8 9  1 8 9  1 5 9  1 4 5 8 9  1 8 9  0 1 8 9  1 8 9  0 1 5 7 8 9  1 4 8 9  
leaf_coeff=-1.6314292455840134 0.37136320559662295  1.7977558825155784 -23.079424135502634 11.766973030699411  0.47254130695399721 -0.3934711339337098 -3.9164363289499309 1.8975042632599981  -7.4524523257277906 9.4542804805005289 31.519128677295523 -8.118592584005091  -0.64084089070213401 -0.088879756058304338 1.0942871297927923  -0.43366417263889617 0.0479813710355586 1.0563848265407316 -6.7273848437896966 2.1986593582059868  1.0941560409199347 6.6441539635663958 4.371388941344529 -41.754876785984017 9.1955593705743013  -0.9431456432805192 -4.0270548512152349 -6.9576868832272343 31.723286756969173 -2.6912038189067973  -2.8642120061653262 0.74003297353610842  -12.507338432254052 282.34141990132633 -65.098361238883811  -46.079748982557796 25.840820069009624 1.0060242958366872 17.159800175949933  3.0029406766531244 -1.5582457727872361 2.5422565538179906 -7.1939144138055786 1.6824368464453983  -0.21704324550699888 1.2099270814864171 -0.73254251923830227 -0.47086810608174123 1.8492598102014199 -0.089918156800877114  -0.46660011808814944 1.3219562765102484 -2.6078673960969625 -5.384647504956229 3.6547292134539022  -5.4547646381616239 0.038874443957294606 -4.4236038950577496 6.7423883170311463  0.86239091849565463 0.70606227688786594 -0.97895748763053525 -8.6769891995252699 4.3165328655610216  0.87673363242370328 -1.7033367520882452 2.2518738733342731 -4.9763471692162176 -3.6152786323767945 3.2492159549683493  -0.48344060916903975 1.390960102787085 -0.49567955440411426  -3.8889829965595255 0.049540709455268943 2.9826646832232657 2.1340026090412723  -2.9287419726078951 0.24717681850422651 1.7078819570586348 4865.7495466426017 -2590.5494268752636  -12.857125503616409 -459.71953025236729 260.43778277747333  7.3593534051207827 1.5750653300550768 1522.5373834729196 -819.7282239139081  759.10930821821103 -4925.6502566695217 1959.9685778170824  -635.87712700734846 13991.003257383407 -6905.1127462625509  -3.4949361326999679 0.39954855868080874 2.6142978280568969  0.55924494911970446 8.3082834187866421 -11.014535298243572 25.745994628806514 -3.1232129665475443  6.087140248547076 -304.90766170881687 76.62998586315662  -0.70072105524654948 1.4490960791183853 -56.588809022284117 14.332980532778311  -0.25199670450142836 10.420553112209745 -5.4841070330363442  2.0672107806016982 1.3164392823091313 -1.1637230674986385 2.2915092656062059 -0.77927584385888626 -0.49916972492683276  0.016341834161515523 0.037397044650893066 -0.89932321328585241 0.50291872501999535  
shrinkage=0.1


Tree=43
num_leaves=31
num_cat=0
split_feature=8 9 9 1 5 4 1 9 6 1 7 7 7 1 2 9 3 1 4 4 0 4 1 5 9 9 1 4 1 4
split_gain=3.31723e+06 2.99773e+06 746253 551154 561437 688896 732989 426023 489307 412139 1.08595e+06 720966 660959 755066 628899 1.06084e+06 498356 399805 399470 388885 497887 765723 377262 574016 536405 1.26419e+06 375505 588982 367695 365547
threshold=3.0000000000000004 7.0802787666761651 7.251902152643833 6.7861522978065061 11.536358748162124 6.3017023852040754 2.8617925509761908 7.426949540347044 6.7995719998986788 3.3140206880897671 5.6629688250523982 5.9671746234497354 5.1618305990269642 5.9335696915338003 6.4528369766649591 7.5026921405591702 5.4294688732613965 6.8303339860793031 4.1311504708937248 2.2242581879713579 0.89587973461402759 1.0000000180025095e-35 3.3497501700808394 1.0000000180025095e-35 7.4271755523508984 7.4910701546146923 5.5740515676620417 5.3435289956635019 6.2156070997535293 6.5865163635894595
decision_type=2 2 2 2 2 2 2 2 2 2 2 2 2 2 2 2 2 2 2 2 2 2 2 2 2 2 2 2 2 2
left_child=2 17 19 4 9 6 -6 8 -4 10 -3 18 14 26 16 -16 -11 -2 -12 20 21 -1 23 -9 -25 -26 -14 -28 -8 -7
right_child=1 3 7 -5 5 29 28 22 -10 12 11 -13 13 -15 15 -17 -18 -19 -20 -21 -22 -23 -24 24 25 -27 27 -29 -30 -31
leaf_value=-3.7927582711394003 -0.20936750561537429 0.86005547659508841 0.6188911128201724 2.672779364200641 2.0496182061090336 -2.4061694573351402 -3.3328154045853275 -11.40450757317879 4.6550307513645723 -0.97390553795079249 -0.038429006311564762 3.2136011234158532 2.0977072548730695 0.52460313097072053 5.653242434453273 -14.146983049710592 -12.580310436926391 1.3175336055974589 -2.0323851600342082 -0.52715932833986812 0.80838964661282775 -1.0900062565512938 0.48272556731195726 -1.004346172376904 3.2507845894038248 -0.24929293013856524 4.8444766565927395 -6.9842614997516979 2.1934205986171791 2.4768163942823223
leaf_weight=1168 42475 18160 2118 1932 8891 617 396 47 350 1399 1661 397 2895 2789 276 30 38 1787 2543 39465 1159 10223 6772 8044 1112 14334 972 44 173 204
leaf_count=1168 42475 18160 2118 1932 8891 617 396 47 350 1399 1661 397 2895 2789 276 30 38 1787 2543 39465 1159 10223 6772 8044 1112 14334 972 44 173 204
internal_value=0 0.431391 -0.445854 1.02177 0.944885 1.58579 1.82694 -0.0721352 1.19128 0.733722 0.512377 -0.859897 1.33043 1.78172 -0.40428 3.71204 -1.28083 -0.147722 -1.24457 -0.681351 -1.16623 -1.36714 -0.175012 -0.364255 -0.342165 0.00268727 2.67819 4.33221 -1.65261 -1.19286
internal_weight=172471 87679 84792 43417 41485 10281 9460 32777 2468 31204 22761 4601 8443 6700 1743 306 1437 44262 4204 52015 12550 11391 30309 23537 23490 15446 3911 1016 569 821
internal_count=172471 87679 84792 43417 41485 10281 9460 32777 2468 31204 22761 4601 8443 6700 1743 306 1437 44262 4204 52015 12550 11391 30309 23537 23490 15446 3911 1016 569 821
is_linear=1
leaf_const=0 0 0 0 0 0 0 0 0 0 0 0 0 0 0 0 0 0 0 0 0 0 0 0 0 0 0 0 0 0 0
num_features=2 3 5 3 3 5 4 5 3 3 7 6 5 5 5 4 4 7 3 6 3 4 4 3 4 3 4 6 6 5 4
leaf_features=8 9  1 8 9  1 5 7 8 9  6 8 9  1 8 9  1 4 5 8 9  4 5 8 9  1 4 5 8 9  1 8 9  6 8 9  1 2 3 5 7 8 9  1 4 5 7 8 9  1 5 7 8 9  1 5 7 8 9  1 5 7 8 9  2 5 8 9  2 5 8 9  1 2 3 5 7 8 9  1 8 9  1 4 5 7 8 9  4 8 9  0 4 8 9  0 4 8 9  1 8 9  1 5 8 9  5 8 9  1 5 8 9  1 4 5 7 8 9  1 4 5 7 8 9  1 4 5 8 9  4 5 8 9  
leaf_coeff=12.1386941004439 -4.0465881003757209  -0.012342560389967372 -0.64685548301800111 0.3694510291794359  -0.55124202457062577 0.30947904832953749 -0.28675617112692697 -3.404500341116 1.7482732968344863  0.10176830550959721 -2.3023619465289813 0.69051127288003045  -0.57675680118172756 -0.079991776527458577 0.9848584137846047  -0.36381115124904118 -0.079477108007779407 1.0765566442752104 -6.110401801084663 1.8954090547957094  -4.2996230003969647 3.8539401898093404 -20.085090506845884 7.7538895788482485  -0.86568683737578722 -3.2342483682436409 -6.5261809150522598 29.285317279353333 -2.6930078112716731  -2.4584739633093706 -118.35160697242246 30.924762750288938  6.6103338279424868 149.18658603234218 -45.843200513022026  19.293002167373665 -18.320398435601472 -5.2586903568557481 -1.6161995549290431 3.5707451856074983 -3.5049684028581396 1.009269861276789  -0.49540366233740435 0.5714690163145717 -0.35596650769553984 1.7245491974821527 1.5120126476504367 -1.8953428107944774  -1.3900815406476115 1.0938001281059868 -2.6866011134826189 -2.2777887976662896 2.3330659647868743  0.13889276749931198 0.69760598591373091 -1.0747417672865838 -7.0625264228325255 3.8799672550729158  1.8675579406951479 -0.39725994954277227 0.038763290597859171 -8.5731412649444803 3.616961718068251  -29.358774729753716 -0.61379835430665541 33.574444895225319 8.8108332401476215  -31.732645775377751 0.53287458569975577 -3992.7392347574237 2153.5078651428225  -20.680808779368455 -26.931068767879516 54.402327753064498 1.8546601977141108 -3.6884213291768901 -72.080374051124096 34.218324621344799  0.14663091965500427 -3.9556872308949553 2.4182585027427081  0.8221105626425701 -1.296982453683188 2.6962592852004947 -5.2644074926453133 -7.1969752143002559 4.5029512095085016  0.16604196091983869 -2.6288752987209936 0.61922766404166518  -0.28972660266668981 -0.93866312762030479 5.0984165371027759 -1.2396670176827003  0.83501619713418052 -0.34305246597621714 0.92104305837353884 -0.37849346752069551  -0.18153044619154779 46.230892491617126 -12.176612227935767  0.10337970986147411 -0.52641196366457732 29425.957421875002 -7923.3920410156252  -4.0076360229499191 260.0106448357925 -63.994414066895843  0.044566478681019817 0.094653143870846182 -67.915865367278457 17.932767166243867  0.69328582286321994 0.99766987741350022 0.23171525700554413 1.2587637722410365 -5.0554716212376665 0.99773779614079106  -37.229953710958675 -24.310321062036749 -1.6000203236513244 7.9285426167843589 36.505095553844875 22.784107604776366  1.0487396338435644 11.469960812818 -12.713593988752018 23.809796884930257 -2.3287873630668403  -5.2801780040201267 7.3163883866021031 26.75049997165188 -21.940344089210704  
shrinkage=0.1


Tree=44
num_leaves=31
num_cat=0
split_feature=5 9 9 1 8 1 4 8 0 1 4 5 1 7 9 9 4 9 9 4 4 5 9 6 9 1 6 9 5 1
split_gain=2.74049e+06 1.31748e+06 1.19109e+06 657500 651282 523245 2.41293e+06 1.0994e+06 983110 822750 458732 683387 446107 499386 439386 500049 440000 434851 412337 402433 526976 411481 382524 386964 368640 399809 358328 357144 336165 348306
threshold=10.498904752911189 7.0802787666761651 7.2577269458540963 3.7256208424938388 3.0000000000000004 6.1213951142326692 1.0000000180025095e-35 3.0000000000000004 0.89587973461402759 6.4126386124386281 5.9545403518763083 11.66942053587268 6.6392218114965287 5.5866141865830095 7.4271755523508984 7.512612293208039 5.32422800653735 6.9454859591542002 6.6462139788867924 6.2255475492814139 5.7945356795747589 12.071723775988946 7.426949540347044 6.8533970926801766 6.1003517537352172 4.8481086751891054 1.0000000180025095e-35 6.1003517537352172 9.8197526199467209 6.1727433506564262
decision_type=2 2 2 2 2 2 2 2 2 2 2 2 2 2 2 2 2 2 2 2 2 2 2 2 2 2 2 2 2 2
left_child=2 10 3 17 22 6 8 24 -5 28 11 -2 13 19 -15 -16 -17 26 -11 20 -3 -21 23 -4 -8 -26 -1 -9 29 -7
right_child=1 12 4 5 -6 9 7 27 -10 18 -12 -13 -14 14 15 16 -18 -19 -20 21 -22 -23 -24 -25 25 -27 -28 -29 -30 -31
leaf_value=-8.2132488381656223 -0.069654511760088314 1.5447138591420977 0.70761576153416084 -3.4988117744371863 0.72164282079464881 1.4605311593621793 -1.050651376762092 0.69756096436972337 5.2575827251741849 -1.0620909531991425 -1.3217694409657939 1.4986085910232265 3.3675786814470663 0.18036605381360449 2.50445735211059 1.0028446675242224 -2.5736767158025429 -0.35438718508008238 0.48911135514040538 -13.81295041623323 4.0356125505613418 -0.220683631029996 -0.17673989473213492 4.8846738426916065 -0.63052172344817459 1.1135945504336637 -0.89201651856098341 2.9613977023431666 -3.2576952061913538 -1.7256304583904853
leaf_weight=67 13818 8634 2098 1809 14730 420 1663 942 138 2464 2093 3478 902 7367 2252 2663 395 26678 5627 23 942 704 29995 248 1835 4632 30185 2678 1117 1874
leaf_count=67 13818 8634 2098 1809 14730 420 1663 942 138 2464 2093 3478 902 7367 2252 2663 395 26678 5627 23 942 704 29995 248 1835 4632 30185 2678 1117 1874
internal_value=0 0.688893 -0.230587 -0.46045 0.170476 -0.0351667 0.382409 0.922694 -2.87817 -0.532431 0.0764976 0.245703 1.18608 1.10045 0.68019 1.37364 0.540868 -0.648694 0.0167146 1.61754 1.78975 -0.6507 -0.0805583 1.14918 0.277236 0.618705 -0.908231 2.3723 -1.83502 -1.14229
internal_weight=172471 43271 129200 82129 47071 25199 13697 11750 1947 11502 19389 17296 23882 22980 12677 5310 3058 56930 8091 10303 9576 727 32341 2346 8130 6467 30252 3620 3411 2294
internal_count=172471 43271 129200 82129 47071 25199 13697 11750 1947 11502 19389 17296 23882 22980 12677 5310 3058 56930 8091 10303 9576 727 32341 2346 8130 6467 30252 3620 3411 2294
is_linear=1
leaf_const=267.68016927954744 -2.5926500183388157 -14.798818112030858 0 -34.818142101337436 0 194.25489782304504 0 0 52.307122917938251 -1.5450484828957998 -18.654522147590253 -34.42126536142532 7.5347639128740411 -15.135516366287085 117.58158926218749 0 0 -9.2780556841313224 14.732461617986793 -2067.950152154267 100.14553923537024 -25.343679301431987 0 0 0 0 2.9234238091173212 0 -81.058271302992949 16.044551297277213
num_features=2 3 5 4 2 3 3 4 4 3 3 3 3 3 4 3 5 5 3 3 4 5 4 3 4 5 5 4 5 3 3
leaf_features=1 9  4 5 9  1 4 5 7 9  5 6 8 9  1 9  5 8 9  1 5 9  1 4 5 9  1 4 5 9  0 1 9  1 5 9  4 5 9  4 5 9  1 5 9  1 5 7 9  5 7 9  1 4 5 7 9  1 4 5 7 9  1 5 9  1 5 9  4 5 7 9  1 4 5 7 9  4 5 7 9  5 8 9  5 6 8 9  1 4 5 8 9  1 4 5 8 9  1 5 6 9  1 4 5 8 9  1 5 9  1 5 9  
leaf_coeff=0.50937785816390713 -41.626740301499382  0.093676749315736357 0.33537871176089312 -0.24720044504821603  0.055920336523211489 0.36371633515782381 -0.20378051243390019 -1.1218210511011422 3.110949339231047  0.055367962962441203 0.055486170821157546 2.8706897138748904 -0.72076523658870428  1.7273769097660308 3.1854812153274907  0.034784786426008907 7.8092054192100484 -4.1209453973722701  -36.302611260057894 0.62734718696741043 3.9121852559698027  -0.94803124481308032 -1.2819797183621404 0.13181779722365264 1.2131353763025574  -0.65104014630112639 -2.2810301486065785 1.4147414987998106 -0.15623831799701976  6.3820609277478075 -1.7677979174730696 -6.6986709683647865  0.31399593068274501 -0.26277926629404508 0.14768091245807682  -2.9405119882041562 2.3362787461451719 1.0526682248529597  0.3291072019887622 2.3823315508325322 0.85324027917289413  1.0878082441339758 0.38536619613903444 -2.1727215086106297  0.24579751339908038 0.72068598153572916 0.69129018078128868 0.37822450437090538  -2.1465191869250702 2.5627341819619689 -13.921459018811584  0.57778193979860226 -1.3264806852651703 3.4787023611013868 2.0492754147976711 -5.8152010258183511  0.068388744262460929 -4.2849438129574082 2.6852817187709661 -10.810666746777134 6.8944790206813202  -0.26171316972619246 0.036901963453762933 1.2217611807862114  0.49663540122234623 -0.056104360326055772 -2.5008652918649208  -11.732071252027527 191.8846374485671 31.45332320444286 -46.435995271548748  -2.1462911703099508 -3.1779342278461629 -1.5157331999789223 -3.2370767311600503 -5.5072523473438197  2.7299197418615453 -1.7669427519823415 -4.838369487939417 7.6579851572122157  0.13448866476939153 -4.6378824170871669 1.0545101543121747  4.41369970998021 -0.84728806967250425 198.73922694418582 -58.056316793314181  -0.73388057296156362 2.5173865515042282 -1.3936779321070292 6.2983835935702928 -0.82354149896360695  -1.189917890446982 -0.4874311943608195 -0.10868089295969874 -0.66227142951734097 1.7367996850979353  0.073639286176386071 -0.12945543426951769 0.17084341253630556 -0.59779544111688665  1.1529408516207069 -0.040228582347501179 -0.88636363740146185 2.9059632459743625 -0.8575756693419635  8.7140191895421601 3.5190671027061402 -1.9439532105006039  -1.2743093146647881 -0.12497215235158521 -1.3319798600845161  
shrinkage=0.1


Tree=45
num_leaves=31
num_cat=0
split_feature=8 9 4 6 1 5 4 1 4 4 4 9 5 4 9 1 7 7 1 7 4 4 1 9 2 9 9 3 9 4
split_gain=2.26374e+06 1.94826e+06 545735 413865 403454 373195 525768 602408 552494 510165 448690 548746 423506 354500 341372 322577 836432 567871 478515 546840 390797 388592 328310 521221 497900 452765 406984 399298 328883 321253
threshold=3.0000000000000004 7.0802787666761651 3.2287771385162909 6.6523269313760158 6.7861522978065061 11.536358748162124 6.2255475492814139 2.8617925509761908 5.7945356795747589 5.6707422496362438 5.4816795064439043 7.4403503445942034 12.040729142229177 5.9545403518763083 7.251902152643833 3.3140206880897671 5.6629688250523982 5.9671746234497354 5.9622923416208602 5.1020931031822991 5.2270889563985365 4.3340120405594114 6.3944261760330408 7.4989406754145813 6.5330615650778467 7.4403503445942034 7.4904299414286815 4.3706979025376613 7.5113465454660266 3.9367037201970088
decision_type=2 2 2 2 2 2 2 2 2 2 2 2 2 2 2 2 2 2 2 2 2 2 2 2 2 2 2 2 2 2
left_child=2 -2 14 -4 5 15 7 8 9 10 11 -7 -8 -10 -1 16 -3 29 19 -17 21 -21 28 25 -25 -24 27 -27 -20 -18
right_child=1 4 3 -5 -6 6 12 -9 13 -11 -12 -13 -14 -15 -16 18 17 -19 22 20 -22 -23 23 24 -26 26 -28 -29 -30 -31
leaf_value=-0.7400136046652448 -0.11049937212721977 0.70367735369973061 -0.019040322221697169 8.2953439156214408 2.2448820055780572 -0.071336038379347683 -13.63607578277588 -1.6109108561616297 4.4834003437310459 -0.50366976315709866 3.5137352343722505 2.4379855104202353 -0.24251244788179749 2.0230580067774011 -0.24102788186918553 -0.51960684220566478 0.099937278088249468 2.8094204266065317 -1.6897778310223224 1.5867866320546227 -1.8374969638477674 3.6252939608871126 1.7458857250283171 0.66005498103085114 -5.7551958353004675 20.707111724217736 1.7450952083506484 3.3560784453437442 1.2225932398469392 -1.7599311994296856
leaf_weight=34804 44262 18160 27306 60 1932 1713 24 554 1024 1267 1110 1774 1447 1368 22622 860 1385 397 1178 2092 220 1691 1157 387 176 36 47 21 578 2819
leaf_count=34804 44262 18160 27306 60 1932 1713 24 554 1024 1267 1110 1774 1447 1368 22622 860 1385 397 1178 2092 220 1691 1157 387 176 36 47 21 578 2819
internal_value=0 0.356364 -0.368315 -0.000811021 0.832314 0.76653 1.28906 1.58127 1.79547 1.273 1.76268 1.20527 -0.461034 3.07631 -0.543447 0.594369 0.398545 -0.805802 1.12228 1.76821 2.25973 2.498 0.244852 1.18447 -1.34542 2.31399 8.63416 14.3146 -0.73115 -1.1472
internal_weight=172471 87679 84792 27366 43417 41485 10281 8810 8256 5864 4597 3487 1471 2392 57426 31204 22761 4601 8443 4863 4003 3783 3580 1824 563 1261 104 57 1756 4204
internal_count=172471 87679 84792 27366 43417 41485 10281 8810 8256 5864 4597 3487 1471 2392 57426 31204 22761 4601 8443 4863 4003 3783 3580 1824 563 1261 104 57 1756 4204
is_linear=1
leaf_const=0 0 0 0 0 0 0 0 0 0 0 0 0 0 0 0 0 0 0 0 0 0 0 0 0 0 0 0 0 0 0
num_features=3 2 5 3 3 3 4 4 5 5 5 5 5 5 5 3 5 6 5 4 6 6 6 4 5 4 4 3 4 4 6
leaf_features=4 8 9  8 9  1 5 7 8 9  4 6 8  4 6 8  1 8 9  4 5 8 9  4 5 8 9  1 4 5 8 9  1 4 5 8 9  1 4 5 8 9  1 4 5 8 9  1 4 5 8 9  1 4 5 8 9  1 4 5 8 9  4 8 9  1 5 7 8 9  1 4 5 7 8 9  1 5 7 8 9  1 5 8 9  1 4 5 7 8 9  1 4 5 7 8 9  1 4 5 7 8 9  1 5 8 9  1 2 5 8 9  1 5 8 9  1 3 8 9  1 8 9  1 3 8 9  1 5 8 9  1 4 5 7 8 9  
leaf_coeff=0.16419322701578995 -0.60271694627537054 0.014219013055077313  -0.7201008711937974 0.42651991533266131  -0.49401776138420889 0.25871226989472812 -0.24887155536502573 -2.5216090285444808 1.290749968553746  -0.24886571797392279 0.082111810679396061 0.20373514788047375  -14.931057123387291 37.614481788018018 -97.434043899935205  -0.46031412484499018 -0.15205094564153115 0.84910076851083438  -4.2536013881266896 1.3791467997507951 15.038981203605363 -7.4489358473628844  -34.19832641044777 148.88638209276434 -318.11696354860106 -41.763991639815508  0.81714240632862101 -3.4379656677871027 -3.5148933208231257 20.830129641421081 -3.7017898617097673  -0.67048826868926881 5.3142690757586024 1.7236976814225728 10.835392940680322 -12.354054412252299  1.9236210698485054 24.107782877211459 6.0634106201935056 -60.812706587040523 4.2869234560972478  -2.7611066600572047 -11.78271924380315 2.9820979175011875 10.224209102330498 -0.94583935090486193  -7.1863736428938871 -2.6750638241064735 1.3143786828342856 116.16304913936183 -61.854815517971296  0.42257577052856771 1.5785297267432554 0.47040708627700578 -23.798005736606321 10.676297982440156  0.7337267319667945 11.17631022038022 1.7981881161498536 -37.150228849586711 8.2031862163290494  0.0082668601942941684 11.573255732048711 -3.1353239919236331  2.5889952619572711 -1.233822137288066 1.9067337264260384 -4.1635019211178586 0.39460516473495777  -0.52690499251241496 1.2618686550649789 -0.60496902038737288 2.5383017405495085 -0.70185377792186054 -1.2536305489922144  -1.2692797204148634 0.93222546260642647 -2.4850432407541123 -0.81404681854364758 1.5550343833325315  -6.1310861070713321 0.010092843440506982 2.534209135782294 3.5436578765411468  0.31007943279367434 3.8874283042475328 -3.8803314358187211 1.9642806866927573 -2.8982395732731678 3.1835778304861382  -0.85876209098494771 -4.5790322471726368 0.83637981466838485 -3.0852462633253879 -8.9130988919554515 9.5991909057938756  0.96474134945818835 5.3832408328819161 -3.4440128787449313 5.2813223952063373 -15.794997554778092 5.9070969086107654  -1.8466723590881315 0.14451269828482466 1.144567803487007 1.1161134312091237  -4.0785191432838479 0.34532824108317473 1.3945446116636959 4286.3018305718897 -2280.7049249924721  -3.0413734347326682 0.57037668583798229 -540.35789101123817 289.15525810718538  7.984850023686886 1.9361804334446788 46.326441100239755 -29.137744440138341  -128.35276966633975 -615.82784161940219 442.30778436250989  -167.29867797463669 8.5497071489855454 2027.6931003739128 -943.97627939209349  -3.6503137343679555 0.52387253588822202 21892.681139087679 -11653.963094711304  0.55099934626678226 -1.3165228574590431 1.9254671612917607 -4.5216249588110102 -2.6478433540345581 2.6726320638614198  
shrinkage=0.1


Tree=46
num_leaves=31
num_cat=0
split_feature=5 1 9 9 4 5 8 7 7 1 1 1 9 0 3 9 4 9 9 1 4 9 6 1 2 9 1 5 3 4
split_gain=1.87331e+06 918414 863846 780538 565652 676766 547595 411487 393426 1.30613e+06 907316 860635 620375 592094 553763 395708 392278 369964 411438 369411 461649 308000 302682 300987 297496 306698 294377 288772 286246 285124
threshold=10.498904752911189 3.7256208424938388 7.3409897451678408 6.9454859591542002 6.2255475492814139 12.105749421145179 3.0000000000000004 5.6332349431874329 5.1618305990269642 6.16226106286486 6.4559841094561436 6.3741723047025554 7.5026921405591702 1.2424533248940002 5.4567537899260747 7.512612293208039 6.4618586488452534 6.8809618571748663 6.9501919588448233 6.8117947363893867 5.9545403518763083 7.2904188530753844 6.3143525444944268 6.9319598485859819 5.5708460793433314 6.1003517537352172 5.7761019343835338 1.0000000180025095e-35 2.9208188926529206 5.5103994593183616
decision_type=2 2 2 2 2 2 2 2 2 2 2 2 2 2 2 2 2 2 2 2 2 2 2 2 2 2 2 2 2 2
left_child=1 3 4 27 5 7 21 29 10 24 13 15 14 17 -12 -11 -6 -8 -19 20 22 -3 -9 -16 -10 -26 -22 -1 -20 -2
right_child=2 6 -4 -5 16 -7 8 19 9 11 12 -13 -14 -15 23 -17 -18 18 28 -21 26 -23 -24 -25 25 -27 -28 -29 -30 -31
leaf_value=-7.3354207814064694 0.33573615903940812 -0.29482564112192616 1.1154564116639649 -0.15656784237905441 -3.1096314224316792 2.1454519010584097 -4.140502422753614 -0.61212037558463717 1.5802326779781062 -4.0366780212335795 2.9351061193441805 0.50221254746074384 -11.782903120858329 5.6733962873790578 -6.5153442507058799 1.7108278928103147 1.0649354113730027 10.57595865249634 -1.0546699315276811 1.825935864707259 -4.7488265601358393 0.49688164435897519 1.0075561382669991 0.26456835639028148 0.25911689154903761 3.7948678404178673 -0.33109041192879279 -0.76306041476780639 -10.059323341647785 1.7324131768433846
leaf_weight=67 11916 17016 17359 61128 829 1847 484 6583 3901 738 1331 2661 35 115 71 143 309 30 1822 717 406 6909 1399 842 298 1388 240 30185 36 1666
leaf_count=67 11916 17016 17359 61128 829 1847 484 6583 3901 738 1331 2661 35 115 71 143 309 30 1822 717 406 6909 1399 842 298 1388 240 30185 36 1666
internal_value=0 -0.190647 0.569563 -0.36217 0.203858 0.303995 0.223784 0.155647 0.723089 1.10756 -0.0133501 -0.394701 1.428 -1.33415 1.63405 -3.10377 -1.97612 -1.67389 -1.04156 -0.355089 -0.536335 -0.0661984 -0.328241 -0.262676 2.05996 3.16992 -3.10756 -0.777616 -1.22914 0.507056
internal_weight=172471 129200 43271 91380 25912 24774 37820 22927 13895 9129 4766 3542 2279 2487 2244 881 1138 2372 1888 9345 8628 23925 7982 913 5587 1686 646 30252 1858 13582
internal_count=172471 129200 43271 91380 25912 24774 37820 22927 13895 9129 4766 3542 2279 2487 2244 881 1138 2372 1888 9345 8628 23925 7982 913 5587 1686 646 30252 1858 13582
is_linear=1
leaf_const=242.55475538913163 13.875374156567705 0 -5.2566225041518919 -5.2559164010558561 92.208743701159264 5.616524727010983 0 -6.5220022858222366 0 0 0 0 0 0 0 0 -26.121198244349944 0 0 1.5251230325142389 -46.101655751187359 0 0.70362658842459502 0 0 0 129.68050557900571 3.6416926364898701 0 121.10758507893189
num_features=2 4 4 2 3 3 3 6 6 5 5 6 4 5 5 6 4 3 4 7 5 5 4 6 6 4 5 5 3 6 4
leaf_features=1 9  4 5 7 9  1 5 8 9  5 9  1 5 9  4 5 9  4 5 9  0 1 5 7 8 9  1 4 5 6 7 9  1 2 5 7 8  1 5 7 8 9  1 3 5 7 8 9  1 5 7 8  1 5 7 8 9  0 1 5 7 8  1 3 5 7 8 9  1 5 7 9  4 5 9  0 1 8 9  0 1 3 5 7 8 9  1 4 5 7 9  1 4 5 7 9  1 5 8 9  1 4 5 6 7 9  1 3 5 7 8 9  2 5 7 9  1 5 7 8 9  1 4 5 7 9  1 5 9  1 3 5 7 8 9  4 5 7 9  
leaf_coeff=0.45622518455675165 -37.701053555816181  0.80525505301455957 0.14398649048505377 -2.8398298136690756 -0.48776116771255434  0.040801214442716782 0.067912555236594591 -2.2625912350876605 0.51712483204630499  0.20766760179740232 0.53510513593719222  -0.16805315012269323 0.031367178058480952 0.66562338485322814  -16.811419356776607 1.3469749286586195 -0.87357825161438996  0.6151564464990259 -1.0516596493511317 0.85330298073051836  22.799835800229722 3.0749967839528267 3.3782092664146148 -4.014504626311191 -20.092974863744168 6.3759088587758015  0.08385430722758401 -7.4221958908674424 7.1789844389726571 -8.5197978066113134 2.0017534941810484 0.53540057042982026  -0.066491464735824485 0.078318396233726162 -0.071074357033757002 0.045690269716124027 0.49657974751107758  -13.180441873721543 -2.3047773661685058 0.42064767749414361 25.379753888518394 -0.39908066901787154  1.0684730430968272 -0.50900694508324917 3.9061644946920411 -5.862864876050617 -4.4240169211067046 2.0368618759667245  1.3408210713941913 0.11084667528797071 -0.52705737524611329 -1.6528551401252116  -12.252218445669861 -33.568123699666465 57.625114783877507 -3897.4728493452076 2086.0316289961338  8.5992917963175728 -5.8203835333945682 -0.61758311001393063 -0.47282503205348692 6.5981464329121993  8.0854720173763326 -6.3066445518499679 3.7233383013748949 -5.5597234719073869 13.740374949699344 -11.180988182448983  -4.5853806040198837 -2.0970966924491763 0.72224898649510583 6.258968305836607  0.31537182169524841 0.44645107020155594 2.8258423810008608  15.867022709498997 -4.2887900655368867 -44.161271634418519 28.694772018957885  67.548930447014243 0.83806798282018535 -6.0065899828824376 -0.52430819050106481 1.8314362405758815 -14.86829788930536 0.94025912233939835  1.4805551667958754 1.0925491990603404 -2.4967326103083907 -2.6146666100805307 4.0178722686604491  0.26647778881815615 14.15006732926704 -9.783759424649908 14.355067459325074 -1.3509434991918738  -0.37242230964713485 0.16009166182518728 54.27564424989032 -14.359703489083223  0.33254116495424174 -5.6566714689886801 6.5926345850301349 -6.9244780292809995 -0.33710427671321669 0.028671339909942618  0.86649542491405396 -4.0787041915397779 3.1199062153220143 -5.5393777587739734 9.9705451940264265 -3.3058050024648282  -6.8305471054319984 -0.80262766890435278 4.8638083614859404 3.4955085373979728  -3.1096504410637298 -2.4270827675683364 0.89591108014553211 11.003801243388217 -0.47056859063250162  2.1803910950052909 13.753934561693496 -18.21638457677982 -5.9761163104347368 3.633363405829181  0.030985499033633703 -0.10166983289354921 -0.5542089744587656  14.275995194978439 -4.5058671765326954 -11.473471794524915 23.988813997534926 59.163114513555051 -42.53709658789267  -0.80639593717528446 1.6500496179027779 -26.698433331702837 2.1324805086675953  
shrinkage=0.1


Tree=47
num_leaves=31
num_cat=0
split_feature=8 9 4 6 1 1 1 9 9 4 5 9 1 4 9 9 9 9 4 4 9 4 4 4 7 4 1 7 6 1
split_gain=1.57011e+06 1.33121e+06 416693 339123 319285 310200 295911 288036 858338 274333 482213 271382 268417 338053 316388 354372 315412 261077 256441 607894 469670 340279 377643 466253 319295 282310 275442 258714 279056 319736
threshold=3.0000000000000004 7.0802787666761651 3.2287771385162909 6.6596213465398719 4.8081027000528378 5.865049616265698 6.7861522978065061 7.4271755523508984 7.4855508405901068 6.1685636116899003 12.151883049222509 7.4271313124684308 4.3502571242716384 4.1311504708937248 7.4271755523508984 7.426949540347044 6.1003517537352172 7.512612293208039 5.4816795064439043 5.5500479024995064 7.4989406754145813 6.3469511894790713 5.772996334337213 5.9545403518763083 5.5960588640684348 6.4618586488452534 3.5114340430413216 5.6349522016402229 6.1430219571979849 5.8874909948915191
decision_type=2 2 2 2 2 2 2 2 2 2 2 2 2 2 2 2 2 2 2 2 2 2 2 2 2 2 2 2 2 2
left_child=2 9 4 5 7 12 18 -1 -9 10 -2 -7 13 14 15 -4 -14 -13 -3 -20 21 22 -21 26 -22 -23 -24 -25 29 -29
right_child=1 6 3 -5 -6 11 -8 8 -10 -11 -12 17 16 -15 -16 -17 -18 -19 19 20 24 25 23 27 -26 -27 -28 28 -30 -31
leaf_value=-0.71013881860791228 -0.10323963542864607 0.51946629138212053 -0.08040588641478405 8.5014340420986745 0.054913112402360631 -0.93926865250384495 1.8999517330531548 3.3299088514276911 -0.34958916230341269 -1.8017036979375449 2.1586147134234799 1.3882954232644715 -1.307776692956153 2.3390928706392873 0.66457348902153246 -1.5209863130113452 1.2392097362810492 -0.75928490803281545 3.3857182371290535 0.067882653776786261 -14.517875352113144 -3.398877102416634 3.8967447681814762 1.9181784359707965 -2.2116029343586194 0.5746826410826954 -2.4471470068782981 -3.2628915571225314 1.6435277659830145 2.7754160304864248
leaf_weight=35584 42382 34236 8627 47 9962 5274 1932 672 11208 916 964 1192 559 601 4125 2129 3734 1078 1061 1733 23 298 1096 1354 253 447 73 380 417 114
leaf_count=35584 42382 34236 8627 47 9962 5274 1932 672 11208 916 964 1192 559 601 4125 2129 3734 1078 1061 1733 23 298 1096 1354 253 447 73 380 417 114
internal_value=0 0.296786 -0.306743 0.0143859 -0.459775 -0.00021534 0.69021 -0.5678 -0.141456 -0.0891274 -0.0529368 -0.54578 0.207913 0.0139077 -0.0799997 -0.365549 0.907562 0.368431 0.633872 1.17419 0.795001 0.98324 1.27132 1.87864 -3.23713 -1.01474 3.50059 1.04153 -0.261416 -1.86944
internal_weight=172471 87679 84792 27366 57426 27319 43417 47464 11880 44262 43346 7544 19775 15482 14881 10756 4293 2270 41485 7249 6188 5912 5167 3434 276 745 1169 2265 911 494
internal_count=172471 87679 84792 27366 57426 27319 43417 47464 11880 44262 43346 7544 19775 15482 14881 10756 4293 2270 41485 7249 6188 5912 5167 3434 276 745 1169 2265 911 494
is_linear=1
leaf_const=0 0 0 0 0 0 0 0 0 0 0 0 0 0 0 0 0 0 0 0 0 0 0 0 0 0 0 0 0 0 0
num_features=4 4 4 5 3 3 5 3 4 4 3 4 4 4 4 5 5 5 4 4 4 5 3 4 5 5 3 4 6 6 6
leaf_features=1 4 8 9  4 5 8 9  1 4 8 9  1 4 6 8 9  4 6 8  1 4 8  1 4 6 8 9  1 8 9  1 4 8 9  1 4 8 9  4 8 9  4 5 8 9  1 4 6 9  1 4 6 9  1 4 6 8  1 4 6 8 9  1 4 6 8 9  1 4 6 8 9  1 4 6 9  1 4 8 9  1 4 8 9  1 4 7 8 9  4 8 9  1 4 8 9  1 4 7 8 9  1 4 7 8 9  4 8 9  1 4 8 9  1 4 6 7 8 9  1 4 6 7 8 9  1 4 6 7 8 9  
leaf_coeff=-0.090655016363274943 0.017678510521141888 -0.481875464616428 0.036430333700755567  -0.02772594401317581 0.051674099759857484 -0.65722115787178415 0.32966573294128099  0.065682453932849147 0.083279199478538068 -3.2507355591754279 1.7710074927753341  -0.29990445524786202 1.7160404859762697 0.22213810830814593 -4.1954402935964357 0.17608868471595829  -24.630022858691518 22.329694553121229 -30.257049381732941  0.32921311973108508 0.3685895462997863 -1.3094407604447764  0.73396041382826227 -0.8760155252763977 -0.52852807168951876 0.8575552006373528 -0.11382328075141573  -0.383458081674803 -1.0057541701498849 1.1888463513081662  -5.3072475071753615 -9.1585453022673846 288.80855013509284 -73.301287197577764  0.37652334724447201 -0.065690477311272852 199.05074857901784 -53.035651201708248  4.4928172617410098 -8.1544217305368143 0.33647389371102465  -0.27040662890833572 -2.2260566891706959 8.6523006050942062 -0.52097416432707178  -0.37809479857304495 -0.8507492960246964 0.94397690526784572 0.2206630078514536  -1.1069543843538838 -2.075427319078841 -0.23508195111598981 2.383952914160909  0.11319304692239598 4.2348673481260448 0.36001779060507033 -9.4906231950924855  -0.042389668426079656 3.3334740973686623 2.0716319962503351 115.91515247442294 -34.07755152331665  -0.15416084536118435 0.18774245055392386 1.1510028462391346 -36942.653710937499 9946.765869140625  0.14265280595723448 -0.41622486709255863 -0.61276166661594977 0.37120163429540298 0.7126594739618668  -0.77605732512524817 -2.494948578439629 -1.7442640410559762 3.2711022568599222  -0.42990313703768895 32.962235248461731 -29.187874091226696 -8.3733460736395511  0.14965260661405067 -12.434771293563518 -2.8540334670419725 11.143781235153279  3.0478965091897408 -75.461300626117733 305.02357189496979 6406.7049438595777 -3581.7450351417065  -26.091549515440239 13.930387285784674 14.694237949981471  0.085749118474299738 10.368288920690771 1.9785355093328691 -8.8447742921503956  -0.77211122496525497 -9.8025919211691885 3.5495689631297411 14.658567819804013 -2.1696436530692154  -0.38128198349086234 -7.0182545298390329 -29.672556499019265 907.1508820563555 -455.22840454727412  9.3529339081222087 16.80326167638723 -17.361842246898959  3.2995659630767253 42.454990596124844 -160.73063815787319 50.941235490701004  -0.19416120273970139 16.167811660033568 -1.2777278203397602 18.918412969823137 -52.60856898264538 1.2150621995369875  -2.1924870547356705 -8.6901154199347168 2.0935423160242408 0.78817346095056573 6.44465097672437 1.5770033819017044  4.4201366698310496 -3.5413654090231037 -15.119851067262971 -1.6590475164104193 17.492142887242519 3.3981685287064467  
shrinkage=0.1


Tree=48
num_leaves=31
num_cat=0
split_feature=4 9 0 5 2 2 4 1 4 9 9 8 7 9 9 8 1 9 2 4 9 4 4 9 4 8 4 4 4 8
split_gain=1.2878e+06 918066 568772 546469 1.08226e+06 540456 670549 491800 443261 426408 376785 773171 367568 352067 585677 351223 328676 471832 401724 577667 557262 813044 507064 452523 406090 351871 325285 378854 306846 301662
threshold=3.2287771385162909 7.0802787666761651 1.2424533248940002 1.0000000180025095e-35 6.2924942092024017 4.6584475870949156 1.175687628581739 6.2156070997535293 2.2242581879713579 7.5026921405591702 6.1003517537352172 3.0000000000000004 5.5476963726354898 7.4271755523508984 7.4649807122164233 3.0000000000000004 5.9952067579627961 6.6602263132402717 3.9912935194924222 4.9921303812793063 6.1003517537352172 5.0450354242692681 5.2945595305272066 6.1003517537352172 6.1075793708269659 3.0000000000000004 4.0297961644437734 4.1782187062684226 4.1627741535806999 3.0000000000000004
decision_type=2 2 2 2 2 2 2 2 2 2 2 2 2 2 2 2 2 2 2 2 2 2 2 2 2 2 2 2 2 2
left_child=2 16 3 4 -1 6 10 -7 -8 -6 15 -12 26 -10 -15 -5 18 -18 20 23 22 29 28 -20 -23 -25 -3 -28 -2 -22
right_child=1 12 -4 5 9 7 8 -9 13 -11 11 -13 -14 14 -16 -17 17 -19 19 -21 21 24 -24 25 -26 -27 27 -29 -30 -31
leaf_value=-2.066534502444783 0.12957367626025446 0.22703152287653705 0.83949561135494233 0.34803656703436608 1.7245702047850207 1.2449352518134511 -1.084473677915472 -0.5308626418293364 -0.55502351063432509 -5.8162072992324836 -0.34217195109722437 1.0973694167256076 0.41227882035517771 3.8884500596486036 -0.019166735350785502 -2.3684962412272914 -1.3602654463599435 0.1440983942905531 -0.44771908082214695 -2.6884140170617825 -0.05802975105889089 1.0669305441511285 -1.6792241546293185 0.68779784941882427 -1.6004594967689045 2.4708123379228062 3.0993228208411141 1.1308352184886463 1.7635915906517881 -0.94880336734267068
leaf_weight=4263 1828 3278 4282 874 1197 4202 11562 2480 28550 80 7679 7257 34909 400 9333 1045 4307 4041 1517 446 5680 4788 723 2280 648 2151 1138 6941 3095 11497
leaf_count=4263 1828 3278 4282 874 1197 4202 11562 2480 28550 80 7679 7257 34909 400 9333 1045 4307 4041 1517 446 5680 4788 723 2280 648 2151 1138 6941 3095 11497
internal_value=0 0.263876 -0.282969 -0.34387 -1.30156 -0.271569 -0.357465 0.585854 -0.541842 1.25216 0.187789 0.357262 0.573047 -0.37796 0.141426 -1.13126 -0.0687711 -0.632051 0.0669245 0.782714 -0.095033 -0.316925 0.793677 1.04299 0.748964 1.55335 1.06722 1.40811 1.15685 -0.654247
internal_weight=172471 89267 83204 78922 5540 73382 66700 6682 49845 1277 16855 14936 46266 38283 9733 1919 43001 8348 34653 6394 28259 22613 5646 5948 5436 4431 11357 8079 4923 17177
internal_count=172471 89267 83204 78922 5540 73382 66700 6682 49845 1277 16855 14936 46266 38283 9733 1919 43001 8348 34653 6394 28259 22613 5646 5948 5436 4431 11357 8079 4923 17177
is_linear=1
leaf_const=-6.2610127593404741 0 9.338350659856042 0.74782175685272145 0 -28.953731650289413 -1279.9845524907114 -1.230219400005035 -726.42184686064729 -3.0773359014485324 2305.0433467268945 0 0 -19.218360471756753 371.27141668200494 261.43858262807481 0 -11.132307351368036 7.1624759793736308 0 29.898426314764585 0 -6.0213738554926755 0 0 -23.667753370770882 0 -53.451693939766848 -36.650421307553188 0 0
num_features=2 4 3 2 5 3 5 4 5 5 2 6 5 3 3 5 6 3 3 4 4 5 4 4 5 4 5 3 3 4 5
leaf_features=0 2  1 2 4 9  4 7 9  0 4  0 2 4 5 9  0 2 9  0 1 2 4 5  0 2 4 5  0 1 2 4 5  0 2 4 5 9  2 9  0 2 4 5 8 9  2 4 5 8 9  4 7 9  4 5 9  0 2 4 5 9  0 2 4 5 8 9  1 4 9  1 4 9  1 2 4 9  1 2 4 9  1 2 4 8 9  1 2 4 9  1 2 4 9  1 2 4 8 9  1 2 4 9  1 2 4 8 9  4 7 9  4 7 9  1 2 4 9  1 2 4 8 9  
leaf_coeff=3.404472296784411 0.328927549418637  0.16286255093063515 -0.062102123368630129 0.61184620218096486 -0.38753986194997198  -2.2542130143771786 0.65574635799098369 -0.61589500155296273  0.067717514767196008 -0.177735593025416  -5.2364114855669301 1.1193149132530096 -0.22731775692062187 -0.044249717720114747 0.14261714347927992  4.2768187508138906 2.7998662143547337 1.3024620134644012  1842.9342474877835 -1083.2054961621761 1083.7495453953743 -0.48427018051188497 0.2551789583300888  -2.413211784360715 0.70540503763038664 -0.24351140464231877 0.071473484595719589  1030.3699251651765 -602.20698775649078 604.79648833870885 -0.059044907775387401 -0.57243789447820748  -1.2371851451594182 0.31783399752774388 -0.36158732467014015 0.32777560187338967 0.067225481265026588  -58.187820464326073 -257.9618513762951  5.0342043699415164 -1.2425453437404994 -0.47065853832390325 -0.067004982386630732 -4.2635198739943005 1.2788227026239314  0.35085172113712704 -0.35534296193328602 0.2119338368840972 0.45931917839061498 -0.26289182992650811  0.20421315116354039 1.1667591220995293 1.6272574307293326  -9.554560279569932 1.3954809163384199 -47.303822584589945  -3.2509107331743325 0.86871030319440323 -2.0526713228976123 0.060216231139430934 -34.082623050278563  3.1927528514279402 0.095959268993874511 0.34131335647143718 0.19165331235890337 494.85506947040562 -336.78865253925323  1.4054441422562833 -0.85003900577415625 0.69296589911696183  2.0498784205688709 -0.034292210939488754 -2.9824991618297134  -0.97349290048625081 0.51733678662128113 -0.83610895661945372 0.93440878744080469  -2.4071656510495814 -1.0149143431364167 -3.3798713276877379 0.66110819014925259  0.18664873304574284 -0.45228988076819293 2.2487956924415897 -7.4509953913497391 1.0504118521868193  -1.2303352567493022 0.52759316099863729 0.83724040295278435 0.39186754199961343  -2.0496992447031759 2.2833959327626103 -0.023760498962735712 -0.25828883664086105  -0.34406424086194676 0.59989619991800225 -0.68350080414282888 -4.524531250777545 1.6733927868951584  -1.4150086616285991 1.0673164680064582 4.5594716527084307 -1.0249860547160325  -0.36727011665472847 1.0228754680672929 -1.9663053596941553 -0.31927752064284509 1.3701381870690057  20.907118232197536 -6.0609198713456864 0.36203111955037459  0.53767085583265273 4.4902398491278293 1.4024594766381597  -1.7738165834693733 1.3587890797712232 0.15639430051664932 0.22339237497085379  1.6713115184915688 -1.9500284380131263 0.2673508971589369 -1.8573861161850118 0.81952123256501186  
shrinkage=0.1


Tree=49
num_leaves=31
num_cat=0
split_feature=8 9 9 9 4 1 9 9 2 1 4 1 4 4 3 7 4 4 4 6 2 4 4 9 1 4 4 4 9 4
split_gain=1.12417e+06 896906 290772 780508 266578 237756 640119 536438 398527 329677 321504 312306 734160 310248 349773 307741 322359 476791 341440 309209 486549 554846 534819 304605 249281 245897 241023 281030 288732 447800
threshold=3.0000000000000004 7.0802787666761651 6.6727184231314114 6.9324868249076692 2.8477071124928428 6.4433357115843206 7.4936097581645003 7.4579410283239875 6.5330615650778467 6.1014387733168176 4.7978524041886734 5.3636340903656388 5.3435289956635019 4.789570747856378 5.4567537899260747 5.6520474171894692 4.0474181078189284 4.2084101086347259 4.3975260874596289 6.3290801027163601 2.8995463272302633 5.0767338789019494 4.8142127557202254 7.4714039950702817 6.6560834372730202 5.9642216044646252 6.3469511894790713 5.7945356795747589 7.4540397402798542 4.863673427408628
decision_type=2 2 2 2 2 2 2 2 2 2 2 2 2 2 2 2 2 2 2 2 2 2 2 2 2 2 2 2 2 2
left_child=2 -2 -1 -4 -5 9 7 13 -8 11 23 15 -13 14 -7 16 -3 -18 -19 20 21 22 -17 -11 -9 -22 27 28 29 -20
right_child=1 5 3 4 -6 6 8 24 -10 10 -12 12 -14 -15 -16 19 17 18 26 -21 25 -23 -24 -25 -26 -27 -28 -29 -30 -31
leaf_value=-0.54125120373158642 -0.065642914356839985 0.22050163172005521 13.489485313778832 -0.41788562179177186 0.019143914041778395 2.2636636845917435 0.29236914236098527 14.232038703331581 -4.6142739686940581 -2.9427735226457017 1.6979322637065075 2.1040042463966144 -4.0460364834392237 3.7437883021650209 -0.37890488504703823 -1.1786774535647535 2.712974550544871 -0.59228057160097014 1.4113636973496337 0.9181587429769501 1.2403162612229026 0.3028625983230317 -4.8096793079087812 0.40732682082232308 1.7291609639706822 -4.6417935732248665 -0.95473963664128236 2.0678251552331282 1.4049983555756891 -0.41096777652130756
leaf_weight=25586 44262 10238 42 22559 36605 1292 560 52 235 751 356 2424 211 646 818 2227 1384 1632 2283 2599 1795 2172 496 425 23 74 637 2189 4604 3294
leaf_count=25586 44262 10238 42 22559 36605 1292 560 52 235 751 356 2424 211 646 818 2227 1384 1632 2283 2599 1795 2172 496 425 23 74 637 2189 4604 3294
internal_value=0 0.251124 -0.259555 -0.13782 -0.147494 0.574056 1.34926 2.05335 -1.15802 0.503415 -0.935016 0.561014 1.61153 1.82627 1.2392 0.48331 0.658809 0.938868 0.771141 -0.00892113 -0.365142 -0.889213 -1.84007 -1.73207 10.3978 1.00742 0.94221 1.03989 0.818881 0.335022
internal_weight=172471 87679 84792 59206 59164 43417 3626 2831 795 39791 1532 38259 2635 2756 2110 35624 26261 16023 14639 9363 6764 4895 2723 1176 75 1869 13007 12370 10181 5577
internal_count=172471 87679 84792 59206 59164 43417 3626 2831 795 39791 1532 38259 2635 2756 2110 35624 26261 16023 14639 9363 6764 4895 2723 1176 75 1869 13007 12370 10181 5577
is_linear=1
leaf_const=0 0 0 0 0 0 0 0 0 0 0 0 0 0 0 0 0 0 0 0 0 0 0 0 0 0 0 0 0 0 0
num_features=2 2 5 2 3 3 5 4 3 4 4 4 4 4 4 5 7 5 5 5 5 7 7 7 4 3 7 4 5 5 5
leaf_features=8 9  8 9  1 4 7 8 9  8 9  4 8 9  4 8 9  1 3 4 8 9  1 2 8 9  1 8 9  1 2 8 9  1 4 8 9  1 4 8 9  1 4 8 9  1 4 8 9  1 4 8 9  1 3 4 8 9  1 2 4 6 7 8 9  1 4 7 8 9  1 4 7 8 9  1 4 7 8 9  1 6 7 8 9  1 2 4 6 7 8 9  1 2 4 6 7 8 9  1 2 4 6 7 8 9  1 4 8 9  1 8 9  1 2 4 6 7 8 9  4 7 8 9  1 4 7 8 9  1 4 7 8 9  1 4 7 8 9  
leaf_coeff=1.0214068995376011 -0.40500559613949466  -0.50101677840056669 0.29848561814897218  -0.24405974599415148 0.19576691170239693 -0.16264920445703052 1.7918282794671088 -0.89728904775361118  422.07787767900157 -120.33705897157779  0.029411187317988308 -2.67149788994102 0.66910423016856846  0.042638469069575607 -0.64385825865800406 0.15896055649099311  1.121095540885517 -0.085862702875535046 -0.049508493231171263 -3.985924837329367 1.4612030664327904  0.031866707238259552 1.2544969172029596 1217.17581283506 -649.09595381086694  -29.681306763179602 290.91581372618674 -127.26327757015825  3.8035937100830779 -0.94643061635870263 -684.02001164592809 361.21643900349738  5.6512766123298892 -0.40933045499711568 0.68109780084560045 -5.4388202139372881  11.203083160998535 -1.6314419514201406 -12.986744256184465 -1.0889171999280733  -1.1898822751552132 0.39409011706882641 -5.9572949290901311 4.2520666320437162  6.4573127091980496 -1.0101137305864907 -3.8422770268080058 -2.7726963916098613  2.8072261179403881 -1.544849990932248 -32.29667153049013 16.628759589577022  3.7363097655203692 -5.2010952602109626 1.5234305231373355 -27.580026652671407 14.895217442997911  2.2137099002253877 -2.0500933577381288 -0.43649292512356941 -4.7941483247396155 3.6423605907815446 3.5757181634748125 -0.7536669976225312  -0.47256643145052274 4.2991449626107174 -4.4727283097049622 -1.106599378897954 1.8879900286588964  0.54216066516372374 9.7784531164461548 -2.9158572215047798 -8.8226135347325911 1.071507355312997  0.081730124977835591 4.9102276916058436 -7.1182981489392665 -1.1149585273407865 3.0341521425993054  -0.8448809850526473 -0.99797066970577086 1.4443739379092961 -3.0249754627415317 1.5340769373266085  -0.40562330147561032 0.4699436982764475 -0.061821772114171836 -5.8742462582721746 0.64959697008366679 2.0622613130119136 3.3639054826651775  -3.4968075724200411 2.6021813205611326 -0.24992597001174488 6.0625924553815578 0.52880309422469907 -18.129709086247839 4.616304476213827  1.2908427624903425 -1.5995671776190308 -6.178030466197197 -2.3011136429060799 16.833715029291465 -3.8819244225902367 -5.611064647467356  -6.4868041358067785 1.006525847382477 1238.744849680178 -654.50842733513571  42.214430211340186 1850.1218616442291 -1027.7534822880757  -2.846702208255897 -3.7605925567206668 -1.0552983524725279 -11.529551094825592 -1.9245181346814206 37.267707189937937 -5.4637181521702587  11.07226753286675 5.3782903548431706 -29.444032867243187 2.0042866912143835  -1.4887570381978321 -7.0381155295448483 2.2083638837609785 19.679833750141555 -6.2345686873239181  0.12402861302573456 -1.2791576283292672 2.4454197400249544 73.892526946030557 -40.160630881472031  0.046819239057771793 2.8702136788493222 -9.7135421135471915 14.770771500427509 -2.8443327859278726  
shrinkage=0.1


Tree=50
num_leaves=31
num_cat=0
split_feature=8 9 4 6 1 1 4 0 9 1 4 5 9 1 5 3 2 9 6 4 9 9 1 1 9 9 1 2 4 2
split_gain=910576 726494 246559 275045 221383 212800 259578 235348 233868 209473 207458 566745 194719 194703 241633 537227 237846 440615 194481 359276 243896 192598 324996 192582 523792 659686 267038 262829 260418 257381
threshold=3.0000000000000004 7.0802787666761651 3.2287771385162909 6.6523269313760158 5.865049616265698 4.3502571242716384 4.1311504708937248 1.0000000180025095e-35 6.1003517537352172 6.8303339860793031 5.9545403518763083 11.630557377464777 6.6602263132402717 4.8081027000528378 1.0000000180025095e-35 0.78726038378974428 3.7966115240991072 7.5083664748103045 6.7995719998986788 3.1022788812843456 6.9853949496573593 7.4237699162490749 4.4829865921051741 6.4433357115843206 7.4904299414286815 7.46909279813329 6.1014387733168176 6.5514373504102341 4.7978524041886734 5.5839660129026685
decision_type=2 2 2 2 2 2 2 2 2 2 2 2 2 2 2 2 2 2 2 2 2 2 2 2 2 2 2 2 2 2
left_child=2 9 13 4 5 6 7 -4 -7 10 11 -2 -11 14 15 16 17 -1 -16 20 -20 -18 -23 26 25 -25 29 -26 -28 -3
right_child=1 23 3 -5 -6 8 -8 -9 -10 12 -12 -13 -14 -15 18 -17 21 -19 19 -21 -22 22 -24 24 27 -27 28 -29 -30 -31
leaf_value=-4.1223425905427336 -0.17391223274401385 0.45413921846063554 0.16128571861210247 6.7765788586934406 -0.46228938243679774 -1.1102049965148606 2.0390867485579558 -0.73475853142382364 1.0829654867277467 -0.67787379590704688 -1.1158261262624298 1.1245419459073536 1.6503536581715659 0.050605500373576875 -0.59068108564159416 6.2244067936612852 -3.8726188979006766 -16.357383536069822 -0.80129143753002108 11.567640055142917 0.0042977237038924147 11.507127547025682 -3.6084842340512711 1.6591399283958372 0.15954652852354234 13.483744303385416 -1.5588589363495446 -3.7579569008520672 1.5281390175390781 1.8298788698324171
leaf_weight=120 36843 36847 10852 60 7544 559 601 4016 3734 498 1933 3699 1289 9962 26832 57 151 39 4994 26 15187 25 33 2764 569 48 1176 245 356 1412
leaf_count=120 36843 36847 10852 60 7544 559 601 4016 3734 498 1933 3699 1289 9962 26832 57 151 39 4994 26 15187 25 33 2764 569 48 1176 245 356 1412
internal_value=0 0.226012 -0.2336 0.0134198 -0.00144104 0.174484 0.00161442 -0.0807451 0.797388 -0.0590786 -0.1037 -0.0554429 1.00152 -0.351315 -0.435673 -2.8094 -4.20866 -7.12339 -0.414226 -0.179919 -0.195054 -1.99123 2.90687 0.516651 1.21433 1.86098 0.453074 -1.01955 -0.841515 0.504913
internal_weight=172471 87679 84792 27366 27306 19762 15469 14868 4293 44262 42475 40542 1787 57426 47464 425 368 159 47039 20207 20181 209 58 43417 3626 2812 39791 814 1532 38259
internal_count=172471 87679 84792 27366 27306 19762 15469 14868 4293 44262 42475 40542 1787 57426 47464 425 368 159 47039 20207 20181 209 58 43417 3626 2812 39791 814 1532 38259
is_linear=1
leaf_const=0 0 0 0 0 0 0 0 0 0 0 0 0 0 0 0 0 0 0 0 0 0 0 0 0 0 0 0 0 0 0
num_features=5 5 4 3 3 4 4 4 5 5 3 4 5 3 3 5 3 4 4 5 4 5 3 3 3 4 3 4 4 4 3
leaf_features=1 2 3 8 9  1 4 5 8 9  1 2 8 9  4 6 8  4 6 8  1 4 6 8  1 4 6 9  1 4 6 8  0 1 4 6 8  1 4 6 8 9  1 8 9  1 4 8 9  1 4 5 8 9  1 8 9  1 4 8  1 4 5 6 8  1 3 8  1 2 8 9  1 2 8 9  4 5 6 8 9  4 5 6 8  4 5 6 8 9  2 8 9  2 8 9  1 8 9  1 2 8 9  1 8 9  1 4 8 9  1 2 8 9  1 4 8 9  2 8 9  
leaf_coeff=23.002939492919541 -27.069693559911229 -23.927648543559329 7.0268383684388027 -0.86679068311987073  0.078080631221563168 -0.29935235075248018 0.22238096763385098 -0.59125806069505848 0.1564685787901425  0.80911142961886151 -0.87848878826149679 -1.9961339193117966 1.1415196227475009  2.8182418761251942 1.5338752773011493 -9.6689486071674775  -12.003619581798558 29.084305366482297 -74.403312218422073  0.28928582205329295 -1.0022540270520459 -0.14497830129926115 1.2762147961943811  -0.96131218158770937 -1.7618019805600227 -0.20128458720419076 2.0449502616707833  0.13635244090999663 3.7281828866111937 0.34790299964233784 -8.5143766875531579  0.29891070282662896 0.3345962149533801 1.15307765437733 -1.3774870202843659 1.0510281961741386  0.12070969524102432 -0.3471762706886698 -0.53587151387669685 0.45879120699125908 0.57862752051258326  -0.64479768466462706 2.4556296372489443 -0.95829174408304429  -0.15999884680193485 0.062260585879430869 -0.9128509479327136 0.3584946553802752  -0.64550504428144062 0.89733673819195525 0.81668799040667184 -4.0153191384620186 0.40690920496608673  -0.38059970651374031 9.7170539486685819 -5.0389080696164461  0.2691862758385386 0.30637775349159552 -1.0719425328792873  0.14222928144350319 1.3918405487675729 -1.3330417304026014 1.4250805294649127 -0.82218130569573311  -2.0405494366057613 0.99152382689659369 5.9810495377434565  3.0923015830319858 -3.6048335897683845 17.781599706411725 -5.3703200627251135  -22.788942561717704 20.061520690144974 5742.9316156387331 -1530.1043288469316  2.7888098177715168 -2.0083876778451439 1.8170478971844888 7.235084445707753 -2.496597053643177  -142.30809945384974 30.473652660587689 10.127716294085259 45.826816942775622  5.7836884449746799 -4.5252465271828273 4.9789125616266814 -6.4240794882708601 0.80824500943538724  -4.7934689894798792 1255.7060874737335 -331.37808129446353  -14.560855072939558 -132.37020624929573 43.980709266287164  -0.21150100953485096 -10.21016731946329 5.9956549484299106  -0.21540696324464081 1.4185661526861624 461.33904503192753 -246.56098774396816  13.72773569985875 261.25908885523677 -150.08021353408694  2.93734187165377 -0.074551600949336813 -17.152393694045895 6.5982402307430679  3.9856477108740367 -5.1259252505640696 -196.30668015517296 105.08129937481135  10.082775027859151 -1.4682977490006353 -11.688070671737842 -0.98002518636421887  -3.4501628688786683 2.2294791840813559 1.7698514661708034  
shrinkage=0.1


Tree=51
num_leaves=31
num_cat=0
split_feature=4 9 0 4 2 1 4 1 4 9 8 8 1 2 9 4 4 4 9 8 9 3 1 4 8 7 4 6 6 9
split_gain=770198 495957 386783 431618 845800 391482 499471 389631 352355 292923 521328 283169 262459 425775 492887 611927 424750 411865 397282 330277 287703 256693 255319 296606 248033 243756 242423 240713 266486 238536
threshold=3.2287771385162909 7.0802787666761651 1.2424533248940002 1.0000000180025095e-35 6.209092791347639 4.6395599436855051 1.175687628581739 6.2255475492814139 2.2242581879713579 6.1003517537352172 3.0000000000000004 3.0000000000000004 5.865049616265698 3.9912935194924222 6.1003517537352172 4.8539795841274467 5.5692977928963883 5.2945595305272066 6.6602263132402717 3.0000000000000004 6.1003517537352172 4.4068404997506354 1.8688348091416842 6.1075793708269659 3.0000000000000004 5.5476963726354898 4.1627741535806999 6.2477251921531467 6.6596213465398719 7.4291906695840462
decision_type=2 2 2 2 2 2 2 2 2 2 2 2 2 2 2 2 2 2 2 2 2 2 2 2 2 2 2 2 2 2
left_child=2 12 3 4 -1 6 9 -7 -8 11 -11 -5 13 14 17 19 20 26 -14 -16 -15 -4 23 -17 -22 -3 -2 -12 -29 -10
right_child=1 25 21 5 -6 7 8 -9 29 10 27 -13 18 16 15 22 -18 -19 -20 -21 24 -23 -24 -25 -26 -27 -28 28 -30 -31
leaf_value=-1.8882286137589421 0.18412996278830557 0.83372986718068887 4.3299723861051751 0.35678109055298685 0.86760052793340803 1.077111913601003 -0.92253877569620668 -0.49887575359854913 -0.4379610330884755 -0.23336523155135899 0.18342144874537863 -2.0824120641096928 -1.1377450449359587 -0.2056833172621888 -0.013541813988081167 0.91886923848054858 -3.619711765885353 -1.4587976324442842 0.16792327058631151 -0.96914474400720219 0.71057929877193704 0.54133790490228884 -1.464291780358459 -1.3446068179163133 2.3061632324772039 0.30038474839693041 1.6365192992390647 2.4659018884109027 0.85140132223294873 0.13631577892258728
leaf_weight=3996 1828 11357 187 874 1544 4403 11542 2437 28446 7679 2624 1045 4844 1310 5680 5730 200 723 4491 9957 1951 4095 602 644 1946 34909 3095 1523 3110 9699
leaf_count=3996 1828 11357 187 874 1544 4403 11542 2437 28446 7679 2624 1045 4844 1310 5680 5730 200 723 4491 9957 1951 4095 602 644 1946 34909 3095 1523 3110 9699
internal_value=0 0.204066 -0.218838 -0.269059 -1.12018 -0.204803 -0.278856 0.515609 -0.438426 0.191541 0.340969 -0.971492 -0.040428 0.0896647 -0.0658939 -0.274577 0.902672 0.769909 -0.509598 -0.622031 1.07638 0.706792 0.504256 0.690178 1.50735 0.431306 1.09722 0.948701 1.38213 -0.291942
internal_weight=172471 89267 83204 78922 5540 73382 66542 6840 49687 16855 14936 1919 43001 33666 28259 22613 5407 5646 9335 15637 5207 4282 6976 6374 3897 46266 4923 7257 4633 38145
internal_count=172471 89267 83204 78922 5540 73382 66542 6840 49687 16855 14936 1919 43001 33666 28259 22613 5407 5646 9335 15637 5207 4282 6976 6374 3897 46266 4923 7257 4633 38145
is_linear=1
leaf_const=-4.8704357223502033 0 -9.8006064420478651 0.7119009636858209 0 -23.806868654132813 1.7802769011623696 -0.6598401516592447 -11.848101178203979 -0.28886745726092616 0 0 0 -8.0545665981251666 0 0 -4.8443247489915855 22.600232484376466 0 9.6171716414035018 0 0 7.8838556316612767 12.283430357731778 -20.913760138621367 0 -15.717571620173841 0 0 0 406.18205876967409
num_features=2 4 3 3 4 2 3 3 3 4 5 5 5 3 4 5 3 4 4 3 5 5 3 4 2 5 3 4 4 4 4
leaf_features=0 2  1 2 4 9  4 7 9  0 3 4  0 1 4 9  0 2  0 1 4  0 1 4  0 1 4  0 1 4 9  0 1 4 8 9  1 4 6 8 9  0 1 4 8 9  1 4 9  1 2 4 9  1 2 4 8 9  2 4 9  1 2 4 9  1 2 4 9  1 4 9  1 2 4 8 9  1 2 4 8 9  0 3 4  1 2 4 9  4 9  1 2 4 8 9  4 7 9  1 2 4 9  4 6 8 9  4 6 8 9  0 1 4 9  
leaf_coeff=2.9999255216446272 0.15397185767126445  0.098328411820102879 -0.0019352192740473839 0.50976335174063514 -0.31280728404247926  0.30631534591782383 0.82496953907102588 0.63844636310195713  5.3244811287225167 -1.0581263272539843 -1.0268495338582995  -4.0351899703928131 0.84056966388255894 -0.20707793783051473 0.091291316913281947  4.4010576498489398 3.3229122794795334  -1.9048214791059537 0.2936998349934356 -0.32811547571438954  -2.777490653070811 0.73338635170772726 -0.14550236126953281  -1.2561093205882969 2.1249522381247745 -0.55783936724546812  -1.4266395182820988 0.26736946780545234 -0.1201504919208901 0.034151695379111405  4.6639852393440941 -1.137165420539108 -0.43816184417783899 -3.7850220949897619 1.091545339997279  0.31580959513788609 1.2125651083900075 -0.5483189233816036 1.7815174739530777 -0.69865393536502651  2.1918647545575367 0.10860930962437401 0.65238934442895702 434.16821832656865 -295.35049295425415  0.88931688489750516 -0.75009948065141518 0.71610891930608889  -0.64854970294514769 0.48207871877299413 -0.79540839929711327 0.68316306243672076  0.12916104839697626 -0.34171616610913946 1.836496411884404 -5.8986212497618151 0.80717429044961975  -0.18616221035242975 0.83016023724810006 0.19408201455670451  -3.7585060273554065 0.29334547138328165 -0.30178170645795038 -0.92545900626305411  -1.8208390356550936 2.0615927851007512 0.15681231929644357 -0.40504413739311079  1.2795389251723792 -0.17028653552660949 -2.4959520240251836  1.6693533370397304 -1.8278504367905051 -0.22606330178152581 -1.4803770345281693 0.89585248370232196  0.21352391814559299 0.19771961804790303 -0.37881107820876958 -4.8761510362316134 1.4736309582720311  0.37345632016182262 -1.5049462741823563 -0.14431320738151854  0.036399149171788284 0.61219706079970715 0.21279577914227732 -2.5268388178833905  4.0777437417248166 -0.94373780888429337  0.43726249527862254 0.84614934023120014 -2.0086902003910199 -0.15640149018277044 0.81073913656391605  0.1475477222791497 1.0525860372841636 1.261763463700345  -1.5920688651416577 1.207295987149462 0.10898984032668296 0.23533742738699176  -1.662237233575028 -1.1943319338886276 2.1086331310534661 0.44476433066653276  -0.28034385497629516 -0.38484266910542647 1.8617187170105582 -0.52785238886429509  -3.7129722982729279 0.92968364323397479 -1.9733336977740465 -53.304593294665395  
shrinkage=0.1


Tree=52
num_leaves=31
num_cat=0
split_feature=8 9 2 7 9 9 1 6 4 1 4 4 1 4 4 4 7 9 9 2 1 4 1 2 4 1 6 2 4 6
split_gain=654423 492155 231615 413345 369934 292208 414209 398967 265820 263513 370483 257005 291601 229179 473114 322466 226040 205246 424486 342888 219058 230687 280606 212728 278192 274333 194563 435228 245048 410093
threshold=3.0000000000000004 6.9794518049742544 5.5355281615701051 5.6520474171894692 7.4271755523508984 7.512612293208039 3.4811217321331038 6.3664796853507193 5.5343766558793801 5.9622923416208602 5.3435289956635019 4.789570747856378 6.2353901579610387 4.0297961644437734 4.1782187062684226 4.3851419095492004 5.9219707886874309 7.4936097581645003 7.46909279813329 6.5514373504102341 6.4321355873363304 4.1782187062684226 6.3341669398188758 5.6972332879882117 2.2242581879713579 6.2470748199949968 6.3078172269328503 2.8995463272302633 5.4816795064439043 6.0915827849118553
decision_type=2 2 2 2 2 2 2 2 2 2 2 2 2 2 2 2 2 2 2 2 2 2 2 2 2 2 2 2 2 2
left_child=-1 -2 3 13 26 -6 7 16 -8 10 -4 17 -13 -3 -15 -16 -7 18 20 -19 21 23 -23 -11 -25 -26 27 28 -5 -30
right_child=1 2 9 4 5 6 8 -9 -10 11 -12 12 -14 14 15 -17 -18 19 -20 -21 -22 22 -24 24 25 -27 -28 -29 29 -31
leaf_value=-0.19803770894888029 -0.1011096884437982 0.18334028552142931 2.5923172965108545 -2.0496529243393709 1.8894149174877244 -2.0740554641320905 2.6091665394727359 0.99025802694518006 -3.1812382873524445 -6.5874866110633592 -4.7348085292398112 -2.1324512259091417 2.5007862888746226 2.2975029755236109 -1.1176865800634608 0.66723669416637243 4.0665167537946552 -0.061912897096823918 8.7669189210922003 -4.6529477605441718 1.1062801455786091 -3.8772689791060588 2.4580504324564481 -1.1245190080390999 5.4317198376488838 -0.72342681287030164 0.2931248148495485 0.11763943153042433 -2.514692055215805 1.4304181088083159
leaf_weight=84792 34705 14192 1262 2646 1224 1237 726 870 89 40 73 156 1051 1716 1078 16569 63 788 63 205 1953 326 89 321 190 117 2051 2803 461 615
leaf_count=84792 34705 14192 1262 2646 1224 1237 726 870 89 40 73 156 1051 1716 1078 16569 63 788 63 205 1953 326 89 321 190 117 2051 2803 461 615
internal_value=0 0.191601 0.383365 0.30425 -0.179595 0.588234 0.0546845 -0.667231 1.97684 0.936005 2.19166 0.619663 1.90196 0.488603 0.712343 0.558201 -1.77647 0.24143 0.642328 -1.00971 0.473734 -0.666951 -2.51861 0.483407 0.933782 3.08595 -0.556437 -0.82348 -1.53223 -0.25982
internal_weight=172471 87679 52974 46340 12785 4209 2985 2170 815 6634 1335 5299 1207 33555 19363 17647 1300 4092 3099 993 3036 1083 415 668 628 307 8576 6525 3722 1076
internal_count=172471 87679 52974 46340 12785 4209 2985 2170 815 6634 1335 5299 1207 33555 19363 17647 1300 4092 3099 993 3036 1083 415 668 628 307 8576 6525 3722 1076
is_linear=1
leaf_const=0 0 0 0 0 0 0 0 0 0 0 0 0 0 0 0 0 0 0 0 0 0 0 0 0 0 0 0 0 0 0
num_features=1 2 5 4 6 3 5 5 4 5 5 4 5 5 5 5 5 5 5 4 5 5 5 5 5 4 5 5 5 6 6
leaf_features=8  8 9  2 4 7 8 9  2 4 8 9  2 4 6 7 8 9  7 8 9  1 2 6 7 9  1 2 4 7 9  2 6 7 9  1 2 4 7 9  1 2 4 8 9  2 4 8 9  1 2 4 8 9  1 2 4 8 9  2 4 7 8 9  2 4 7 8 9  2 4 7 8 9  1 2 6 7 9  1 2 4 8 9  1 2 8 9  1 2 4 8 9  1 2 4 8 9  1 2 4 8 9  1 2 4 8 9  1 2 4 8 9  2 4 8 9  1 2 4 8 9  2 6 7 8 9  2 6 7 8 9  2 4 6 7 8 9  2 4 6 7 8 9  
leaf_coeff=-0.09901885530552379  -0.14179114126853137 0.073291954060356809  -0.076173488338253048 0.15439808426440538 -0.14487599004832225 0.1875137863326245 -0.042880368617511523  2.7718880369067929 0.41762901308741918 -2.01844715366351 -0.88483646904951463  0.089241717578477167 -0.97267438544102913 -4.0103764138472746 1.938579418084283 1.1091502790619416 1.5112924933709111  -0.2823397456253588 -29.801713078469039 16.424416135024511  -0.62053897380037604 0.89081068650184536 -1.4099432603706192 -6.2057980920184495 5.5807351192706847  -0.99091586312822533 1.5611594279472172 0.82775957080857554 3.416235019429223 -3.0228348171047403  -1.305576081371089 -1.07825780480473 1.6657672098877356 -0.18477009089094737  0.70773068927360328 -3.6501338731496618 -2.4677227017542465 15.240816639648983 -8.3141009277547706  1097233.537127 -1099241.5371762991 -1.793686425391934 -186819.15487530865 1.2504605946392986  0.63179695009198444 3.7677672939266134 -6.5209121351483192 -0.46682947109820816  -4.165234157513126 0.35922547258401211 4.5074963559598871 -13.508313034925777 7.0377137764965942  1.6619889741417637 -0.62435714378302909 -1.2483826266433029 -4.1248865440773441 2.487498457694528  -0.32467015781832348 7.1039869927911132 -2.4191507186040782 -4.4501304010531388 0.54903727508508382  0.18065124238197416 -10.971772384370951 -6.0739822944819544 15.589328489293349 2.3526772845228154  0.0071855590539804844 0.15629164566099157 -2.4982745878463279 1.9010969616290367 0.83225790315345882  -6.9155861114408257 5.1242569451233067 -5.3551336271357286 -4.7444566134880004 8.8870736886117818  -3.3754407708819145 0.37068840001286391 0.78633008376632463 1590.9969973604661 -844.90824901044834  -93.818187615298669 49.654628153066739 2388.769390246272 -1235.2270245295019  2.9038440717900813 1.8796132869902067 -0.088175448391120889 -612.66356353461742 321.5506690695882  0.69958990591098746 2.0794250409764925 0.20300235782600709 -5.1741274602050913 0.49241049079519145  -15.341879095660852 -2.8985304697446228 7.0632130527223813 38.056945669759266 -10.481144089941701  19.132545119454154 -0.97461431689122691 -3.6373475781647189 -37.03603830239954 7.0825568575204674  7.4102115099028767 -3.55598862892783 -6.7858438392016911 19.835431139160757 -14.392647714588385  -7.4914943474012041 -3.8662073011221767 21.865327149030421 -3.1221861592663118  31.499963653725118 0.23714529368241416 3.2779037303974947 -47.612289487739417 -3.2942011772675417  -0.82424447194139161 -0.68029542765023698 1.1731337923859706 0.65181850581182066 -0.61220806451428877  -0.1737476655254484 -4.6525190814513753 5.4772372862794798 -3.4777948255714763 1.559259906100624  1.0374102172191315 -1.6812441502599484 6.3359096964706403 13.075545233372418 -30.426107200430579 2.2539492807773058  -4.0637815648332207 -2.7527957688862479 8.4276997643175715 -4.6265135719606532 -2.8277028746700128 0.46502469290503545  
shrinkage=0.1


Tree=53
num_leaves=31
num_cat=0
split_feature=4 9 0 4 2 1 4 1 4 9 8 8 9 7 6 1 4 4 1 4 1 4 4 1 4 0 7 4 1 9
split_gain=559749 343297 309836 361021 674763 314292 377208 347536 288982 230385 389193 230674 222026 220710 269802 675892 327747 927074 317430 837290 317192 355831 343078 289091 249234 340084 521747 293024 245376 211466
threshold=3.2287771385162909 6.9454859591542002 1.2424533248940002 1.0000000180025095e-35 6.209092791347639 5.0271592211193568 1.175687628581739 6.2156070997535293 2.2242581879713579 6.1003517537352172 3.0000000000000004 3.0000000000000004 6.1003517537352172 5.5458888986947095 6.2412386185762863 3.4811217321331038 5.0767338789019494 4.863673427408628 5.9335696915338003 5.7945356795747589 6.3534997185584592 4.781219932241549 4.1782187062684226 6.16226106286486 4.1971736807086968 1.0000000180025095e-35 5.5510752333351361 4.3851419095492004 4.9593358439305844 7.3818570447967646
decision_type=2 2 2 2 2 2 2 2 2 2 2 2 2 2 2 2 2 2 2 2 2 2 2 2 2 2 2 2 2 2
left_child=2 -2 3 4 -1 6 9 12 -8 11 -11 -5 -7 -3 15 16 17 24 19 -17 22 -22 23 -20 25 -15 -27 -26 -21 -4
right_child=1 13 29 5 -6 7 8 -9 -10 10 -12 -13 -14 14 -16 18 -18 -19 20 28 21 -23 -24 -25 27 26 -28 -29 -30 -31
leaf_value=-1.6959298594365877 -0.087496963370172029 0.67352717811793361 0.3829174898110827 0.34090773708386712 0.76553700856787243 -0.67177853798904152 -0.81087482707024938 -0.41409980528060147 -0.24183691457463788 -0.19022497294361759 0.83111188017797977 -1.8606150664553116 1.4403091440254754 0.58475895257633514 0.54852848426506129 1.2642621959029641 0.17567899453489089 -4.3895568261646627 1.9483751585650282 -1.3608810111880303 0.072628046186681852 2.0166070503847942 -1.6622991049767668 -1.2772431350286078 -2.6672737843281515 -15.510198823733257 -0.96061777207282706 -0.61461433896980444 -7.5445518699355594 2.5488147892989219
leaf_weight=3996 32138 13551 3770 874 1544 590 11602 2480 38673 7679 7257 1045 3182 2974 15370 6183 5056 677 656 124 3726 1260 1696 482 962 25 1744 2510 133 512
leaf_count=3996 32138 13551 3770 874 1544 590 11602 2480 38673 7679 7257 1045 3182 2974 15370 6183 5056 677 656 124 3726 1260 1696 482 962 25 1744 2510 133 512
internal_value=0 0.173965 -0.186562 -0.231511 -1.00992 -0.172744 -0.235902 0.505398 -0.373154 0.173495 0.306015 -0.857941 1.10995 0.32105 0.211444 0.0277738 -0.467171 -0.832696 0.511889 1.03179 0.0837315 0.563886 -0.761029 0.582164 -0.539574 -0.068311 -1.16624 -1.18335 -4.56099 0.641894
internal_weight=172471 89267 83204 78922 5540 73382 67130 6252 50275 16855 14936 1919 3772 57129 43578 28208 13948 8892 14260 6440 7820 4986 2834 1138 8215 4743 1769 3472 257 4282
internal_count=172471 89267 83204 78922 5540 73382 67130 6252 50275 16855 14936 1919 3772 57129 43578 28208 13948 8892 14260 6440 7820 4986 2834 1138 8215 4743 1769 3472 257 4282
is_linear=1
leaf_const=-4.4608750250292815 0.71412770001590509 -3.423589698777505 13.885225396300303 0 -19.281225932390043 0 -0.58378142022415891 -9.1244010966001952 0.88379054060994244 0 0 0 6.2867098122600513 -2.190280335505304 -8.8218787940171755 -12.922316754030181 7.2981859813839041 -71.762995336903259 -52.461918830941435 -54.415112083591524 -4.6581751598138004 -9.5654634418286157 -10.167056269713795 -37.56192202302045 42.557648267521294 -50962.25703611374 -4.8169155383140607 14.415804647354527 381.27103365557269 -110.84305722294376
num_features=2 2 3 3 4 2 4 3 3 3 5 4 5 4 4 4 5 5 5 5 5 5 5 5 5 5 5 6 5 5 3
leaf_features=0 2  4 9  4 7 9  0 4 9  0 1 4 9  0 2  0 1 4 9  0 1 4  0 1 4  0 1 4  0 1 4 8 9  1 4 8 9  0 1 4 8 9  0 1 4 9  4 6 7 9  4 6 7 9  1 4 6 7 9  1 4 6 7 9  1 4 6 7 9  1 4 6 7 9  1 4 6 7 9  1 4 6 7 9  1 4 6 7 9  1 4 6 7 9  1 4 6 7 9  1 4 6 7 9  1 4 6 7 9  0 1 4 6 7 9  1 4 6 7 9  1 4 6 7 9  0 4 9  
leaf_coeff=2.7854596683437651 0.1421740008445383  0.070560802028080349 -0.17534604606494356  0.32054987430567511 0.2294965756963393 0.19096212370577634  0.16956646774860432 -0.5748530557333823 -1.9406843694778957  -3.6316710891076642 0.75651272725669549 -0.18637014688412279 0.085525096533519307  3.8911956095555755 2.6653878860053966  -0.80889237537734859 -0.88265054408416299 -0.25822985168887697 0.96795858422936476  -2.8048604342571903 0.73178225488217763 -0.12976701491400888  -1.170920323533349 1.7603345101770629 -0.66994920180716377  -1.5402429818893169 0.29410245975097443 -0.37399261763554537  4.1975869318554402 -1.0234489184748228 -0.39434566467062199 -3.396618001102846 0.98239080688877678  0.23610181474639269 0.1458684617481488 0.85796072412470048 -0.38850953468423771  1.9726784549075091 0.097748350727226707 0.58715041692848902 390.7655784606934 -265.82277476787567  -1.9171199648862001 -0.47933549074027726 -0.27087535635333782 0.013341347899722678  1.401047084176571 0.83884737571891044 -0.36399440940354 -0.74246285124006595  0.32828873358046168 0.74369375492110523 0.75091613289471304 -0.16265165621687175  0.32247935581335985 0.51395255745732127 -0.77824470946634394 1.5261850015440359 0.87142467237245003  -0.61140293269752066 -0.58596658560832826 1.8449357783306199 -4.6962771332603328 1.5913741551125669  -0.2616622959844449 12.195352012833609 -4.9539031918244296 6.1577165040071122 0.29254892357967038  12.650931004283485 3.2808300631360456 0.24597214463519779 -5.9118312324359072 -0.25014492223817797  1.4287825522443427 -11.582582161177562 2.7601850818651656 11.394679416224244 4.8904290646485258  0.36232607749926871 -0.14946920035141639 -0.13479613122352704 0.45265871038369032 0.15598042644574975  1.6119910214505353 -1.3820197591695433 -3.6087308062540617 2.6838886889279823 1.9370731937970505  -2.3203626096556946 1.4586130589336677 -2.5187857137843821 5.1524605697270092 0.20016374178790103  -0.66023789049431802 -4.7896029116788901 3.3837156638216586 -1.910083419779403 6.667755411376425  0.62595004067033244 -6.4870251837339312 -6.6050970912285267 3.6546299406523759 0.18777207561797696  -17.172276232438161 50.59484221241437 30.206663976050915 9168.6438630342491 -32.36270165030146  0.48662868584467561 1.0793938160440917 -0.48182086087633708 -4.6414890376339377 2.51732602030761 2.1774695107722666  0.54115911222337942 -1.9409306583410626 -5.7348508274455074 -0.54344912937931444 4.2614982696651396  4.1937613373995193 2.3759420961898288 -10.506846022537502 -55.170063593261879 -6.977458944424507  1.6286540461324877 -0.72926990876242148 14.970012223924279  
shrinkage=0.1


Tree=54
num_leaves=31
num_cat=0
split_feature=8 9 1 0 4 9 7 6 9 9 4 5 1 4 3 1 6 4 4 4 6 4 4 5 4 4 5 1 1 1
split_gain=466206 337168 180771 538792 405754 429216 315116 603175 237499 410702 230246 218796 442792 317564 255639 230852 218394 209523 366610 204276 348635 197416 481426 315895 297727 550580 187086 363793 446088 191658
threshold=3.0000000000000004 6.9794518049742544 3.8176519431297078 1.0000000180025095e-35 4.7727987925204269 7.0802787666761651 5.6332349431874329 6.2412386185762863 7.4271755523508984 7.512612293208039 4.1971736807086968 11.813696501525357 6.0051201133541365 4.7207260464697853 5.0564192710100846 7.0089570573954596 6.0580648016235639 4.0297961644437734 4.2084101086347259 5.4816795064439043 6.0353231763817226 6.2255475492814139 5.7945356795747589 12.040729142229177 5.6707422496362438 5.4940891929315976 11.003740161774564 5.9441099918666387 6.2255475492814139 6.5050361168324384
decision_type=2 2 2 2 2 2 2 2 2 2 2 2 2 2 2 2 2 2 2 2 2 2 2 2 2 2 2 2 2 2
left_child=-1 -2 3 6 5 -5 17 8 10 -10 -8 13 -13 14 15 -4 -7 -3 -19 -12 -21 22 24 -23 25 -20 27 -15 -29 -28
right_child=1 2 11 4 -6 16 7 -9 9 -11 19 12 -14 26 -16 -17 -18 18 21 20 -22 23 -24 -25 -26 -27 29 28 -30 -31
leaf_value=-0.16715197570444018 -0.080559956204769273 0.1743570615179697 0.69499386319179346 -2.9740311118174252 -2.8604498809986616 1.0234950915630636 0.43453937079295635 0.58388324052232699 1.7949363889652572 -1.5366064818422693 -2.7177466365784806 -4.7841527478159831 0.71460440425057659 4.082870616397738 -0.43760684224552071 5.032389842772484 -0.92701752689471728 2.2389787639059673 0.38606736838115796 -3.6701354131698611 0.4316563250413582 -11.742710346221925 2.2946769068001838 -0.38805080457273011 -1.3512859813295879 2.8633990571853967 -0.36657620371048349 -2.8881719772421985 2.1935959808013159 2.5210556582515613
leaf_weight=84792 34705 11250 6695 517 842 1372 484 4993 687 802 1427 220 438 699 2336 125 987 1476 9852 300 670 25 1654 1229 832 987 677 218 832 348
leaf_count=84792 34705 11250 6695 517 842 1372 484 4993 687 802 1427 220 438 699 2336 125 987 1476 9852 300 670 25 1654 1229 832 987 677 218 832 348
internal_value=0 0.161716 0.320439 0.217307 -0.929748 -0.364501 0.333614 -0.167003 -1.02494 0.000512358 -1.55492 0.651319 -1.12389 0.74923 0.465245 0.774492 0.207405 0.505278 0.737159 -1.95664 -0.836939 0.585112 0.697999 -0.61442 0.47172 0.611653 1.68657 2.31525 1.13852 0.61381
internal_weight=172471 87679 52974 40386 3718 2876 36668 9363 4370 1489 2881 12588 658 11930 9156 6820 2359 27305 16055 2397 970 14579 13325 1254 11671 10839 2774 1749 1050 1025
internal_count=172471 87679 52974 40386 3718 2876 36668 9363 4370 1489 2881 12588 658 11930 9156 6820 2359 27305 16055 2397 970 14579 13325 1254 11671 10839 2774 1749 1050 1025
is_linear=1
leaf_const=0 0 0 0 0 0 0 0 0 0 0 0 0 0 0 0 0 0 0 0 0 0 0 0 0 0 0 0 0 0 0
num_features=1 2 4 6 5 5 6 5 4 4 3 5 4 4 5 6 6 6 4 4 5 5 5 4 5 4 4 5 5 5 5
leaf_features=8  8 9  4 7 8 9  1 3 4 5 8 9  0 1 4 8 9  0 1 4 8 9  0 1 4 6 8 9  4 6 7 8 9  6 7 8 9  6 7 8 9  6 7 9  4 6 7 8 9  1 5 8 9  1 5 8 9  1 4 5 8 9  1 3 4 5 8 9  1 3 4 5 8 9  0 1 4 6 8 9  4 7 8 9  4 7 8 9  4 6 7 8 9  4 6 7 8 9  4 5 7 8 9  4 7 8 9  4 5 7 8 9  4 7 8 9  4 7 8 9  1 4 5 8 9  1 4 5 8 9  1 4 5 8 9  1 4 5 8 9  
leaf_coeff=-0.083575991372745004  -0.087496716120220697 0.042370173259752168  0.079541060050766721 -0.11484636734978682 0.51057609755667954 -0.22039989413113403  0.063797310911265726 -0.016887124049545593 -1.377123808335422 0.59229042073812443 3.6098712690746653 -1.958907328401142  -1.7048303996249161 1.0445888404414292 -0.80423855400003963 1837.9497976303101 -1052.6718661904335  -1.8174619986848968 1.3385923408723188 2.4077031879269897 -2.1593930363616893 -1.2736649468719408  0.05988296238605955 1.0879990287302974 1.0483524016689287 -0.45656429550604649 6.9431316120719204 -4.2169083132624108  0.14225450017801117 -1.0299820965971336 3.3948047441833866 -2.1418026922914351 -0.6436712677530978  0.091463410826789021 0.69760215550161897 -2.4223005953520897 0.76693015986172675  -6.1481129444327056 3.7273086172594052 -45.037532609072514 26.524260421373768  -5.3114172008903102 7.6277589972260103 -1.7288590892274442  -0.37591949632779348 -6.8626944825492844 6.5020921598842509 3.4258773985808149 -1.3886947638988205  -3.1388423495965072 -0.20275180839842052 8.3589303470533203 -2.7071012581551259  0.39708099646555478 -0.39150371937505501 -2.7716974551182378 1.9025775748891647  1.5029525736072173 -2.8498357699115786 0.82394740510335396 -11.323330706396883 6.3756625404892482  2.2902201421982737 -2.6957032564194452 0.330368886241034 0.12779409968513208 -6.5544731593040524 3.1321752924862496  0.66351886789316272 -0.36939265490958634 -6.5427707938365991 2.6602319109473687 -19.930332638937401 11.231246466701306  -2.201811534517597 2.6778080584604917 0.3836608519060633 -4.169889090153208 10.333203968886483 -3.238654291477542  -1.5907798761652885 -4.7160369913254163 7.3417181663394331 0.73310911493454123  0.1987319138932403 -0.93846013861767974 0.40391748630338498 0.40741060043653765  0.18469137566601149 -2.1994811370973024 4.4506250120231927 -13.363526899229328 5.0490591637115365  -1.4521644839509009 18.677208561242441 7.6602216635680556 -37.480748219512201 0.094371936176708013  23.526272545146639 88.797528374911792 113.30580882008508 -416.70640939671284 -24.879670697704569  -4.0536704578841407 1.1086719695729244 7.5822250892773813 -1.339425408002171  2.2872607924635986 -0.65091032851188013 5.5722756223627021 -12.060948371340965 1.4054842502017892  7.405268267645261 2.6889170829050499 -18.168960531803215 1.860327322631929  -13.218722121520205 -1.2598712167403392 24.544899613037707 -2.0136290473545162  -0.20429953175390081 -5.407917513238873 8.0493182988248488 -12.680299778781341 -1.4747453156276606  2.5408361233945471 5.2770023587486783 -3.8325522291365703 -17.032273162393359 8.9286276258756523  1.0126742632879342 2.9681895212616727 -1.1353860369902351 -4.9173794902349988 1.7579977908751063  0.34277577121486619 -0.83440379182407021 0.16763735205126978 -2.2489438803324449 1.6243452664549296  
shrinkage=0.1


Tree=55
num_leaves=31
num_cat=0
split_feature=4 4 5 0 5 2 1 4 1 4 1 1 4 0 9 4 9 9 4 4 8 1 4 1 9 9 4 8 4 4
split_gain=409072 273591 468844 254211 303216 542327 250068 289978 281924 238481 228685 491970 832999 413014 390476 318315 569816 561239 363483 314957 311723 306339 474068 322289 304278 326692 302222 283196 258403 253544
threshold=3.2287771385162909 6.2255475492814139 12.151883049222509 1.2424533248940002 1.0000000180025095e-35 6.209092791347639 5.0271592211193568 1.175687628581739 6.2353901579610387 2.2242581879713579 5.9952067579627961 3.8176519431297078 5.2945595305272066 1.0000000180025095e-35 6.6602263132402717 5.0829547538235884 6.1003517537352172 6.9454859591542002 4.863673427408628 4.7727987925204269 3.0000000000000004 6.3534997185584592 4.1782187062684226 6.16226106286486 6.4513730507333387 6.6727184231314114 4.8539795841274467 3.0000000000000004 5.0320692442098442 4.3470416791064936
decision_type=2 2 2 2 2 2 2 2 2 2 2 2 2 2 2 2 2 2 2 2 2 2 2 2 2 2 2 2 2 2
left_child=3 2 10 4 5 -1 7 -6 -8 -9 11 13 20 15 -12 16 -2 -18 26 29 -13 22 23 -16 -17 -26 -19 -23 -20 -15
right_child=1 -3 -4 -5 6 -7 8 9 -10 -11 14 12 -14 19 21 24 17 18 28 -21 -22 27 -24 -25 25 -27 -28 -29 -30 -31
leaf_value=-1.5285922792389028 1.3087403512045286 -0.93311777391174167 1.4196529292215194 0.59092494070126267 0.15626867794371588 0.67813656954432555 0.99111781228115814 -0.72066245746908475 -0.38816862574839456 -0.20373107104860866 -1.0255936450785308 0.44142853926396514 -2.2232229901994978 -0.60126355749525295 2.1360732780395462 -0.91983557272242367 -0.72236247441519552 0.23292302821490352 -2.2978074727867144 -1.9095884959583704 1.4472179274692027 -0.23109176735674214 -1.6688589535992762 -0.77907446871168518 2.8482799573106181 0.71907634953264077 1.8423569977524794 1.047068853646494 -0.17719688732403158 0.72373140827722771
leaf_weight=3996 3384 2278 2934 4282 16855 1544 3838 11602 2414 38673 4300 5868 875 6010 757 1004 9131 21114 908 1401 6489 3091 1999 760 797 7519 1235 3947 1565 1901
leaf_count=3996 3384 2278 2934 4282 16855 1544 3838 11602 2414 38673 4300 5868 875 6010 757 1004 9131 21114 908 1401 6489 3091 1999 760 797 7519 1235 3947 1565 1901
internal_value=0 0.148717 0.177047 -0.159489 -0.200203 -0.913576 -0.146347 -0.202683 0.458553 -0.323024 0.133673 0.210092 0.758463 0.080448 -0.222345 0.201807 0.0713076 -0.0520239 0.194566 -0.527611 0.969596 0.104921 -0.65732 0.675617 0.724603 0.923138 0.32186 0.485717 -0.955812 -0.282869
internal_weight=172471 89267 86989 83204 78922 5540 73382 67130 6252 50275 84055 69201 13232 55969 14854 46657 37337 33953 24822 9312 12357 10554 3516 1517 9320 8316 22349 7038 2473 7911
internal_count=172471 89267 86989 83204 78922 5540 73382 67130 6252 50275 84055 69201 13232 55969 14854 46657 37337 33953 24822 9312 12357 10554 3516 1517 9320 8316 22349 7038 2473 7911
is_linear=1
leaf_const=-4.0799317973796407 0 -16.074849115552752 9.8415469141560621 0.88477755598354124 0.0087178239375333543 -17.276096676791351 4.7960525559747111 -0.86247063880034602 -7.4283396877762247 -1.4583968122085254 -4.3797293463710956 0 9.3519116311887043 9.6247079287681121 -83.521627714554782 5.4471886683684723 -4.7808456599608693 -1.4984932392567316 -10.948939958549454 15.800834021541233 0 0 -21.46743612017308 10.156721288478003 235.66373144509271 1.6609775942204579 1849.1590301513672 0 -87.974372918863082 26.154031838973243
num_features=2 3 1 2 2 4 2 4 4 4 4 4 4 3 4 4 3 3 3 3 4 4 5 4 4 3 3 3 5 3 4
leaf_features=0 2  4 5 9  4  4 5  0 4  0 1 4 5  0 2  0 1 4 5  0 1 4 5  0 1 4 5  0 1 4 5  1 4 5 9  1 4 5 8  1 4 5  0 1 4 5  1 4 5 9  4 5 9  4 5 9  4 5 9  4 5 9  0 1 4 5  1 4 5 8  1 4 5 8 9  1 4 5 9  1 4 5 9  4 5 9  4 5 9  4 5 9  1 4 5 8 9  4 5 9  0 1 4 5  
leaf_coeff=2.6197948339859751 0.12415363130937039  1.313578317481074 0.093375558471205988 -0.92641077105577097  2.3709112349734371  0.6882752412350357 -1.0098538924612512  -0.11720467266886203 -0.16993048222470525  0.94277469194811836 -0.38242065537536557 -0.26626116097441666 0.055854977658884947  3.505417334165418 2.3849507648940973  -1.554787391282165 -0.52850271961152662 -0.60033074607410986 0.23910244424072291  -2.4504040985042241 0.65872059154688778 -0.19295063588212502 0.059361285354492567  -1.164002433107467 1.8262652966889619 0.32924993126454755 -0.57200203906828051  -1.0520101596210167 0.2678918448351838 -0.58172052131489349 0.31062971322569982  1.2082887410338345 0.17093103850434091 -0.85192136209375358 0.55445040922188582  0.048281152945222061 -0.135695115774638 -0.40480236792184315 2.3380211175007846  -1.9388065542188202 -4.8860452080061805 2.259486287605978  0.59232516666096446 0.76592238234884213 1.7189721028809459 -1.9899413789244136  15.524160015548114 3.8928757864154253 -0.89175350838540912 -2.0262156529229971  -1.6738390920400776 0.3216618302129291 -0.11443914879616841  0.25206951382979098 -0.033372059687621913 0.51237830988061439  -0.6405828438064376 0.48645260926972045 -0.10260050040060378  -4.4720997015203467 4.0022845609014954 -1.8659362828751  -1.0751982377190075 0.74093006141827122 6.0058272901840617 -4.5069640846563743  0.28400523691483387 0.8712172113634552 -0.92090822910140568 1.4171495194797901  0.42363579767884829 -0.23749807330338335 -0.2425717282680914 0.47143416705997654 -0.088642165666848891  2.202988482145702 1.0351666702535114 0.16468520755170177 -0.069926608034120361  -3.4007321884129853 -4.9011799133779395 1.0104494292520598 2.5793150834045835  2.064612970604776 -1.371367881526635 -34.275031380972358  -0.31653054878812842 -0.18260324302762002 0.40451637705232318  -372.69309539794926 -2.0923174746567383 -1.6662619363480191  0.88729028179261649 0.2796990120061878 -0.030067452716650678 -0.58998141959712036 -0.50363593657253891  14.512051627322217 -0.48046024837265694 2.6711607640304069  -1.357549051250188 1.6473262227254546 1.7470374389022283 -3.5283504354507387  
shrinkage=0.1


Tree=56
num_leaves=31
num_cat=0
split_feature=9 9 6 8 4 1 1 2 4 9 4 9 4 9 4 4 1 9 8 4 8 4 6 7 7 4 2 8 1 4
split_gain=351580 537354 273797 199998 195295 237442 375321 367710 444040 330313 383888 399126 374806 304266 269884 240665 515490 208581 255336 204450 196240 195122 189188 378086 181170 179358 176815 234100 166895 162060
threshold=7.295473267315983 7.4271313124684308 6.8606912553723838 3.0000000000000004 2.9040712449902224 6.0246567833931746 6.3741723047025554 3.9134495399193496 4.9921303812793063 6.1003517537352172 5.0829547538235884 6.9454859591542002 6.1075793708269659 6.1003517537352172 5.2945595305272066 4.1782187062684226 6.197461422143415 6.6602263132402717 3.0000000000000004 6.4618586488452534 3.0000000000000004 4.4801696832460456 6.0915827849118553 5.6314463466922167 5.9219707886874309 6.3469511894790713 6.6046208727743378 3.0000000000000004 4.8713658868283671 4.863673427408628
decision_type=2 2 2 2 2 2 2 2 2 2 2 2 2 2 2 2 2 2 2 2 2 2 2 2 2 2 2 2 2 2
left_child=4 2 -2 -3 26 7 15 9 13 14 11 -11 22 -9 21 16 -7 -8 -19 25 28 -6 23 -12 29 -14 -1 -28 -15 -13
right_child=1 3 -4 -5 5 6 17 8 -10 10 12 24 19 20 -16 -17 -18 18 -20 -21 -22 -23 -24 -25 -26 -27 27 -29 -30 -31
leaf_value=-0.31471632372154323 1.1597826360723411 -0.063863236352688715 4.6756111641891867 0.30048512104284736 0.43482611570670171 1.05450211744366 -0.64671380820444346 -0.32661258506545798 -1.8959525298338669 -0.62791094084674859 1.212567406342612 0.0092751005840271926 -0.93002630754577753 -0.50457486008993635 -1.204285771001409 -2.0432162937339147 -2.1733852541044243 -0.37481752471251634 1.1679445005824682 1.261167273393536 1.6934129321691853 1.659909879271027 1.2814275636902468 -1.5004896957512805 0.9445774463590082 -4.0981856692921035 -0.097745637507924865 4.5083054256978015 0.99953481776394204 -1.3394729453205179
leaf_weight=37882 3195 30303 238 29962 3881 1052 3041 1875 650 16888 1252 16115 553 965 722 1875 934 2043 2259 261 3167 1955 3740 871 1983 264 293 177 3132 943
leaf_count=37882 3195 30303 238 29962 3881 1052 3041 1875 650 16888 1252 16115 553 965 722 1875 934 2043 2259 261 3167 1955 3740 871 1983 264 293 177 3132 943
internal_value=0 0.186602 1.40352 0.11728 -0.109231 -0.0103464 -0.432494 0.0695249 0.629472 -0.0413701 -0.142478 -0.274005 0.53835 0.809089 0.619578 -1.23067 -0.463548 -0.0128043 0.435294 -1.17538 1.10224 0.845217 0.853445 0.0994856 0.0398846 -1.95376 -0.2908 1.63687 0.64526 -0.0652864
internal_weight=172471 63698 3433 60265 108773 70421 11204 59217 9789 49428 42870 35929 6941 9139 6558 3861 1986 7343 4302 1078 7264 5836 5863 2123 19041 817 38352 470 4097 17058
internal_count=172471 63698 3433 60265 108773 70421 11204 59217 9789 49428 42870 35929 6941 9139 6558 3861 1986 7343 4302 1078 7264 5836 5863 2123 19041 817 38352 470 4097 17058
is_linear=1
leaf_const=-0.48119352918620284 18.126108331582511 0 396.77495454344898 0 0 -42.670547261857429 -3.6096827353385379 0 21.201269673489335 2.7800188389692266 17.835047770591338 0.35510996925752353 -10.886041283069062 0 0 -35.665002705912052 -45.530187084875074 0 0 -80.234690144503844 0 0 -1.5519166819809471 12.871123009634903 -37.382745641261863 -45.216821296513082 0 0 0 37.935847716243011
num_features=3 2 2 2 2 4 3 3 4 4 4 6 5 4 5 4 3 3 4 4 2 5 4 5 6 5 2 4 4 5 5
leaf_features=2 4 9  6 9  8 9  6 9  8 9  1 2 4 9  1 4 9  1 4 9  1 2 4 9  1 2 4 9  1 2 4 9  1 2 4 6 7 9  1 2 4 7 9  1 2 4 9  1 2 4 8 9  1 2 4 9  1 4 9  1 4 9  1 4 8 9  1 4 8 9  4 9  1 2 4 8 9  1 2 4 9  1 2 4 6 9  1 2 4 6 7 9  1 2 4 7 9  4 9  2 4 8 9  2 4 8 9  1 2 4 8 9  1 2 4 7 9  
leaf_coeff=-0.0067206097392998876 -0.018631362496347139 0.030534027918314166  0.049081871935527488 -2.3170342679906755  -2.8496665091977778 0.75360562660325747  -2.7644836464940457 -50.344668042543347  -2.2381234654130822 1.2382466241557268  -0.53801473192361549 0.56950260877548409 0.46876743927285391 -0.226348046336107  5.323941850263509 0.59346282582473575 1.3839562174385209  0.48369271648961104 -0.17134988280013985 0.070679195658033225  -0.7801688266526704 0.26434751713499516 -0.50654774076874531 0.76022702874147541  -1.23743261215906 -1.4424509151227314 -1.7086851614284115 0.038299857199388047  0.70294542954640493 -0.65934462325941046 0.04651177335966139 -0.55537563997747841  1.9740611987638161 -3.1299034486805684 2.2208208739278237 -0.89767701997165816 -3.7957482790203358 -0.36816457666324143  1.1876717646937205 -1.3677261820115858 0.11367984343593592 -1.0136036701846336 0.70314128018270816  -0.31631892631205577 -0.56282051393646959 1.8812372642638366 -0.24902531158351737  0.12571574886731601 -1.0093737007758476 1.6859417939629815 4.0613764032962081 -1.5865464138887491  -1.5677038289461167 1.7675200762765115 0.15587557898631987 -0.36100923896905218  5.1465665076113511 0.78425116552851082 -0.30074975370188783  9.015788147985587 -1.2806220735702027 -1.3396104409402483  1.3600656391344204 -0.15950420783716837 2.0296548508626984 -1.862334793809987  1.0352971390323107 -0.11106808343226611 -2.0508912170076656 0.4116525727944691  2.2636999999327601 9.4162764910965961  -0.22769345310800093 0.64899069986018432 -0.75615723580942817 1.419870716113701 -0.41783680170000254  -1.965224116964652 1.4074655770392746 -2.459310494113129 2.3336436560265383  -1.5636105133526357 0.89313973437554639 1.1164154375340787 -0.15891930467073509 -0.34557185678384034  -1.1386431991846961 1.6276376687432645 -2.8446186809864686 2.3579781973732681 -1.4385792126671733 -0.64836475200288712  -1.4802783381879552 1.0927456612132289 -0.12669266666600834 1.1874971340036609 4.4580242772401109  7.2075213493459165 -0.69942276795718505  -5.9698256682510271 -0.29780051366486421 17.173659648842403 0.90623441871629107  12.480498838451258 -0.16920725600946299 -26.079402138837033 3.6598588118034971  -0.6610387450776557 0.059043880332555615 -0.83311196992384662 -2.1121788153430319 1.7157605979144366  3.0546766548283131 -3.2412255438363449 5.088493419795487 -5.5800120794399852 -4.7067843696971066  
shrinkage=0.1


Tree=57
num_leaves=31
num_cat=0
split_feature=4 4 5 6 4 7 1 0 4 2 3 8 1 4 1 4 9 9 8 3 9 9 0 1 9 1 9 2 0 2
split_gain=285327 213156 234163 379457 222888 214034 207740 196776 265630 410692 195294 195075 193366 238896 210414 198689 192779 1.19254e+06 217004 528835 359487 660306 625187 372107 782149 390965 337479 272285 216432 216063
threshold=3.2287771385162909 6.3017023852040754 11.567887022865024 6.0542055471633542 6.5865163635894595 5.6332349431874329 5.8874909948915191 1.2424533248940002 1.0000000180025095e-35 6.209092791347639 4.4068404997506354 3.0000000000000004 5.0271592211193568 1.4451858789480825 6.2353901579610387 2.2242581879713579 6.6727184231314114 6.9501919588448233 3.0000000000000004 4.2011151152543027 7.2691086197132186 7.4106646516368597 0.89587973461402759 5.0271592211193568 7.5076968258983898 3.7256208424938388 7.4682635250639633 5.0945164844816526 0.89587973461402759 2.8429223869847671
decision_type=2 2 2 2 2 2 2 2 2 2 2 2 2 2 2 2 2 2 2 2 2 2 2 2 2 2 2 2 2 2
left_child=7 2 -2 5 -3 -4 -7 8 9 16 11 -9 13 -10 -14 -15 28 -18 20 -20 -19 22 -22 24 26 29 -23 -25 -1 -26
right_child=1 4 3 -5 -6 6 -8 10 12 -11 -12 -13 14 15 -16 -17 17 18 19 -21 21 23 -24 27 25 -27 -28 -29 -30 -31
leaf_value=-3.2797459519809866 0.069012737847163858 -1.8481108396956065 0.50140331587338127 0.76677385255674224 1.0886388607301576 -1.9922184667537721 0.11106662676319685 1.5216123584831178 0.15288426829292265 0.54841749272236862 0.38270523495526682 8.5041331052780151 0.87339523182793632 -0.64934906432451733 -0.31819243415335219 -0.17148883730705611 11.016905775070192 -4.2004007595549062 -0.31379038787148616 -10.273350578654897 11.696932880853264 3.4312635447469448 -0.29784697435264079 -15.542800834178927 -4.7543410442769529 0.02926406428885104 16.076202535629275 -3.5901514345738628 3.7335358619689942 -19.115465086156672
leaf_weight=690 72733 1030 1399 11824 345 1135 801 129 17230 1544 4095 58 3838 11227 2414 38673 80 574 1739 55 71 62 112 20 20 67 32 405 47 22
leaf_count=690 72733 1030 1399 11824 345 1135 801 129 17230 1544 4095 58 3838 11227 2414 38673 80 574 1739 55 71 62 112 20 20 67 32 405 47 22
internal_value=0 0.124202 0.14353 0.501062 -1.11125 -0.441002 -1.12201 -0.1332 -0.169021 -0.836718 0.527021 3.68731 -0.118613 -0.168152 0.413304 -0.279003 -1.37192 -1.04162 -1.34507 -0.619128 -2.28539 -0.930004 4.35587 -2.47031 1.05178 -4.71254 7.73592 -4.15263 -2.83249 -12.2768
internal_weight=172471 89267 87892 15159 1375 3335 1936 83204 78922 5540 4282 187 73382 67130 6252 49900 3996 3259 3179 1794 1385 811 183 628 203 109 94 425 737 42
internal_count=172471 89267 87892 15159 1375 3335 1936 83204 78922 5540 4282 187 73382 67130 6252 49900 3996 3259 3179 1794 1385 811 183 628 203 109 94 425 737 42
is_linear=1
leaf_const=513.81044844239955 0.67668826678149685 4.0218019989551976 67.627069778600713 0.42835692108856166 15.499950136585539 0.33894909213995561 -41.083784822564489 0 0.29956422434254792 -12.794267148436303 6.5656999811397787 0 5.4712147548245866 -0.67443937845768009 -8.9074423936319818 0.80453264750299813 574.18013067962602 0 0 0 0 0 0 0 0 0 0 0 0 0
num_features=2 2 1 4 3 1 5 5 4 3 2 3 4 3 3 3 3 3 4 5 4 3 5 3 5 5 5 5 5 3 4
leaf_features=2 9  4 5  4  4 5 6 7  4 5 6  4  1 4 5 6 7  1 4 5 6 7  0 3 4 8  0 1 4  0 2  0 3 4  0 3 4 8  0 1 4  0 1 4  0 1 4  0 1 4  0 2 9  0 2 8 9  0 2 3 8 9  2 3 8 9  2 8 9  0 1 2 8 9  2 8 9  0 1 2 8 9  0 1 2 8 9  0 1 2 8 9  0 1 2 8 9  0 1 2 8 9  0 2 9  1 2 8 9  
leaf_coeff=1.2355937700549475 -78.628654655022558  0.048437620987601453 -0.078790732966476901  -0.91606572607597636  -42.466584376382713 43.776352617496379 -46.511713710399455 -10.50926126471386  -17.245595967487656 17.370091671467915 -17.416359162896022  -2.1522510407210578  -0.14217504194955383 -37.431818279349685 35.064128704016184 -40.559880878548576 7.9362425501662077  1.1676446908363614 151.01768601190943 -147.53600065684932 150.27562186641518 -0.89360228504010597  -3.5718392953629521 -0.50155931224259831 -1.3039389919757352 5.0227786034687485  -3.3373672058515123 0.56643840407633506 -0.17313152381701685  3.1779479386570983 1.7100839612149004  0.27079866541716202 -1.2507497695170657 -0.10711822161320246  13.295920913150553 -2.6324623393069149 -0.045275723840137519 -0.93819224704836879  -1.3676514605474723 -0.44216744256064544 -0.37201558338753671  -1.9246646436249262 0.5228670261681766 0.0056099705957450398  -1.022573090445863 1.5762774065636052 -0.32893173628207395  -1.1651372048846007 0.2230080573165294 -0.32523448330429972  -14.053890787777982 0.28764326848126986 -80.050530627684211  10.954937906579051 0.34192886480908186 -30.581810524759931 6.6606060865655312  76.119462435295631 -0.17388948027953877 -8.9226479668863412 -14.847602753050388 0.97635449010012965  -4.3701905885244292 4.6848230103672677 39.148657109583297 -22.79302744590532  -17.66051577828912 271.10330727491527 -58.019039368233649  926.0973553940654 -556.02622552923856 561.26890323497355 8069.6057905316356 -2261.9873591154815  2.6835151623527964 42.429668478532406 -13.669007276481352  -49209.774441517889 28900.063972146811 -29016.970281228423 17869.343519027905 -139.7269165279111  5051.8580420404678 -3093.2497304946187 3110.7085630886259 12284.840362358094 -3743.2315356135368  8906.0169243095188 -5329.3501154481919 5330.0562984515072 -5199.8255324631937 562.32141069644138  -792.42178802997807 469.02872220301072 -468.20257118423473 1983.2189019963146 -453.62364396639168  -47491.138946494371 27849.594150451572 -27848.245437318648 16309.752527438815 38.561271698708879  199.38607366867365 -0.98740729612334244 -31.603345877584072  -13.879327795049177 11.293985206692014 3626.2234259605411 -966.86285197734833  
shrinkage=0.1


Tree=58
num_leaves=31
num_cat=0
split_feature=9 9 6 1 9 9 7 4 4 4 4 4 5 0 6 4 4 9 3 1 7 1 4 4 1 4 1 4 4 4
split_gain=275236 436293 220755 161038 354459 648034 439239 364060 225603 203014 277047 245423 184317 339810 164113 154508 217926 191762 227885 245713 555598 285919 173851 151984 296721 337315 225745 192258 307638 346785
threshold=7.3121996442511286 7.4271313124684308 6.8533970926801766 3.2384861814448418 7.4271755523508984 7.4989406754145813 5.5774024496668533 5.6707422496362438 6.0759204136906222 4.789570747856378 4.637150300467531 5.4816795064439043 8.8587595730428816 1.8688348091416842 6.2801024030324433 6.2349006816615464 5.7945356795747589 7.4073282940106013 2.3524692251133787 6.5715827525167967 5.3500700755504447 6.1727433506564262 6.5865163635894595 4.7295953278168996 1.8688348091416842 6.1075793708269659 6.7256335222627959 6.1031175661642409 5.9769850247919321 5.864340898925211
decision_type=2 2 2 2 2 2 2 2 2 2 2 2 2 2 2 2 2 2 2 2 2 2 2 2 2 2 2 2 2 2
left_child=23 2 15 4 6 7 -3 -6 -7 10 -8 14 13 -5 -11 16 17 18 19 20 21 -2 -17 -1 25 27 -26 28 29 -25
right_child=1 3 -4 12 5 8 9 -9 -10 11 -12 -13 -14 -15 -16 22 -18 -19 -20 -21 -22 -23 -24 24 26 -27 -28 -29 -30 -31
leaf_value=-0.14773486678800471 14.551491225318301 0.20286447680700764 4.1552770243112347 -0.29961866842036894 1.9923952101071121 0.014689360143380101 -0.73801196021704307 0.30983500887509502 -9.6853818358232573 -3.927308015976088 2.6382838039171128 -0.15089330673217774 0.61455487431508704 11.174263407633855 -1.4151494227165033 -3.8027923251643325 2.8965640093747487 -0.3596478496122798 0.5913012691801981 -2.7154961452149511 1.882197995291425 4.2488840476326324 1.7569183096593741 0.51604051531326445 -0.74351776859693663 -1.0300257046078298 0.91931337490789478 3.2960125019487823 -1.938057505262309 2.6539050713091625
leaf_weight=91659 65 7362 249 3562 2849 25001 6833 2344 24 562 252 547 10419 26 484 132 631 872 829 57 271 46 98 8954 4428 1354 1001 267 464 829
leaf_count=91659 65 7362 249 3562 2849 25001 6833 2344 24 562 252 547 10419 26 484 132 631 872 829 57 271 46 98 8954 4428 1354 1001 267 464 829
internal_value=0 0.165479 1.29408 0.104615 0.0146627 0.216341 -0.365282 1.23293 0.00538659 -0.84727 -0.617924 -1.86731 0.40168 -0.216475 -2.76489 1.05668 1.26341 0.781852 1.56686 3.40908 4.32296 10.2819 -1.43387 -0.0964285 0.175451 0.455581 -0.436925 0.646898 0.577872 0.697201
internal_weight=172471 63515 3250 60265 46258 30218 16040 5193 25025 8678 7085 1593 14007 3588 1046 3001 2771 2140 1268 439 382 111 230 108956 17297 11868 5429 10514 10247 9783
internal_count=172471 63515 3250 60265 46258 30218 16040 5193 25025 8678 7085 1593 14007 3588 1046 3001 2771 2140 1268 439 382 111 230 108956 17297 11868 5429 10514 10247 9783
is_linear=1
leaf_const=-0.86965200093991379 -1430.5529734376819 0 336.30547073017806 27.560061979046441 274.86643967949789 46.26148330573924 0 77.256435288162905 7418.8222393393517 0 0 0 36.984267382216061 -2149.6070891197774 0 951.60962028950462 111.33851314485074 -661.20474585704505 -80.942806804960128 1565.172217668174 -53.912294554803523 892.24135745158424 424.09311980791392 6.858599313519699 -1.9372517552596493 -23.858628187991236 -13.686704440836548 -2154.4804855585098 -359.83228273091959 119.26021406445653
num_features=2 5 3 2 4 2 3 4 2 3 5 4 4 3 3 5 3 3 3 2 2 4 3 3 3 3 2 3 2 3 2
leaf_features=4 9  1 4 6 7 9  1 7 9  6 9  0 1 5 9  4 9  1 4 9  1 4 7 9  4 9  1 4 9  1 4 6 7 9  1 4 7 9  1 4 7 9  1 5 9  0 1 9  1 4 6 7 9  4 6 9  4 6 9  4 6 9  3 9  1 9  4 6 7 9  1 3 9  4 6 9  1 4 9  1 4 9  4 9  1 4 9  4 9  1 4 9  4 9  
leaf_coeff=0.034457312360961369 0.093294230667849129  4.4327375243694407 190.99480670552003 110.66499704855379 -249.82475169914542 192.47422346244568  -0.15151647642254748 -0.10900310034490016 0.091319482652119977  -1.3989012067602744 -43.535965833999221  0.57505506756804869 -0.030570448084800719 0.06209152721737006 -3.8014748937099285  0.18088147040630248 -36.617334157828012  -0.24343015424006609 0.078051568237104629 -6.1834839689137882  0.2898104141450647 -0.35222636840707655 0.069737271111807789 -0.014856438394122052  0.43884177389932122 -10.680053570553719  7.1583766189331079 -98.187617748975754 -907.41558728218081  -0.74049077723150281 -1.9489962143279627 -9.202596268990419 2.2341516811047768 6.6680857088009367  0.10236416578804892 -28.321619263049797 -0.75956618124564557 18.91487137339136  -0.082935763918835559 -3.5482090434542641 -17.626349284588013 16.230561359141074  -0.085273495152039136 -0.19387631064438723 -4.5437035620227109  12.808282082736334 -0.6845903995315894 286.88833576249891  -3.1932800822205025 -4.4633015563885463 0.42263129284795015 -0.70854436581275881 3.1131780006378906  -8.7717342608564657 4.2578895901977374 -124.86038580304012  -4.2367545210596296 -1.4004563167622111 -10.027395114954562  -0.95743407874642805 0.58134926020735522 89.079473902122118  -0.45069258516153926 11.409871456076509  3.2353699187267924 -215.35415960578248  -0.77705864357858445 -1.1774276306221283 0.21127344704931375 8.7786564637557607  32.559918765398471 -3.8360612603795747 -148.58939890845795  3.0137797591567508 13.866825913070352 -71.019080003397548  0.56535880924278892 -0.78251268972359478 -0.33668091041757864  0.12752267134567852 -0.75282039244450516 0.66599820619254335  3.6144194833417718 -0.026483726720925915  0.93044874225654439 -0.84259542263826581 1.8815627048802526  353.83057365119458 -0.43335786030947931  2.6731993421613769 59.234226915407639 -0.090194575661848839  -22.671586517972173 2.6085696706942034  
shrinkage=0.1


Tree=59
num_leaves=31
num_cat=0
split_feature=8 9 1 1 1 0 1 7 9 7 6 4 7 4 1 4 4 4 2 4 4 7 9 4 4 4 4 4 4 5
split_gain=226770 177916 261072 234057 232173 372233 407128 285688 323241 224842 289996 346652 265724 221331 220608 280055 277847 278316 196931 190458 219468 186050 173885 160706 244292 547722 348695 235868 161187 160449
threshold=3.0000000000000004 6.4513730507333387 6.0924398260614181 6.3826613261450529 5.3636340903656388 1.0000000180025095e-35 2.9700856263602158 5.1020931031822991 6.9736019927576525 5.6629688250523982 6.3290801027163601 5.4816795064439043 5.9277329842421507 4.1971736807086968 2.9700856263602158 4.9505298037307313 4.4914374975064755 5.3095037919739001 4.3027119124052993 5.9642216044646252 6.0408495953452093 5.4659494535355906 7.512612293208039 6.3469511894790713 5.4816795064439043 5.5500479024995064 5.7945356795747589 6.0045039703310037 6.4618586488452534 11.921731652097241
decision_type=2 2 2 2 2 2 2 2 2 2 2 2 2 2 2 2 2 2 2 2 2 2 2 2 2 2 2 2 2 2
left_child=-1 2 14 -4 5 9 -7 8 -8 23 11 12 13 -11 16 -16 -2 21 -6 -13 -21 -18 29 24 -3 -26 -27 -28 -25 -9
right_child=1 4 3 -5 18 6 7 22 -10 10 -12 19 -14 -15 15 -17 17 -19 -20 20 -22 -23 -24 28 25 26 27 -29 -30 -31
leaf_value=-0.11658144367002979 -0.4837365916095494 0.24110723791086783 -2.7003030349320798 -0.49662044271944494 6.4438192346639802 -1.605174947154421 -4.6938421393429373 0.049910909919778375 -0.51792768378006782 -0.066228817236747631 0.47507643883305994 1.0777825483412509 2.4209965429362463 -2.1603661536777539 0.98999725844650488 -1.8206710469483132 2.648788026801487 -0.7348429862489092 0.55262914367821725 -4.3367312812805174 -0.02581819872702322 0.60503854699981163 1.4051749843518175 -2.7528940280994494 3.0719232964539365 -0.80880719324585737 2.1349232975478802 0.35267960740836835 0.036699384146363194 -3.6190249947028437
leaf_weight=84792 10168 31292 679 1661 57 2418 257 3853 665 662 3161 1182 169 2124 3244 398 523 1457 12559 155 496 3003 1011 333 1007 1413 1267 1794 548 123
leaf_count=84792 10168 31292 679 1661 57 2418 257 3853 665 662 3161 1182 169 2124 3244 398 523 1457 12559 155 496 3003 1011 333 1007 1413 1267 1794 548 123
internal_value=0 0.112783 -0.139995 -1.13607 0.193058 0.102716 -0.5121 -0.0648064 -1.68193 0.214979 -0.268292 -0.759059 -1.42921 -1.66276 -0.0159703 0.682846 -0.183952 0.427771 0.579246 0.321298 -1.05223 0.908181 0.234169 0.317001 0.348978 0.964831 0.49057 1.09038 -1.01771 -0.0635899
internal_weight=172471 87679 21133 2340 66546 53930 8327 5909 922 45603 7949 4788 2955 2786 18793 3642 15151 4983 12616 1833 651 3526 4987 37654 36773 5481 4474 3061 881 3976
internal_count=172471 87679 21133 2340 66546 53930 8327 5909 922 45603 7949 4788 2955 2786 18793 3642 15151 4983 12616 1833 651 3526 4987 37654 36773 5481 4474 3061 881 3976
is_linear=1
leaf_const=0 0 0 0 0 0 0 0 0 0 0 0 0 0 0 0 0 0 0 0 0 0 0 0 0 0 0 0 0 0 0
num_features=1 4 4 3 3 4 4 5 6 5 5 4 5 5 5 4 4 5 4 4 5 5 5 4 4 4 4 4 4 4 6
leaf_features=8  1 4 8 9  4 7 8 9  1 8 9  1 8 9  1 2 8 9  0 1 8 9  0 1 7 8 9  0 1 5 7 8 9  0 1 7 8 9  4 6 7 8 9  6 7 8 9  4 6 7 8 9  4 6 7 8 9  4 6 7 8 9  1 4 8 9  1 4 8 9  1 4 7 8 9  1 4 8 9  1 2 8 9  4 6 7 8 9  4 6 7 8 9  1 4 7 8 9  0 1 7 9  4 7 8 9  4 7 8 9  4 7 8 9  4 7 8 9  4 7 8 9  4 7 8 9  0 1 5 7 8 9  
leaf_coeff=-0.058290722872836723  0.068302596941981528 -0.020408258472119734 0.96239198973262319 -0.69797172554212927  0.051588530886414755 -0.11850880619129028 -0.41909797058948473 0.31890911955105711  -4.9332728805308994 4.2094731964932182 1.8341515688923664  -0.091814608523093366 -0.83910387781977536 0.56504898791698677  2.8307292939240711 -18.837898423000116 8.8287533439039176 4.3974246154620236  -4.8462705726276001 0.9007389598086466 -4.1736838649544099 2.2630686284817103  20.461538576199018 1.5491733761700972 1.3969702444122163 -21.79299318899357 8.9559118016317374  -0.61704285773514289 0.28905796788226806 -0.0041788692667073194 -1.4902792478693652 0.99631676304295524 0.54859911441991116  4.6379685954503485 0.49381075007402037 -0.44331547944152361 6.5122323509042195 -4.3858015179467431  -0.13859342067738009 -0.64130401406686632 -0.04838337472220431 -2.5914853687976485 2.0617460276444222  -0.53433468102956572 0.75293276704819234 -0.99706062521376004 0.50171674333311678  0.41674083995060873 2.7578719579722533 -2.5993191747275661 3.0164156584050943 -2.1230210983557298  0.3129866700174006 -9.8726505133421369 1.7540246809692919 4.0236634308287194 4.8897704148791039  0.92329683844160404 -1.7988300246168025 -5.6635341146916689 6.6690436431882523 1.4116857175644328  -0.18649057820203851 -0.80263459561060702 -2.211426240991432 2.2858973482367446  -1.1806864856415629 -0.14509171948062657 3.2890971242961768 -1.3653869067855795  -0.38670257614619463 6.4865200475760965 -5.4179055098467872 8.2567067343830782 -5.2436542186852426  0.26408764839043963 1.2545763503504959 -4.0379741102976601 1.3053965941987145  -0.017220321310307797 0.13217549809394386 0.79630120493535517 -0.45813826677548947  -23.690985557654223 8.9378709156352905 35.459876032957666 -39.284679536581464 5.2537487898488511  -2.4126900398338256 4.4887919711564308 6.9252089426075774 -16.391609150693718 1.8570181355144453  0.14706680633872313 0.62302081973266477 -1.0145656952447084 4.6424487823376692 -2.4914727717697023  0.12753496516036195 1.1426156266021317 0.99193456954267278 -1.2037522202723723  -36.833513955984792 1.4148930921215652 49.305638660773553 3.7995876933680393  30.643675179615911 2.6264713768136065 -38.846441735274311 -3.5874096747450039  -11.893225883491574 -1.7689853566896545 13.526513479460068 3.1264055198587357  1.1676915702041926 5.458516500024257 -8.6774221394932294 -0.074533092354590741  -2.4833911278469518 -4.4642254380922166 7.5128953377113703 1.4444471832681984  3.1430566279560637 2.840339557663091 -6.0545800002875412 -1.6982323736172646  -0.030807633985267559 -3.8373286837706391 13.169599215693962 10.82596350479089 -42.698417580454773 -4.9781995375929915  
shrinkage=0.1


Tree=60
num_leaves=31
num_cat=0
split_feature=9 9 6 3 4 4 1 9 9 7 4 4 4 4 4 5 0 3 9 9 9 9 5 9 8 1 9 8 9 3
split_gain=199256 342323 184394 127941 141695 137271 123768 295986 487776 338157 293917 181794 159465 237007 183221 147769 290342 512335 1.538e+06 159369 272875 231105 151350 147590 526508 321312 225730 163635 604072 278944
threshold=7.3121996442511286 7.4271313124684308 6.8606912553723838 5.5898099173106575 6.2349006816615464 6.5865163635894595 2.9700856263602158 7.4271755523508984 7.4989406754145813 5.5774024496668533 5.6707422496362438 6.0759204136906222 4.789570747856378 4.637150300467531 5.4816795064439043 1.0000000180025095e-35 1.2424533248940002 4.0257211841854144 7.4627425144757096 7.5121481109480532 7.512612293208039 7.4271755523508984 7.9078355196717807 7.4904299414286815 3.0000000000000004 6.5532206455302013 7.4989406754145813 3.0000000000000004 7.5031049517566641 1.5105932097118195
decision_type=2 2 2 2 2 2 2 2 2 2 2 2 2 2 2 2 2 2 2 2 2 2 2 2 2 2 2 2 2 2
left_child=-1 2 3 4 -2 -6 7 9 10 -3 -9 -10 13 -11 -14 16 17 19 -19 21 -21 -8 -17 24 -23 27 -27 29 -29 -25
right_child=1 6 -4 -5 5 -7 15 8 11 12 -12 -13 14 -15 -16 22 -18 18 -20 20 -22 23 -24 25 -26 26 -28 28 -30 -31
leaf_value=-0.082047063841191967 1.3487985717793054 0.15410317158726014 3.8201001942157746 -1.1652892468455143 -3.3492311940048682 1.5910649825115595 -1.5286617848209576 1.7533418663345584 0.013070527932961816 -0.67879692502993871 0.24153398800221729 -8.694466016814113 -2.47679528280247 2.6002902401121037 -0.20094705236156415 3.0512256108797513 4.6175208016083795 7.0328694843110586 -31.714731178283696 -9.9082185926891526 -1.3930379456578039 1.0377999654924028 0.4116440015138273 -2.6414374207107114 13.245790029126546 -0.79389749548651967 -11.471224021911622 19.751661930084229 1.4942007035171432 9.2296965723452367
leaf_weight=108956 2516 7250 238 266 132 98 549 2849 24635 6632 2344 24 1022 228 541 221 104 21 20 42 362 198 12722 142 43 44 36 20 193 23
leaf_count=108956 2516 7250 238 266 132 98 549 2849 24635 6632 2344 24 1022 228 541 221 104 21 20 42 362 198 12722 142 43 44 36 20 193 23
internal_value=0 0.140797 1.1405 0.928764 1.13161 -1.24424 0.0868841 0.00533965 0.190096 -0.346562 1.07095 0.0045957 -0.777504 -0.569813 -1.68906 0.338737 -0.511003 -0.826045 -11.8684 -0.551991 -2.27828 0.00683924 0.456715 1.21283 3.21599 0.158771 -5.59869 1.37728 3.20852 -0.986673
internal_weight=172471 63515 3250 3012 2746 230 60265 45525 29852 15673 5193 24659 8423 6860 1563 14740 1797 1693 41 1652 404 1248 12943 699 241 458 80 378 213 165
internal_count=172471 63515 3250 3012 2746 230 60265 45525 29852 15673 5193 24659 8423 6860 1563 14740 1797 1693 41 1652 404 1248 12943 699 241 458 80 378 213 165
is_linear=1
leaf_const=-0.69068428111671953 144.45573354247026 0 323.64452510029082 227.99738097356169 846.94380157701676 385.94303362965587 0 237.84986753249541 61.688922435790303 0 43.812699965864887 6644.5144974350933 0 0 0 75.881062894721978 320.3232358952053 0 0 -127830.54117431641 0 0 26.858063017780662 0 0 -4757.9542858421801 -26052.62526407242 0 0 0
num_features=1 4 3 2 2 3 3 4 2 3 4 2 3 4 4 4 3 3 4 4 3 4 5 3 4 5 2 2 3 3 4
leaf_features=9  3 4 6 9  1 7 9  6 9  3 9  4 6 9  4 6 9  0 1 3 9  4 9  1 4 9  1 4 7 9  4 9  1 4 9  1 4 7 9  1 4 7 9  1 4 7 9  1 5 9  0 1 9  0 1 3 9  0 1 3 9  1 3 9  0 1 3 9  0 1 3 8 9  1 5 9  0 1 8 9  0 1 3 8 9  1 9  1 9  1 8 9  1 8 9  1 3 8 9  
leaf_coeff=0.090817422171616619  -0.21760262548673381 0.29746820925724932 -0.24221345686671614 -19.291193123153064  -0.31563937827832367 -0.093547185950541234 0.078112477251432264  -2.3705855175667239 -40.955928540590691  -3.6215033727746233 -28.315080240921816  -7.611943982179219 4.1135276948982211 -111.56518832223956  2.3723570947593546 12.465281036626402 -64.172084834100687  10.51150573676132 -0.83202991049538477 3.8243623458587539 -0.5818271462911071  0.11364124920160067 -31.656871642573972  -0.28509170565933245 0.064483772052169999 -8.232493058935507  0.20099316870308073 -0.30164359648981365 0.014637038344767463 0.019762809335293244  0.45869785825095732 -6.2176856487014449  6.4685455175800604 -87.553804841591045 -813.03318157792091  -1.2053402339427919 -1.787201477284043 0.12916612049948525 0.84112421236523005  0.56542146445150365 -16.663650553858314 0.4430235714999981 10.544591632161611  -0.53574717739287114 -3.0121158990347854 -15.681284165908256 14.323289970068892  0.69856284080100295 -1.0168652719816464 -9.2693529809141193  8.0553894056780333 -3.9944936120067727 -40.870844758744354  1925.9899545699359 9.5675792292306152 -8.4705608220861901 -285.55196913015101  5313.1486869916325 -9.2786570166645106 1.0230374864782334 -776.38059258349244  -2.5503371266244361 -13.557115049986169 17016.499080657959  54.533649064061322 1.4106464888766965 -10.029755261054744 -6.1768713248106906  12.985135009882288 -9.8841409393397051 -5.8493722559194117 702.47699989902321 -181.12275779362537  -0.085934738632486157 0.058621819975408586 -3.5554432004668346  -46.050228985057039 2.0943625051128039 -570.46216466091573 154.54754939656706  -113.81097674574704 0.51905808299779899 12.106217790709344 581.36748998090627 -298.81330001465977  -101.24401559609834 724.54898624718192  150.65158186964692 3338.5144470393661  3.5223532404859728 1803.0978496551515 -961.93732088208208  -0.49042888453541311 -485.81734073832632 259.32338523715737  -26.634044058583097 23.287084263901491 -26.944922611117363 14.931850539147854  
shrinkage=0.1


Tree=61
num_leaves=31
num_cat=0
split_feature=8 5 9 1 1 1 0 1 7 9 1 4 4 7 7 6 4 4 7 1 4 7 9 9 9 1 2 1 4 1
split_gain=187217 135794 128874 211532 189542 181883 298385 306313 215571 268342 178710 226910 225180 243161 174239 234662 274101 210628 183253 156097 527925 291192 166785 157673 378447 401734 247053 244331 238033 248301
threshold=3.0000000000000004 10.549281036369061 6.4513730507333387 6.0924398260614181 6.3826613261450529 5.3636340903656388 1.0000000180025095e-35 2.9700856263602158 5.1020931031822991 6.9604745283599776 2.9700856263602158 4.9505298037307313 4.4914374975064755 5.6332349431874329 5.6629688250523982 6.3290801027163601 5.0767338789019494 4.1971736807086968 5.9277329842421507 5.9335696915338003 5.3671428766949623 5.3948820654744951 6.9853949496573593 7.4952901757430377 7.4480233811276237 6.6392218114965287 6.5330615650778467 6.4559841094561436 4.1782187062684226 6.3252542177682054
decision_type=2 2 2 2 2 2 2 2 2 2 2 2 2 2 2 2 2 2 2 2 2 2 2 2 2 2 2 2 2 2
left_child=1 -1 3 10 -5 6 14 -8 9 -9 12 -12 -2 -14 -4 16 17 -16 -19 20 21 22 -7 24 27 -26 -25 28 -21 -30
right_child=2 -3 5 4 -6 19 7 8 -10 -11 11 -13 13 -15 15 -17 -18 18 -20 23 -22 -23 -24 26 25 -27 -28 -29 29 -31
leaf_value=-0.11293437630793526 -0.42209501309266823 2.1803289700659088 0.28115691157863948 -2.4169117307236943 -0.4338280738470992 -1.9571118687059277 -1.4077554686618128 -4.8930083969101794 0.18806161311099687 -0.62453052991127911 0.90441792716136027 -1.6255487050542881 0.91017211948762966 -0.55518701950709026 0.023578381503837696 0.43461683910506244 0.068222186159059492 -2.304287807580931 2.3598785336097978 0.67971383191963808 -3.3782044398984148 2.1758574762752736 0.99736955798402127 -0.08559783357031206 17.029951199778804 2.7533090281159911 -3.6425939030814591 0.8433916322738102 -1.8776405821060937 0.98346761934422777
leaf_weight=84533 10168 259 37654 679 1661 296 2418 184 4987 738 3244 398 3243 1740 690 3161 2435 1574 89 1321 239 1985 539 1360 27 73 228 4965 1174 409
leaf_count=84533 10168 259 37654 679 1661 296 2418 184 4987 738 3244 398 3243 1740 690 3161 2435 1574 89 1321 239 1985 539 1360 27 73 228 4965 1174 409
internal_value=0 -0.10593 0.102474 -0.112663 -1.00926 0.170795 0.0908339 -0.459626 -0.0716456 -1.47637 -0.00102357 0.627942 -0.152214 0.398487 0.191347 -0.23408 -0.675549 -1.44524 -2.05467 0.512608 1.13435 1.51679 -0.0499676 0.313603 0.494922 6.608 -0.5963 0.417236 -0.311367 -1.13842
internal_weight=172471 84792 87679 21133 2340 66546 53930 8327 5909 922 18793 3642 15151 4983 45603 7949 4788 2353 1663 12616 3059 2820 835 9557 7969 100 1588 7869 2904 1583
internal_count=172471 84792 87679 21133 2340 66546 53930 8327 5909 922 18793 3642 15151 4983 45603 7949 4788 2353 1663 12616 3059 2820 835 9557 7969 100 1588 7869 2904 1583
is_linear=1
leaf_const=0 0 0 0 0 0 0 0 0 0 0 0 0 0 0 0 0 0 0 0 0 0 0 0 0 0 0 0 0 0 0
num_features=2 4 2 3 3 3 5 4 5 5 5 4 4 5 5 5 4 5 5 5 4 4 5 5 4 3 3 4 3 4 4
leaf_features=5 8  1 4 8 9  5 8  7 8 9  1 8 9  1 8 9  1 4 7 8 9  0 1 8 9  0 1 7 8 9  0 1 7 8 9  0 1 7 8 9  1 4 8 9  1 4 8 9  1 4 7 8 9  1 4 7 8 9  4 6 7 8 9  6 7 8 9  4 6 7 8 9  4 6 7 8 9  4 6 7 8 9  1 4 8 9  1 4 8 9  1 4 7 8 9  1 4 7 8 9  1 2 8 9  1 8 9  1 8 9  1 2 8 9  1 8 9  1 4 8 9  1 4 8 9  
leaf_coeff=0.027490167967542646 -0.17534774756745097  0.061472338436545829 -0.018367432447380528 0.88341989248417585 -0.63725629177386056  23.314873275847642 -122.4226944783819  -0.057076908665461758 -0.18678313898478793 0.18102090295435005  -4.4399456728945097 3.805793088101018 1.64165468396709  -0.082633136645544891 -0.73792640400263287 0.49946234854585331  5.542185334624091 -3.5590533044209458 3.6549539792844601 -11.32871137179991 1.6935856917749335  -4.2432305800968377 0.81038388820904916 -3.9121384011429883 2.1169799270925296  15.153558521628476 1.9363137859363293 1.334673389687933 -10.563618676758779 2.6111842454884027  -0.62007463142161012 0.33440631357516443 -0.76740901405752859 -0.94368413063290291 1.037129840847274  5.1167848906385736 0.30287108454825856 -0.41347789119038386 1.9409052576791055 -1.8356428371241806  -0.16784152200200586 -0.72237113147681919 -1.9730164984376644 2.0482258615354114  -1.0626178397831119 -0.13058253974656964 2.9774544986592901 -1.2379299484739705  -0.077238895855886017 -0.42020181251679711 -5.4092194689726973 10.402848284091442 -1.409599940725093  0.55448250512639952 -0.65221498212704987 3.3583943235007605 -0.5151493110153752 -2.3943276459539788  -0.083353456983627672 -0.63739262252608198 2.7811500978665715 -6.7734825009617809 2.1118657672623882  -0.45413719010013837 0.68476427198325451 -0.94220284128657572 0.44668037400089133  -0.19169747366657078 3.7195710940235922 1.9705018043937308 -8.1687135590591886 -0.041302062783832132  -0.81412856503764042 -1.9949851068255384 -2.2886482477661505 4.6949689083617159 1.1005377010419579  -0.35619019409954267 -8.8870335808393985 -0.57187857482094839 5.3973622800614072 5.6687306167423692  -7.2198034464990286 0.51264149402412507 14.402419376063348 -1.8518071026133727  -1.4272466234342176 0.73278237501010046 4.1518366630250965 -2.2599020305559407  0.42966478018607079 0.32769716234392376 0.83734235098330467 -0.13187666958556293 -0.81683060321795442  5.368859881811364 -6.0275992423613536 3.8527870291282897 -5.8262834137343367 -0.83606275625231774  -0.80072964965288529 -0.29036520610281968 545.27220665924256 -289.43540268931537  2.3560246220877161 -377.62136557027702 202.16159544102848  -8.6047379460753302 324.14593252111229 -165.22375882319176  1.6102671800384998 1.6305671743379209 -544.38640379011633 286.61620380952957  -0.07018047789488939 1.0621891674376458 -0.40894713613669187  -3.3726323158770897 1.9685060152339098 7.0393633115835659 -2.668629823176548  6.500920444341137 -0.57199251160429476 -16.30261732153863 3.8960221933863526  
shrinkage=0.1


Tree=62
num_leaves=31
num_cat=0
split_feature=4 1 1 4 0 9 4 4 9 9 4 9 4 4 4 4 4 9 9 4 5 4 7 5 9 9 4 8 1 1
split_gain=169458 139963 319121 445919 206976 197594 186523 262571 192314 181749 157983 174769 154917 295826 312177 575137 250599 238182 271757 249367 234196 222772 215827 245286 241610 199974 184482 179471 154476 151374
threshold=3.2287771385162909 5.9335696915338003 3.8176519431297078 5.3671428766949623 1.0000000180025095e-35 6.1003517537352172 4.7295953278168996 4.3470416791064936 7.0802787666761651 6.6602263132402717 4.7207260464697853 7.4271313124684308 6.2255475492814139 5.7945356795747589 5.6707422496362438 5.5103994593183616 5.5500479024995064 6.1003517537352172 6.9324868249076692 4.7295953278168996 12.040729142229177 5.9545403518763083 5.6349522016402229 12.151883049222509 7.428327623473975 7.443983628625845 5.7178493942780877 3.0000000000000004 5.0271592211193568 6.918200414427889
decision_type=2 2 2 2 2 2 2 2 2 2 2 2 2 2 2 2 2 2 2 2 2 2 2 2 2 2 2 2 2 2
left_child=-1 2 4 5 12 -4 7 -6 -9 -3 -7 -12 13 14 15 17 25 -2 19 27 -14 -15 -23 24 -24 -17 -16 -19 -5 -11
right_child=1 9 3 28 6 10 -8 8 -10 29 11 -13 20 21 26 16 -18 18 -20 -21 -22 22 23 -25 -26 -27 -28 -29 -30 -31
leaf_value=-0.1026558897373176 0.86952567320793683 -0.70745204466712686 -0.25273133178801027 0.021580052480050731 -0.4731674214861693 0.76779680062871725 -1.3363381769978 -0.032330099952841383 2.1350018123122498 -0.11724124832160319 1.119486804932964 3.4340860253706547 -9.7637532898357939 1.904062511048666 -3.2555768442017303 3.8584315235955375 0.38507703014255801 0.033987385689524391 0.16492111795264969 0.34489065818383663 -0.56053770353046761 1.2584288189400752 -4.4154164163762539 0.44519258325153288 1.9331433964081299 1.1184824301475702 -0.69083111332912073 -1.0897821950498503 -2.931446589650919 0.89496948308775481
leaf_weight=83204 3526 4557 1638 293 6010 8594 1657 903 749 9370 980 489 28 1640 349 700 679 1993 28982 2840 2214 1145 259 581 78 430 1428 4953 448 1754
leaf_count=83204 3526 4557 1638 293 6010 8594 1657 903 749 9370 980 489 28 1640 349 700 679 1993 28982 2840 2214 1145 259 581 78 430 1428 4953 448 1754
internal_value=0 0.0957123 0.153515 0.615164 0.0595759 0.765818 -0.374303 -0.166251 0.950316 -0.175539 0.931612 1.88997 0.137595 0.174359 0.104966 0.157326 1.90344 0.0826412 0.011073 -0.44456 -0.675475 1.03414 0.342584 -0.799729 -2.94602 2.8158 -1.19454 -0.767342 -1.76379 0.0423612
internal_weight=172471 89267 73586 12442 61144 11701 9319 7662 1652 15681 10063 1469 51825 49583 45880 44103 1809 42294 38768 9786 2242 3703 2063 918 337 1130 1777 6946 741 11124
internal_count=172471 89267 73586 12442 61144 11701 9319 7662 1652 15681 10063 1469 51825 49583 45880 44103 1809 42294 38768 9786 2242 3703 2063 918 337 1130 1777 6946 741 11124
is_linear=1
leaf_const=-0.067747367638891332 0 -5.8453703699634394 0 14.235349665605183 -1.2868947085869422 2.6307835675859224 -7.1488580812294007 14.808258730359057 -29.863339469433413 -0.52667631003450877 1.5008401094572037 -6.8567421788116922 -1310.4544440168888 -25.95458931384492 384.82246695980433 -143.15447247829289 -35.512348537128126 0 1.6786246021511488 6.4111827702816306 -12.327908642332842 -0.19833719427115284 -330.74334814832548 -81.45468867910968 170.8813803025987 270.33557900097225 70.142213427391837 0 11.008840322071775 4.2807320884716322
num_features=1 2 3 3 2 3 3 3 4 4 3 3 3 2 1 1 2 1 3 2 2 2 2 4 3 4 2 1 3 2 3
leaf_features=4  4 9  1 4 9  1 4 9  1 4  0 1 4  1 4 9  0 1 4  0 1 4 9  0 1 4 9  1 4 9  1 4 9  1 4 9  4 5  4  4  4 9  4  4 8 9  4 9  4 9  4 5  4 7  4 5 7 9  4 5 7  4 5 7 9  4 9  4  4 8 9  1 4  1 4 9  
leaf_coeff=-0.017251493232216929  0.43432719049610857 -0.17853649631150434  0.79971391154417126 -0.46389034076097801 0.31488617976934852  -0.19871868384704783 -0.71079615990305811 0.62530247932478822  -0.08679076408557887 -2.4008864136774157  0.54728244458425201 0.51892713921793365 -0.28157689245780376  0.17027530256550991 -0.13366531708529691 -0.31328214935563781  -1.2050325865988585 0.16986560837151929 1.2236437998576264  -0.41564976588273783 1.1405392550802265 -1.3574249914214478 -1.801040764127614  -2.2141505104024248 2.1828503038792535 4.2502481449441802 1.0823743783590545  0.34573704009192596 -0.14745774784352933 -0.16273510292028562  0.27533086832666526 -2.5031390857598583 1.5456040701238749  1.8946208962618698 -5.5257951212872287 3.7194964540802178  -6.8438023284543306 112.23246164225276  4.7118685823981652  -68.139902033191177  28.770309724379331 -1.760117899368197  6.3929122189387275  1.4045880511112234 5.6789146932307295 -2.4405279266295339  -0.12541969604534203 -0.13378246282388204  1.2327257230283921 -1.8806192789506442  0.99237639365700836 0.43248204026365333  -1.8575954077878123 2.2950436500897924  19.805529858713271 2.2086836480986678 34.908464225695937 -2.6501199897918015  -2.7562550720496803 4.3947139095781953 7.8038066982540846  8.2279138591125953 -10.342257500137658 13.4074805894139 -22.77823600404081  -28.6042120490456 -14.822640265547671  -12.298206096733338  -0.06603431813910135 -1.364962328278307 0.71526718409027135  -0.31763526983386331 -2.1073792838362806  0.24891049348757407 0.11418486806535243 -0.79899024322228351  
shrinkage=0.1


Tree=63
num_leaves=31
num_cat=0
split_feature=8 4 4 9 7 5 1 6 5 9 1 7 4 0 1 5 7 2 9 0 3 4 1 3 4 9 4 4 4 4
split_gain=143041 115945 171065 113169 112647 110526 107345 111684 277758 179092 141734 424002 255899 225043 195190 349196 349494 336711 253245 253188 202375 155893 386175 255726 224187 154006 148349 139960 217875 135285
threshold=3.0000000000000004 6.3469511894790713 6.4618586488452534 7.4707510616646049 5.7643300595514235 12.151883049222509 6.9042490137732191 6.2538575714632731 6.6535077747682836 6.1003517537352172 3.3140206880897671 5.6024162400357289 4.1470873161450905 1.0000000180025095e-35 5.9335696915338003 11.315260790815534 5.1020931031822991 3.3381217389987055 6.9806439251984793 0.89587973461402759 2.4490945577157728 4.0984939636294486 6.3252542177682054 5.3845122376089209 3.5624403789853925 6.9654794055628662 6.2407629372696922 4.1971736807086968 4.3851419095492004 4.0647348823921154
decision_type=2 2 2 2 2 2 2 2 2 2 2 2 2 2 2 2 2 2 2 2 2 2 2 2 2 2 2 2 2 2
left_child=4 5 3 -3 -1 6 7 10 9 -9 11 12 -2 26 15 16 17 -12 19 -19 -20 23 -23 -16 25 -25 27 -14 -29 -10
right_child=1 2 -4 -5 -6 -7 -8 8 29 -11 14 -13 13 -15 21 -17 -18 18 20 -21 -22 22 -24 24 -26 -27 -28 28 -30 -31
leaf_value=-0.16140246008280873 -0.27329438751790475 -2.7256497583369459 0.20098700552275686 1.661113126954036 0.10047908680053422 0.62337237314077532 0.6441458245340822 -1.1566563647726309 -0.059109062841056118 2.2399287689608509 11.874244813913746 -0.66290765284084219 2.1594205089306597 -1.4451327982368722 0.6196417138824889 -1.4793775925269494 0.89256912231357577 -3.0267054657753221 0.31468562625703361 6.5602443053804596 -7.6435498902291972 -1.5628716470532762 0.16768819281518077 -1.6402715243767982 0.24338302032969825 -7.162616827936457 -7.563451238112016 -1.5123514706663077 0.68438978120773408 0.36347608075571936
leaf_weight=62513 8126 481 660 67 22279 3900 3225 184 15820 993 21 11178 578 554 3285 858 8152 550 1008 29 33 2138 3249 101 214 101 22 482 7133 14537
leaf_count=62513 8126 481 660 67 22279 3900 3225 184 15820 993 21 11178 578 554 3285 858 8152 550 1008 29 33 2138 3249 101 214 101 22 482 7133 14537
internal_value=0 0.0895709 -0.883354 -2.18931 -0.0925934 0.103163 0.0785921 0.0556053 0.201692 1.70894 -0.0407452 -0.185118 0.130995 0.505639 0.164584 0.455056 0.624539 -0.706957 -0.870046 -2.54653 0.0624073 -0.175846 -0.519139 0.323836 -2.01204 -4.40144 0.637194 0.659214 0.545345 0.143253
internal_weight=172471 87679 1208 548 84792 86471 82571 79346 31534 1177 47812 28073 16895 8769 19739 10651 9793 1641 1620 579 1041 9088 5387 3701 416 202 8215 8193 7615 30357
internal_count=172471 87679 1208 548 84792 86471 82571 79346 31534 1177 47812 28073 16895 8769 19739 10651 9793 1641 1620 579 1041 9088 5387 3701 416 202 8215 8193 7615 30357
is_linear=1
leaf_const=0 0 0 0 0 0 0 0 0 0 0 0 0 0 0 0 0 0 0 0 0 0 0 0 0 0 0 0 0 0 0
num_features=2 6 3 2 3 2 3 4 2 5 5 3 6 5 7 6 5 6 7 8 9 8 5 5 7 6 7 5 5 5 5
leaf_features=7 8  1 4 5 6 7 8  4 8 9  4 8  4 8 9  7 8  4 5 8  1 4 5 8  5 9  1 4 5 6 8  4 5 6 8 9  1 2 8  1 4 5 6 7 8  4 5 6 7 8  0 1 4 5 6 7 8  1 3 4 5 6 8  1 4 5 6 8  1 4 5 6 7 8  2 4 5 6 7 8 9  1 2 4 5 6 7 8 9  0 1 2 4 5 6 7 8 9  1 2 3 5 6 7 8 9  1 4 5 6 8  1 4 5 6 8  1 3 4 5 6 8 9  1 3 4 5 6 8  1 3 4 5 6 8 9  4 5 6 7 8  4 5 6 7 8  4 5 6 7 8  1 4 5 6 8  
leaf_coeff=0.0032039926809058318 -0.088031513601794842  -0.10369000731814744 2.7391399033601198 -2.5557105935207458 2.0595694460571168 0.27278593435727244 0.11889404142446801  0.51677481656156488 0.82705220136258506 -1.3847481720943506  2.4567445880360768 -4.0032790911409624  -63.712554791675942 269.19276387132703 -89.389100271323699  0.25703234560172633 -0.70793953823938416  -0.27654925957540971 -0.89234214162033831 3.3220679861937246  0.29612683953209856 -0.62872991828328684 0.3544103821011696 -0.49040861938094626  -0.1317134590313799 -0.051875085774645419  0.0039715291999903538 -0.7308464398793364 0.47393887814400026 -0.77457944261598899 0.67329053380696002  -18.452570829900903 26.513747590089409 -26.591487992033038 3.9497785337440066 -0.035629060857900186  16.281858224694727 -13.179260140094266 -2.5347033687718068  0.075520206946382562 -4.2016823592660897 4.2043102117304105 -6.4347841992221682 1.575528847475016 0.96507421104615787  58.139350690599535 5.4302020919800276 -5.6268801855534551 -8.4205242490097589 -53.935661600437015  -3.9362415963765929 0.6452123548530011 8.5599380109284535 -11.257848897530494 7.2202608738905845 -0.28226690750925626 9.3707884436953464  -1.0583348609700238 0.050427701495652857 42.819971637289427 -42.156262585814716 41.52233953400912 1.7657910762219331  -0.88688735989787804 46.080648040445524 -46.478167017178208 51.46646047502 -6.3046774778864352  0.44539232291380704 10.290070347538132 -10.117250952365431 9.0835502236695902 1.0575716562135313 -0.54760985055963829  1.4424083360490236 -4.5008912525755589 4.7045779059831352 -2.0430756469233757 -1.7022551182022312 -8.1988231367833588 3.2479269466917686  15.372854908647728 -14.178011432712589 38.901852504397922 -38.941736606357459 33.067294733857352 6.4597315166684979 -0.62889690348793015 -0.4499877037956026  -225.95397333053117 167.13988597254067 -177.11242077367353 139.46471655708501 -135.62815366265414 164.10412853096724 -37.896323387098164 30.781600245487063 9.4042756148475757  35.560409283897073 5.184269247460179 -22.324849889690157 17.033649328673743 -26.629552241490913 3.2614061666531544 49.982396674147459 -44.578317008554954  -3.3243783929772692 81.036897083051741 -79.699045899156772 80.233952763701382 1.924996239673783  -0.2057127620794347 81.013683618507287 -80.110898229674788 81.216882230934431 -2.6895909389984354  1.5212752107919756 5.0384478740048628 50.434841421262178 -46.632441146733619 43.464897326160099 -5.0427257123956686 -2.6788649375335809  -3.1954848270651639 4.1282898331945033 -50.343232424112287 52.773824612305546 -54.015001428868167 -0.70923233847679512  5.0376927013710207 -10.130974043295783 -35.605203060666099 33.203252986403825 -31.182004124869856 -14.014842612551366 9.8872281235553601  -131.12380838630489 -96.965237034624451 279.54807541272606 -229.19009983085562 411.94672764474529  -43.150578294499795 30.889978303086583 -30.94893747205597 -1.2804733346547437 14.739659599844892  -18.790194318126648 19.036031622153075 -18.599796109928889 -6.5627720774307825 8.298284066222914  -0.26730267091350302 -25.181424272376308 24.67193237921343 -25.271960517142613 1.7429355017390549  
shrinkage=0.1


Tree=64
num_leaves=31
num_cat=0
split_feature=9 9 6 5 3 4 4 7 1 6 2 0 9 8 3 1 8 1 2 4 4 4 4 1 1 7 4 4 4 4
split_gain=124504 246249 169268 121598 102080 97036.1 103878 95211.5 99270.2 172856 359386 172425 332310 277568 275528 154001 188689 143326 351018 202274 176774 164190 189515 140355 256859 138898 138835 177296 200533 225003
threshold=7.295473267315983 7.4271313124684308 6.7995719998986788 9.8395621763647547 5.5898099173106575 6.2349006816615464 6.5865163635894595 5.9277329842421507 6.9319598485859819 1.0000000180025095e-35 6.590987390102673 0.89587973461402759 7.0802787666761651 3.0000000000000004 4.8394183934966533 6.2567088148180039 3.0000000000000004 6.0556116797489983 3.2628812635295579 4.9290620053923 4.7295953278168996 4.863673427408628 5.0767338789019494 5.7381826048292135 5.750982812366944 5.440097410796624 6.1075793708269659 6.0896114477454306 5.9769850247919321 5.864340898925211
decision_type=2 2 2 2 2 2 2 2 2 2 2 2 2 2 2 2 2 2 2 2 2 2 2 2 2 2 2 2 2 2
left_child=7 2 4 -4 5 -2 -7 8 9 10 11 23 15 -14 -15 16 -13 18 20 -20 -11 25 -23 -1 -25 -22 27 28 29 -24
right_child=1 -3 3 -5 -6 6 -8 -9 -10 17 -12 12 13 14 -16 -17 -18 -19 19 -21 21 22 26 24 -26 -27 -28 -29 -30 -31
leaf_value=-2.1200001875178942 1.068055211405194 0.064111974184952028 3.6588383461259735 -2.3304975007709703 -1.0234313441140037 -2.9080531091401074 1.3895461179772202 0.34785164883866859 0.39539203811716744 -0.20369845924107752 2.7396285074415494 1.807017032077743 -0.52280658593884222 0.73507960523877836 -13.67807593676779 0.86263950231058573 9.4711798635022397 -0.43913899367240322 0.50583663440566695 -0.94971271927593737 4.1938094066381453 -1.2932224630085596 0.14220351516463628 10.030003908547489 -0.86348389992615326 0.7715885201729642 -0.75567045548382927 2.4407572371797412 -1.9122281593026469 1.8728810768882387
leaf_weight=1373 2541 60265 314 38 310 132 98 5313 4110 58561 268 72 216 21 36 214 58 9980 13747 1026 125 974 5986 22 1342 2316 1360 382 412 859
leaf_count=1373 2541 60265 314 38 310 132 98 5313 4110 58561 268 72 216 21 36 214 58 9980 13747 1026 125 974 5986 22 1342 2316 1360 382 412 859
internal_value=0 0.11104 0.934836 3.01226 0.697493 0.890018 -1.0769 -0.0650062 -0.0862078 -0.106131 -0.784245 -1.06582 0.444308 -2.16081 -8.36797 2.51174 5.22641 -0.0804736 -0.0387295 0.404747 -0.131036 0.211735 0.0318115 -1.40625 -0.687782 0.946835 0.175226 0.340956 0.230425 0.359392
internal_weight=172471 63698 3433 352 3081 2771 230 108773 103460 99350 3622 3354 617 273 57 344 130 95728 85748 14773 70975 12414 9973 2737 1364 2441 8999 7639 7257 6845
internal_count=172471 63698 3433 352 3081 2771 230 108773 103460 99350 3622 3354 617 273 57 344 130 95728 85748 14773 70975 12414 9973 2737 1364 2441 8999 7639 7257 6845
is_linear=1
leaf_const=-18.053823708167329 68.656156987883151 -4.8734533911469047 28.032711819279939 10209.099491924047 150.03721190241632 792.68581321034583 352.0697139857337 -9.1677293767488663 -6.2677870986256501 -0.35381911215340556 -63.288320709805703 0 0 0 0 28.461548799973389 0 -2.1162929574018565 -2.3538751036090617 0.51141275435220457 -341.06537508675831 26.970020267093787 15.181831033449635 -11321.255858653785 -0.27844623471846719 -13.190317136928208 -29.824806098255795 -520.6670309320092 -104.94785238907207 142.66474389319774
num_features=2 4 1 3 3 2 3 3 2 3 6 2 5 5 6 6 4 5 4 6 6 4 6 6 2 2 6 6 4 6 6
leaf_features=1 9  3 4 6 9  9  5 6 9  5 6 9  3 9  4 6 9  4 6 9  7 9  1 7 9  1 2 4 6 7 9  2 9  0 1 2 8 9  0 1 2 8 9  0 1 2 3 8 9  0 1 2 3 8 9  0 1 2 9  0 1 2 8 9  1 6 7 9  1 2 4 6 7 9  1 2 4 6 7 9  4 6 7 9  1 2 4 6 7 9  1 2 4 6 7 9  1 9  1 9  1 2 4 6 7 9  1 2 4 6 7 9  4 6 7 9  1 2 4 6 7 9  1 2 4 6 7 9  
leaf_coeff=-0.32877045522282061 2.5163814676305267  -0.21255880548546885 0.28408371320970222 -0.29417476432012396 -9.0629424753147756  0.66051356449879683  6.8944764006610058 5.5919726836509653 -17.632097807235549  -1010.2686099886895 23.447385066811695 -58.13611908650492  -1.2975774990006359 -19.533576325946342  -7.6931153380035546 3.076008171519061 -103.24011014541611  1.7175109998614062 11.174479532230544 -57.98520930979867  0.94933095366593534 0.55795995049790859  0.76394726452792561 0.10985540740000346 0.099507180868107531  0.4300856206682836 -0.47500003385843287 0.033175149726439736 0.079728724212477439 -0.077076295984483831 -0.01253842203631308  5.0614910738120678 4.6266958893614172  -22.927434530293365 19.951702454110116 -20.856245925407599 4.3366183428694063 1.1343079892128116  21.789469319955106 -18.166103542683686 17.541112420427499 -2.9358435963862579 -0.24698095927524266  -3.6065616046222662 14.18558579418832 -5.9596512363938929 -15.290024917331948 195.3884011664195 -106.75065374606056  -22.58396292999387 23.794157182192432 -12.370789173338563 -17.681698848758241 457.81795454621317 -249.75269559025764  -22.574638028554183 16.703523412457798 -16.70446527767599 -2.0442229642969778  -49.906533432449947 36.546820548498729 -38.016161684070177 -19.896343382474154 18.484991009165608  0.76987858175326673 -0.73279790163264813 0.024747943150950392 0.13290188481818746  -0.06237144485832289 0.27731288621765771 -0.0051383240069128536 -0.58873697607768916 0.33049153294896461 0.52910404795308641  -0.67873221604949385 -0.38147380448121065 -0.35809904201458953 -1.544199512110481 2.1957598304874408 0.35752898718659198  30.643915750316228 0.34991267500099643 33.112930555944331 2.4757168460081402  1.4447090261515088 -1.5825324531222578 0.24860654804833759 0.66831427468637239 -4.178804474378194 -1.4996547470347252  -0.46410667331979777 0.24122089392503707 0.00089858450800193177 -0.14834943491609209 -2.3094614370927276 -0.17463334915007495  1889.3035995259881 69.440127453878816  1.0046969117062077 -0.9737072280968051  0.50182255622425487 -1.2656894292158087 3.2042375179131342 -0.78135338749875705 0.98949811086877171 -0.26233489786872044  1.1408547979450874 -1.3658793344375546 3.5149747038228272 1.656195286523962 -0.53528023731141727 -0.071755504412880103  88.110476802196359 -4.7044942676562647 2.9825002853554907 -0.36192441632365446  -2.3563802648146521 4.4667543750291774 23.612716187308251 3.466466943856358 -10.221730671651677 -0.49086315139506953  0.013355819314074325 -1.0946220546876249 -23.260395365662408 -1.7257498005812524 -1.083136093703797 2.0546919476352969  
shrinkage=0.1


Tree=65
num_leaves=31
num_cat=0
split_feature=8 5 7 4 4 9 5 4 4 4 4 4 1 6 7 4 5 4 9 6 1 7 9 9 0 3 9 9 9 9
split_gain=117257 100277 87113.1 86473.2 133309 88224.7 81570.8 161705 79639.9 370312 261929 140080 134046 218599 271795 253952 225167 179597 214011 168330 150316 227910 204462 185955 168977 145799 145289 180762 257094 144324
threshold=3.0000000000000004 10.549281036369061 5.7352459524751804 6.3469511894790713 6.4618586488452534 7.4707510616646049 12.040729142229177 6.2255475492814139 5.6707422496362438 5.5103994593183616 5.5500479024995064 5.7178493942780877 3.6762205501217919 6.2477251921531467 5.5556822184230041 4.1470873161450905 6.6535077747682836 3.9169981708547303 6.1003517537352172 5.9359448826395402 5.9335696915338003 5.1020931031822991 6.9806439251984793 6.6602263132402717 0.89587973461402759 3.4094620326377609 7.5121481109480532 7.4976057089901262 7.5095006762989494 6.1003517537352172
decision_type=2 2 2 2 2 2 2 2 2 2 2 2 2 2 2 2 2 2 2 2 2 2 2 2 2 2 2 2 2 2
left_child=1 2 -1 6 5 -5 7 8 9 12 -11 -10 13 14 15 -2 29 -16 -19 -20 21 22 24 -22 -14 26 27 -24 -29 -15
right_child=3 -3 -4 4 -6 -7 -8 -9 11 10 -12 -13 20 16 17 -17 -18 18 19 -21 23 -23 25 -25 -26 -27 -28 28 -30 -31
leaf_value=-0.15855661567252008 -0.27931506113671756 1.8808216109699263 0.060144107366568889 -2.3855439453759462 0.19809766133626305 1.4877050712927065 0.45539266190998301 -7.5313182558332175 -2.1467751367092136 2.3358244168410618 0.13332043806711832 -0.16909219386317806 -2.4588887993182151 -1.060575560215981 0.1812580645036963 0.65540027831131065 0.098666434178042134 0.39324013569563931 -0.13195664262770082 -1.1872625108824995 -0.71237244095126717 0.80909777877792244 0.71937776816443666 0.25319084689128563 4.8106159382006703 -6.6422674918996876 -1.6369114995518803 14.439605681101481 1.8066817069540217 1.9706458123839727
leaf_weight=57978 7376 259 26555 481 660 67 5790 28 400 1234 960 3423 537 186 2514 4797 28528 1378 1953 6686 2597 7440 669 8598 34 29 231 24 49 1010
leaf_count=57978 7376 259 26555 481 660 67 5790 28 400 1234 960 3423 537 186 2514 4797 28528 1378 1953 6686 2597 7440 669 8598 34 29 231 24 49 1010
internal_value=0 -0.083835 -0.0898545 0.0810959 -0.759127 -1.91199 0.0928338 0.0668151 0.0694529 0.0916192 1.3721 -0.376017 0.0539781 -0.0276808 -0.247509 0.0890271 0.155021 -0.57443 -0.764087 -0.948692 0.273917 0.577878 -0.515749 0.0292009 -2.02603 0.3449 0.55315 1.23496 5.95997 1.49924
internal_weight=172471 84792 84533 87679 1208 548 86471 80681 80653 76830 2194 3823 74636 54428 24704 12173 29724 12531 10017 8639 20208 9013 1573 11195 571 1002 973 742 73 1196
internal_count=172471 84792 84533 87679 1208 548 86471 80681 80653 76830 2194 3823 74636 54428 24704 12173 29724 12531 10017 8639 20208 9013 1573 11195 571 1002 973 742 73 1196
is_linear=1
leaf_const=0 0 0 0 0 0 0 0 0 0 0 0 0 0 0 0 0 0 0 0 0 0 0 0 0 0 0 0 0 0 0
num_features=3 6 2 3 3 2 3 3 3 3 3 3 3 6 2 6 6 5 6 7 7 5 5 7 5 7 6 6 4 3 5
leaf_features=5 7 8  1 4 5 6 7 8  5 8  5 7 8  4 8 9  4 8  4 8 9  4 5 8  4 5 8  4 5 8  4 5 8  4 5 8  4 5 8  1 4 5 7 8 9  5 9  1 4 5 6 7 8  1 4 5 6 7 8  1 4 5 6 8  1 4 5 6 7 9  1 4 5 6 7 8 9  1 4 5 6 7 8 9  1 4 5 8 9  1 4 5 7 8  1 3 4 5 7 8 9  1 4 5 8 9  0 1 4 5 7 8 9  1 3 5 7 8 9  1 3 5 7 8 9  1 3 8 9  1 8 9  4 5 6 8 9  
leaf_coeff=0.032258608198034236 -0.033542163632347854 -0.13674919036255614  -0.055443660130087308 2.5929062616748011 -2.4141548568631088 2.0102465967360197 0.24264534499285242 0.024990055804423861  20.62104015167861 -108.3015993384528  0.079442535426841238 0.31601196655116159 -1.2785028096390647  0.50186626694153347 0.70687344906118599 -1.2488413366921181  1.7582945602738846 -2.8515880855477693  -57.341296757773677 242.39530502515845 -80.516233734064741  -0.15699046509388098 0.28453005991300417 -0.52867200027203587  -168.82701403110988 99.118942918418909 -34.480796070490037  -69.758702382945927 -3.6913569226851908 109.60299398589414  25.531424652156421 -0.31281944291658875 -33.869320828188215  -0.84210803793894229 2.5564240997935488 -6.2078400726501064  1.905327462886568 -1.2323186177711478 0.80351384333966969  1.2328165598252163 -1.0895233584709787 1.64010648327735 -1.1208613644184766 -5.754207007393962 2.0495977932546339  0.0094161140046708173 -0.1904271053973389  0.058185995087287529 4.2442809843633871 -3.9587015222531288 4.2046742007312163 -1.726857813966683 1.8277544404990296  -0.47070005558289268 -9.806645249228632 9.2705667118242623 -8.4758952343973881 -2.2683498456073723 2.7759380360523211  -0.55546726010537939 0.069332222806193042 -0.054655793304699433 -0.39385584029424764 0.76992333431469717  0.15338821367614131 -4.3275744200359441 2.9944735025766933 -3.9963625394660998 -0.16280350907479715 2.2728421892508321  0.12305597567296021 -29.47739954171594 29.905479703585776 -31.6836489160093 7.2499784454210161 -9.2464236203329602 0.73033683755810452  0.23656760355928041 -28.740415846071528 28.941005423967706 -31.867315328040377 2.7866318614646901 -0.4023985331101585 0.24674023946922718  0.93058722561834351 -1.1720894283631993 0.53355645230214754 -3.5873226755149292 1.1690272969749345  0.30263558252299277 1.2850573675650594 -1.3109402861773334 0.5543238764694024 1.0086053366836496  0.88346351349320162 7.1043181331579337 -1.1774207102812966 0.30903960172335587 0.62690263330587048 -0.48874701253680541 -0.29042041391005569  0.39906927694222172 -1.1412888679918152 0.52208042836005963 1.3001511350153749 -1.0966009783334898  0.43087944006738327 -3.7951866474880718 -8.3690021411586724 4.5148537025911581 -1.0897642512880339 -26.135720469866648 19.040269215944502  35.221481820003284 -24.874585703705453 -3.1445281353762469 7.9735906667931999 53.083425136559526 -41.197838309954022  0.93984576464863501 -12.491018857484598 10.819871666212567 -16.470406637096314 -63896.846803283697 34020.319437408449  6.1303021387895571 7.8657347441301688 -511.41605661511426 269.75200839042662  -1.114037392623868 -3053.1405517399312 1626.9569294303656  -16.644802861826065 24.743198193588796 -24.253337261765775 2.7028953649523828 -0.064934636551288352  
shrinkage=0.1


Tree=66
num_leaves=31
num_cat=0
split_feature=9 9 4 1 9 2 2 4 3 1 1 2 4 9 6 5 2 9 1 4 1 4 1 4 9 9 4 1 0 3
split_gain=105157 418436 312081 255624 308057 222202 206075 310389 173132 166457 160758 147273 142161 127738 117598 114405 112010 379830 320466 244511 185921 201672 269164 171783 129592 111933 156507 110805 201116 137253
threshold=7.4271755523508984 7.4936097581645003 5.6844293852151617 6.5124877202785187 7.5004007801547994 6.3534997185584592 5.4360845506498086 2.8477071124928428 4.9956088445941687 4.8081027000528378 6.9042490137732191 6.0017241882091836 5.7021130240234443 7.3818570447967646 5.8743550306391334 1.0000000180025095e-35 4.9599264533111969 6.6602263132402717 6.1213951142326692 4.3726024370636543 6.3252542177682054 3.6699311590183616 6.197461422143415 4.8060660373590203 6.9853949496573593 7.4271313124684308 4.789570747856378 5.7381826048292135 0.89587973461402759 3.3490431075814406
decision_type=2 2 2 2 2 2 2 2 2 2 2 2 2 2 2 2 2 2 2 2 2 2 2 2 2 2 2 2 2 2
left_child=10 2 5 12 -5 6 7 8 9 -2 15 -8 -3 -12 -14 27 -17 -18 19 -19 21 22 -20 24 -23 -22 -27 28 -1 -30
right_child=1 3 -4 4 -6 -7 11 -9 -10 -11 13 -13 14 -15 -16 16 17 18 20 -21 25 23 -24 -25 -26 26 -28 -29 29 -31
leaf_value=-1.4103467099145695 5.7109669057708805 0.091535743509665354 0.10914574264963089 -9.9701210195571193 -1.0632558072034894 5.9545014598760115 -3.9147276764285976 1.4658330506444315 0.38723479952131001 14.499521717429161 0.31163409805482978 1.8429306389556992 -7.4272523892231481 1.8064504190058761 -1.3849039889670707 -0.087386916126997366 -0.41364053386072808 1.3901392875038907 3.092697560235655 0.013527720905447828 0.035550768006856616 -0.15420601554538893 -0.93224877325144218 0.80280481439370388 -2.8798823898188628 0.59929736996215721 3.3154999988285576 -0.16481923158257866 7.1755517821841766 0.22388069320034673
leaf_weight=1762 66 30485 2306 40 1329 116 116 2481 35 32 4910 72 39 647 185 103752 7330 4537 257 1803 3773 230 470 234 722 1287 254 3079 45 77
leaf_count=1762 66 30485 2306 40 1329 116 116 2481 35 32 4910 72 39 647 185 103752 7330 4537 257 1803 3773 230 470 234 722 1287 254 3079 45 77
internal_value=0 0.148649 0.978597 0.0134898 -1.3235 1.6657 1.48814 1.71813 6.42452 8.5807 -0.0410096 -1.70967 0.0730925 0.485675 -2.43692 -0.0635908 -0.044844 0.166379 0.479752 0.998652 0.0245394 -0.820815 0.4906 -1.62469 -2.22137 0.328861 1.047 -0.534429 -1.13848 2.78802
internal_weight=172471 37302 5224 32078 1369 2918 2802 2614 133 98 135169 188 30709 5557 224 129612 124649 20897 13567 6340 7227 1913 727 1186 952 5314 1541 4963 1884 122
internal_count=172471 37302 5224 32078 1369 2918 2802 2614 133 98 135169 188 30709 5557 224 129612 124649 20897 13567 6340 7227 1913 727 1186 952 5314 1541 4963 1884 122
is_linear=1
leaf_const=-20.977994688336913 1127.9496487677097 303.93886207025497 30.01467550818634 12577.566067409516 -398.97086390256885 -258.08829611623662 754.79462488014258 129.33694187779912 -386.29467975414593 2302.0497803825888 0.653478133880526 -650.23764819270002 10125.427607971431 -43.320977114886048 1196.9925751164556 0.31811157819996372 -0.7446479663552964 4.0921574092215449 32.044112545670941 26.292889877133007 3.750932353021085 0 4.1731220634072086 -115.46276087017323 39.900684771209491 0 0 7.942163377713678 -84.790395778509264 -10.537922974924141
num_features=2 4 3 2 2 2 2 2 2 3 4 2 2 4 2 4 4 4 5 5 5 4 5 5 5 5 5 5 2 4 4
leaf_features=1 9  1 3 4 9  1 4 9  4 9  1 9  1 9  2 9  2 9  4 9  2 3 9  1 2 3 9  1 9  2 9  1 4 6 9  1 9  1 4 6 9  1 2 5 9  1 2 5 9  1 2 4 5 9  1 2 4 5 9  1 2 4 5 9  1 2 5 9  1 2 4 5 9  1 2 4 5 9  1 2 4 5 9  1 2 4 5 9  1 2 4 5 9  1 2 4 5 9  1 9  0 1 3 9  0 1 3 9  
leaf_coeff=-0.21752640439776486 2.921374963559356  51.14530698340532 -63.904522101381737 -0.75422520971187623 -150.07075431477278  0.047365768693433098 0.10224985619464917 -40.497751611424611  0.23711730440649037 -4.2050533343608549  -50.365771117177793 -1634.2615586578847  0.25069396853723447 52.740452054142956  -4.5405098545776132 39.359649843582886  11.919169902054069 -110.73195361391409  0.011765030952801681 -17.122345235105605  -8.0155977681848878 7.865678777409653 51.877644589866399  -4.5544251682615142 1.0573569154149938 -5.6087586437944994 -300.83309179497883  0.042047995733219073 -0.09473709181520179  -10.016483411459195 95.589647868205802  3.3253612815715314 -1.6775041413202416 28.830864682723771 -1371.9043102607131  1.0195796985590277 5.1028566520661123  -0.36349679628914378 -1.0748258513987821 -2.2626581841119333 -156.79271571030841  -0.10385893168601919 0.096868592585989302 0.01140773944911584 -0.073930880757255943  -0.55037478213978586 0.16269973243119581 -0.22434278382882911 0.80427523678370683  0.72825566552045307 0.33674311732892193 -0.10790123498452431 0.083808783421523009 -1.2880798017250641  -3.2689385587407744 5.0584518566188308 -1.4097363491181569 -0.72150688299070687 -3.949158683789483  -2.2028481063096064 1.0882372164379006 1.4944620779131037 -2.6689484311556164 0.24861032283207385  -0.56229804645115855 0.58335482585199727 0.24311025694223268 -0.85847286629930797  6.1033951477386843 0.33053133537122009 -0.9190452366083548 -0.55314238774220714 -4.5675010272731926  -1.2855917019172922 -0.3583325162586789 -2.4511162947503298 1.4830950303431452 -0.084088483366070943  22.794957074672677 -2.0113577548819594 8.7064212453923577 -8.7054715776450404 5.2013535737842744  -8.1773959922975337 -0.14480139342072676 -1.2178747436550112 0.73077514497163065 0.93104235778537259  -1.6249745070651898 -0.066826105932452154 1.1194855677537932 -1.4301419733717695 2.8689165666421106  -0.14359038186612452 -1.1920800389209945 0.64272818035096868 -2.5664915064015079 4.9415169749714556  0.096872102164238083 -1.2297528009664547  3.4853230400806297 3.5591395878171173 -1.8250878983844701 11.001795816229606  -3.7742760635144181 11.04795330887846 -4.1888330243067866 -3.6466001304724331  
shrinkage=0.1


Tree=67
num_leaves=31
num_cat=0
split_feature=8 5 4 6 5 4 4 7 1 7 2 6 4 4 4 9 4 9 4 1 4 1 4 1 1 4 9 1 4 9
split_gain=98052.7 80611.5 70559 141316 101297 81494.4 72036.9 67477.2 64751.5 59279.7 174846 257651 160503 231954 170253 152859 198563 146537 132382 126344 290121 134481 123981 424444 207768 155884 128961 122594 182566 120138
threshold=3.0000000000000004 10.549281036369061 6.2255475492814139 5.7690022344837866 12.151883049222509 6.3565415002025034 6.5865163635894595 5.7352459524751804 4.5485858369352732 5.5874247620399418 3.2228599096927897 6.3366556963093412 5.0767338789019494 4.863673427408628 4.8539795841274467 6.1003517537352172 3.9169981708547303 6.4513730507333387 5.8413678739135566 5.8763332563158359 5.4391650856799503 6.3741723047025554 4.4914374975064755 6.2156070997535293 6.2353901579610387 5.4816795064439043 7.512612293208039 5.9750802605835984 4.9784549145160613 6.6727184231314114
decision_type=2 2 2 2 2 2 2 2 2 2 2 2 2 2 2 2 2 2 2 2 2 2 2 2 2 2 2 2 2 2
left_child=1 7 4 5 9 -4 -5 -1 -3 18 11 12 13 14 15 -11 -17 -14 -2 20 -12 22 23 -21 25 27 -25 28 -24 -19
right_child=2 8 3 6 -6 -7 -8 -9 -10 10 19 -13 17 -15 -16 16 -18 29 -20 21 -22 -23 24 26 -26 -27 -28 -29 -30 -31
leaf_value=-0.14252661536227443 0.1235308104966531 3.2238281675971545 -9.7999507858639685 -0.54592996964360851 0.66620793826903468 -2.6972122083391463 1.1084943571901009 0.049953967553930445 0.06035713664596043 0.42084389461737115 0.76909012420294587 0.27229071210979455 -1.3161893857677951 -2.1657883308570423 2.7077953988313674 0.16626599908147696 -1.0563863328555838 1.9653072658069632 1.6028937316446479 1.1906190578454829 -1.4830887886688187 0.30959940495733612 0.66674267247614294 -3.3032238765771069 0.57276888565807527 0.4317530359463258 1.0239585966222426 -3.3336071803843517 -5.8318548419258818 0.082915024602294884
leaf_weight=57978 45745 133 21 1881 2934 70 306 26555 126 1285 6114 7420 693 955 160 1749 5522 374 613 1057 631 4523 202 363 472 220 85 601 55 3628
leaf_count=57978 45745 133 21 1881 2934 70 306 26555 126 1285 6114 7420 693 955 160 1749 5522 374 613 1057 631 4523 202 363 472 220 85 601 55 3628
internal_value=0 -0.0766641 0.0741571 -0.475109 0.0888084 -4.33631 -0.314447 -0.0820612 1.68484 0.0682657 -0.0277998 -0.206222 -0.453372 -0.686264 -0.524155 -0.584593 -0.762284 0.0263517 0.143093 0.243589 0.558397 -0.0366148 -0.549193 0.0973093 -1.17693 -1.94303 -2.48222 -2.55194 -0.724008 0.258831
internal_weight=172471 84792 87679 2278 85401 91 2187 84533 259 82467 36109 21786 14366 9671 8716 8556 7271 4695 46358 14323 6745 7578 3055 1505 1550 1078 448 858 257 4002
internal_count=172471 84792 87679 2278 85401 91 2187 84533 259 82467 36109 21786 14366 9671 8716 8556 7271 4695 46358 14323 6745 7578 3055 1505 1550 1078 448 858 257 4002
is_linear=1
leaf_const=0 0 0 0 0 0 0 0 0 0 0 0 0 0 0 0 0 0 0 0 0 0 0 0 0 0 0 0 0 0 0
num_features=3 4 3 3 3 3 3 3 3 3 6 6 6 7 6 5 7 7 7 4 6 6 6 6 7 6 6 6 6 6 7
leaf_features=5 7 8  4 5 7 8  1 5 8  4 6 8  4 6 8  4 5 8  4 6 8  4 6 8  5 7 8  1 5 8  2 4 5 6 7 9  1 2 4 5 7 8  2 4 5 6 7 8  2 4 5 6 7 8 9  2 4 5 6 7 8  2 4 5 6 7  2 4 5 6 7 8 9  2 4 5 6 7 8 9  2 4 5 6 7 8 9  4 5 7 8  1 2 4 5 7 8  1 2 4 5 7 8  1 2 4 5 7 8  1 2 4 5 7 8  1 2 4 5 7 8 9  1 2 4 5 7 8  1 2 4 5 7 8  1 2 4 5 7 9  1 2 4 5 7 8  1 2 4 5 7 8  2 4 5 6 7 8 9  
leaf_coeff=0.030350901467376803 -0.033933699283343388 -0.12001017013915992  0.082138554604259367 0.030102334155025324 -0.094803534616609952 0.0014974842211781692  0.90735009627921392 7.4736209524562582 -39.56295978110284  10.593003196630162 87.289354914706209 -143.19191048680804  -2.7674178799781659 -1.0454382655935888 5.8581624715434373  0.36275617852601272 -0.10496212635653138 -0.039466554456885211  -1.7236577150704762 -19.652265892000287 30.190021533399705  -5.6255962960536641 -1.8881334077767862 12.56957494893577  0.079986875981343186 0.26603531648853224 -1.1393904677539581  -2.1994454927304901 -10.788590745270994 62.814978020884155  0.11137319223892722 1.7055416431742971 -0.87342816112429777 0.27743769726816936 0.94533188788284406 -0.84408295779521725  0.055352797340756869 0.27625487416913758 2.0287644119364359 -1.8785437172697357 1.3388254955757475 0.53881566970649153  -0.82129084302503375 -6.0153109589825737 5.9033798161305473 -6.3317954376312802 0.28334068551651515 0.55714928955987941  0.66710437563761182 -3.0515788777030597 3.2974308094207121 0.070791291019645541 -2.0789196046805842 -1.1552839411586093 -1.1057715079860146  0.24180396194703918 -32.436324386257915 33.162467815240234 -38.035219941690229 5.6521092711485839 -2.0603154208911292  -1.4048829577037738 -84.479101127787729 95.2045614632043 -95.337870604154887 -8.3393080585905413  -0.2439913827904269 4.0240661294436553 -3.6675293079514706 3.4024490340391575 -1.7159972534210775 0.65830789018619384 1.0959733487382424  0.30459721981455906 -27.158435630333898 27.324330111383404 -32.596697745043819 4.3474594715004917 -0.051639043549448621 0.85017136416330463  -0.74349357682808659 14.32327227741589 -14.25326044211306 10.917675752232572 5.4986336793415376 24.147167318675201 -15.880506178759971  0.52695347052831498 -0.68497994992395661 -0.38546240119903818 2.1889269466628321  0.73702562872185817 0.67451303227448955 -2.6690418091757695 1.8656430859504327 -1.5972200008155597 -1.4788069580703451  -1.0419969879229882 -0.34353334584063761 -4.1105811378878574 2.3318062087560976 2.7480167930156316 -3.4753338664188052  0.54026144079205662 0.27882846080176193 0.52014882291528008 -0.37491735584592334 1.5188882949042182 -3.0419209942414458  25.528115719564084 -0.10848549717302376 -2.4319200221233617 2.6539082101714486 0.052887158111479954 -41.789700089856346  8.610085367825695 1.802867540431369 4.9936374247494033 -5.5895300808806612 2.632557645861934 -10.078466544859793 -1.1205022355814549  -7.3386846984511074 -0.87749106953514233 5.7283078391203617 -5.9080105151880167 0.057176830332900865 21.861401849664254  -0.66236599458384271 -0.31486762592635958 7.5256569315071831 -9.8252210249985197 -15.047650832567525 40.694394000166  17.301612105759705 -3.9204203612547985 -18.144627755768489 16.333515722242009 -9.218751926389178 -16.210300607926911  -6.2391024708274934 1.4382630559460154 7.8173304822868888 -6.3292269330671846 -0.14257174843478423 14.421196017960028  -40.049439817387615 1.6538831404996017 -11.061239403075616 5.4259242388259743 -7.2378525677144356 65.096981720859191  -0.11811517174290467 -33.68325893077931 33.319426573456447 -34.301616797715582 -1.0190746683083494 1.581388255475372 1.0525804548676889  
shrinkage=0.1


Tree=68
num_leaves=31
num_cat=0
split_feature=9 4 6 4 1 5 9 3 9 1 9 1 9 2 1 9 2 2 1 9 1 9 2 1 9 9 9 6 8 4
split_gain=88116.1 74378.9 156250 80785.2 195936 108565 183371 613008 202974 465732 592699 293049 312635 198203 161542 487133 182520 179767 158637 255278 224905 134855 116936 162292 91536 215879 82161.1 81507.6 115311 80080.7
threshold=6.9853949496573593 2.8477071124928428 6.9038690609319611 1.4451858789480825 2.602003343538398 6.3144530238997154 7.5096848011274515 2.4490945577157728 7.4303254148371787 5.2012518591713119 7.5057810118322221 5.9121498248393989 7.5073646786907204 3.6441222005100626 6.5124877202785187 7.4904299414286815 6.6470394442055296 6.2732542227089114 6.2470748199949968 7.5113465454660266 6.1851787574189894 7.4674764183178644 6.0283989876448461 5.9545403518763083 7.5026921405591702 7.5004007801547994 7.4952901757430377 6.6450638773108999 3.0000000000000004 2.2242581879713579
decision_type=2 2 2 2 2 2 2 2 2 2 2 2 2 2 2 2 2 2 2 2 2 2 2 2 2 2 2 2 2 2
left_child=-1 3 -3 5 29 6 8 18 -2 10 13 12 -11 -10 17 16 -16 21 20 -20 22 -13 23 -8 25 26 -17 28 -7 -5
right_child=1 2 -4 4 -6 27 7 -9 9 11 -12 14 -14 -15 15 24 -18 -19 19 -21 -22 -23 -24 -25 -26 -27 -28 -29 -30 -31
leaf_value=-0.097002233853168487 -0.096620213034992741 0.063258041646416088 0.56644551138303412 -0.63176776762654185 0.47886467869404958 0.23845174959819812 -0.86086587291988836 -18.558694839477539 10.507252193039115 -4.5973800957613973 1.4587988425945415 -2.4087349728096363 8.195897873965178 24.262024459838869 2.3618392576976701 -2.2337883729201096 11.393037643925897 8.778702651659648 -14.527669161016291 -1.11665789604187 8.8915642023086559 4.6156711883544927 -6.0683386250620801 7.4397592663764955 -10.75703534171695 5.3683773949032743 -9.7502864490855838 0.12673467635699798 1.5728528168466358 -0.1563483338312831
leaf_weight=60686 7839 70291 6765 6709 3260 1479 1269 20 22 145 58 43 22 20 98 26 29 60 22 40 24 75 42 24 21 21 33 4668 1152 7508
leaf_count=60686 7839 70291 6765 6709 3260 1479 1269 20 22 145 58 43 22 20 98 26 29 60 22 40 24 75 42 24 21 21 33 4668 1152 7508
internal_value=0 0.0526729 0.107435 -0.068831 -0.220364 0.0846779 -0.130145 -1.17336 0.0464608 1.71305 8.0101 0.614084 -2.91204 17.0571 2.06448 0.302011 4.42408 4.32203 -0.928665 -5.8754 -0.702985 2.05593 -0.875472 -0.706794 -4.88119 -3.33878 -6.43793 0.377613 0.822728 -0.380699
internal_weight=172471 111785 77056 34729 17477 17252 9953 1441 8512 673 100 573 167 42 406 228 127 178 1421 62 1359 118 1335 1293 101 80 59 7299 2631 14217
internal_count=172471 111785 77056 34729 17477 17252 9953 1441 8512 673 100 573 167 42 406 228 127 178 1421 62 1359 118 1335 1293 101 80 59 7299 2631 14217
is_linear=1
leaf_const=0.79737011703448957 -5.9160849749924411 -0.082208716902118797 -26.674516972027778 0.78613781603307875 5.9968018043619855 0 592.93984642028806 12942.357839775086 -634.68791076093919 745.02193902097645 9392.9201348662373 1949.1812947081403 -38423.444141960143 -974.91191274523737 -548.25633621523161 -7422.6056993603706 -1512.2151243649423 665.10435995515445 -46965.00862579346 131460.35819377899 84666.555868911746 -441.27591348178686 1429.3252698898316 -74028.995215225223 -18099.075192713739 40044.657046508793 15307.85606379509 -4.0955661164222876 0 1.8531525471930763
num_features=1 3 3 3 3 3 5 6 4 3 2 2 3 2 3 3 2 2 2 2 2 2 3 2 2 2 2 2 4 5 3
leaf_features=9  4 5 9  4 6 9  4 6 9  1 4 9  1 4 9  4 5 6 8 9  1 2 3 4 5 9  3 4 5 9  1 2 9  1 9  1 9  1 2 9  1 9  1 2 9  1 2 9  1 9  2 9  2 9  1 9  1 9  1 9  1 2 9  2 9  2 9  1 9  1 9  1 9  4 5 6 9  4 5 6 8 9  1 4 9  
leaf_coeff=-0.14036284877855679  1.7146168883852173 -0.17354842983529317 0.79247698404685707  0.03011367365979023 -0.016670686060402319 0.017032082543330773  -0.21868136097630497 3.5482149718163782 0.44206601990019867  -0.080960441375254183 -0.00598669625601076 -0.1921125514104233  -0.16800327519658467 -0.68890616661072102 -0.40145204439880899  -0.35258023790325127 0.065985910856218064 -0.098597829876838017 -4.2366364058835648 1.2610874975708726  -14.743387288483792 15.44490810725838 14.847986569128262 4.1868626918178053 0.14648740038246616 -79.543956953287136  -10.500350744208845 32.044083932639481 1.5703720199962845 -1720.5945196390153  -0.54187669981401998 0.67222843528907106 86.056874723918739  -6.4581049175787486 -95.208073035813868  -1.7439929445812596 -1249.9567586287858  0.063838371499150531 -7.8003844332299197 -255.80095682521352  13.961043250374496 5108.1298517465593  -8.6013257412996609 33.677852586691735 119.97544492669404  5.574967333271343 -1.6854793652190894 70.165148699283606  -160.00167027126301 1132.3924450963736  21.137332878998134 184.79374312269502  14.487849326762808 -100.08841405110434  -56.527721197903162 6298.7667209625251  14.422384082223289 -17511.820119458436  106.71351045928895 -11358.059438180924  -7.4861263801249152 0.18807705821727724 65.516716228704908  19.073844294063747 -206.5863086462021  -71.203129386436203 9912.2242999434475  55.887013527937235 2361.1857892155649  -147.35485483352096 -5207.6201900005344  -43.885671862121676 -2003.9655898571016  2.0099988882856339 -1.2095286145006441 0.69010607874859609 0.88440117534191531  5.1209149291167684 -2.7367622392676143 4.4618252045691467 -1.9411386318478436 -0.70636034258386649  -0.62303185546167583 -2.512641765952381 0.67824525018608028  
shrinkage=0.1


Tree=69
num_leaves=31
num_cat=0
split_feature=8 5 4 4 9 9 5 9 1 7 1 5 1 9 9 2 9 9 1 9 9 1 1 3 1 9 2 1 2 1
split_gain=76871.4 64622.5 61818.1 100074 71346.3 55771.6 74756.4 53943.7 52514 52381 57147.9 76020.2 187900 255119 478292 192555 190939 371366 306424 382874 495586 307188 238633 223704 324627 391144 174117 167254 121139 115675
threshold=3.0000000000000004 10.549281036369061 6.3469511894790713 6.4618586488452534 7.4595672783348599 7.3864412775907322 12.384444745756648 7.0802787666761651 4.5485858369352732 5.7615763945705671 7.1424319879342129 1.0000000180025095e-35 5.9441099918666387 6.9454859591542002 6.6727184231314114 5.8671757711349626 7.3356103405957258 7.4257596410863274 5.4315338162543414 7.506706814649637 7.4303254148371787 5.2284276452838947 3.7256208424938388 3.3490431075814406 5.6076369307404796 7.4216099343571509 2.8429223869847671 4.9938224302714262 3.6441222005100626 5.9622923416208602
decision_type=2 2 2 2 2 2 2 2 2 2 2 2 2 2 2 2 2 2 2 2 2 2 2 2 2 2 2 2 2 2
left_child=1 9 -2 4 -4 7 -7 -5 -3 10 11 12 13 14 -1 16 -15 23 19 20 27 28 26 24 -18 -26 -21 -19 -22 -14
right_child=2 8 3 5 -6 6 -8 -9 -10 -11 -12 -13 29 15 -16 -17 17 18 -20 22 21 -23 -24 -25 25 -27 -28 -29 -30 -31
leaf_value=-0.26100526825182607 0.07558452784735939 2.8952348203307259 -2.0873923039235991 0.20545091449089772 1.2901929444736906 -6.3447035095908433 -0.31718130771469022 2.9512302204414649 0.046339462324976925 0.057818219541572693 0.45990419739060651 -0.10999875184071371 7.6366164636611948 -3.3455846089664152 12.907878186625821 -7.0087918269169798 17.254232125806933 1.8670461742690319 -5.7062270012063294 -3.5644247248059231 9.7037974274676788 0.45654373168945317 -1.1135048923393092 -1.3913625153431366 10.621098753611248 -6.9337992581454193 -16.29457498030229 -7.0864686825696159 20.208746337890627 -0.013017287239958736
leaf_weight=250 86471 133 476 212 72 22 318 108 126 22544 1653 57246 20 453 31 77 24 54 144 21 23 23 96 43 30 22 22 34 21 1702
leaf_count=250 86471 133 476 212 72 22 318 108 126 22544 1653 57246 20 453 31 77 24 54 144 21 23 23 96 43 30 22 22 34 21 1702
internal_value=0 -0.0678811 0.06566 -0.644755 -1.64362 0.184608 -0.707197 1.13215 1.50929 -0.0727134 -0.120185 -0.136077 -0.619213 -1.49411 1.19179 -2.18844 -1.82095 -0.580992 -1.92688 -0.0757754 3.34163 9.82196 -3.88655 4.37279 7.63409 3.19403 -10.0775 -1.59227 14.7175 0.0758286
internal_weight=172471 84792 87679 1208 548 660 340 320 259 84533 61989 60336 3090 1368 281 1087 1010 557 438 294 155 67 139 119 76 52 43 88 44 1722
internal_count=172471 84792 87679 1208 548 660 340 320 259 84533 61989 60336 3090 1368 281 1087 1010 557 438 294 155 67 139 119 76 52 43 88 44 1722
is_linear=1
leaf_const=0 0 0 0 0 0 0 0 0 0 0 0 0 0 0 0 0 0 0 0 0 0 0 0 0 0 0 0 0 0 0
num_features=3 2 3 3 3 3 4 4 3 3 3 4 4 2 4 3 3 5 4 4 4 4 4 4 5 3 3 4 3 4 2
leaf_features=1 8 9  4 8  1 5 8  4 8 9  4 8 9  4 8 9  4 5 8 9  4 5 8 9  4 8 9  1 5 8  5 7 8  1 5 7 8  1 5 7 8  1 8  1 2 8 9  1 8 9  2 8 9  1 2 3 8 9  1 2 8 9  1 2 8 9  1 2 8 9  1 2 8 9  1 2 8 9  1 2 8 9  1 2 3 8 9  2 8 9  2 8 9  1 2 8 9  2 8 9  1 2 8 9  1 8  
leaf_coeff=-0.52558131608809056 141.32995602316223 -42.12118441701314  0.010628013245891511 0.0088809510719736647  0.81645160800575811 6.6759965434670452 -35.342980004427957  0.90688835973005555 0.024305338315389238 -1.1844326916433829  1.4992857171079266 -1.6585733830683467 -0.46295272143207172  -61.986299237576901 288.25579668204301 -101.07423051430379  22.427519604808186 16.706122825909915 -219.33516240348109 69.546032068622296  5.0154132137501968 1.6323450854633508 -6.7087149050028536 -3.6816678978429991  -0.77215726035260568 -34.341034915568891 20.066278870329555  -1.9801066892192183 -9.7155712850439162 56.561961539375631  0.075822983033945246 0.1316382508157517 -0.72189624207378533  -0.69495203300418218 -0.31503184673789042 0.47835713948731073 2.9000214587739492  0.030310451329514626 -0.036339134678536493 -0.014853899470055599 0.1191509351104493  -298.24901555366813 891.43533438667657  2.4907754011573617 -2.1695387777687758 -19.527795589863672 4.7706482932051584  -1.2200409586272827 426.95558312102224 -120.79216426098719  -14.877482889892599 44.176758500190047 -1.0276273013121682  -3.9661311007279441 14.684713708632627 1.0484292699984508 -2226.048703186214 596.64692040663215  20.118158370396124 -13.065388657135191 101279.71424741746 -27276.958877348901  -17.408184373989936 25.145166301394784 -155.4695141146658 35.080376757821071  22.237773049715909 -8.1735987290245244 10665.959715259076 -2844.8352684602141  -2.8101943563902751 5.5618650542193793 -352.88040939271451 94.55366482026875  -46.034033869787528 58.43981347618174 4116.1760731127815 -1105.6540137743693  -27.608018713478124 21.169690690546851 -1328.6957007318736 357.95439506992699  15.559855486472225 0.014329775533633439 -4.1307448689032071 -910.55456705465917 237.38123876437896  -7.5924396123650695 -387.1353437112179 112.30231692142553  1.6947156574809925 -2621.4027183532717 703.91671302914619  -8.9602799686370425 6.5539048862061469 3051.9094074726108 -813.67150340080264  9.3646545350551609 368557.11308593751 -99253.579882812512  -6.539578020665795 12.220205035235267 1334.454494739324 -356.32230007220062  0.7328616374788125 -2.3977253463257293  
shrinkage=0.1


Tree=70
num_leaves=31
num_cat=0
split_feature=9 1 4 6 4 1 5 9 3 9 1 9 1 9 1 9 8 9 9 2 2 1 2 9 2 9 5 1 8 1
split_gain=74531.8 70677.1 54258.3 128846 66126 154736 83769.9 143153 456400 164182 298337 391140 200159 241310 133388 394426 161505 190861 160648 132460 132227 89852.6 88621.7 115257 85543.3 82144 68932.5 81765.8 78079.4 137277
threshold=6.9853949496573593 7.4727845933706645 2.8477071124928428 6.9038690609319611 1.4451858789480825 2.602003343538398 6.3144530238997154 7.5096848011274515 2.4490945577157728 7.4303254148371787 5.2012518591713119 7.5057810118322221 5.9121498248393989 7.5073646786907204 6.5124877202785187 7.4904299414286815 3.0000000000000004 7.5050635192141142 7.4867481832696319 6.3633153773202737 3.6441222005100626 6.7736521310065756 6.5782089420242356 7.4989406754145813 6.2732542227089114 7.4674764183178644 8.1022079070573501 3.9219243190762363 3.0000000000000004 5.4315338162543414
decision_type=2 2 2 2 2 2 2 2 2 2 2 2 2 2 2 2 2 2 2 2 2 2 2 2 2 2 2 2 2 2
left_child=1 -1 4 -4 6 -6 7 9 19 -2 11 20 13 -12 16 18 24 -18 21 -9 -11 -16 -17 -24 25 -14 -7 -28 -29 -30
right_child=2 -3 3 -5 5 26 -8 8 -10 10 12 -13 14 -15 15 22 17 -19 -20 -21 -22 -23 23 -25 -26 -27 27 28 29 -31
leaf_value=-0.09838296885666023 -0.077795581335786623 1.1808709030230156 0.05509795523831526 0.5120343600073658 -0.33491509153927623 1.2980556883143857 0.34086786738804453 -0.70039924264890141 -16.027976627349855 8.5893298916518699 -3.7246214474069661 1.2676752879701814 -3.2203682437539101 7.5149622613733476 -0.11573553112836986 -8.7463160172104839 13.78459699948629 2.5045085207621258 10.514580134071153 -8.8964781284332286 19.82396427154541 6.2914114807591304 0.79868626816328181 -7.6353834005502552 6.0044521657421308 3.0410301425240256 1.0275376300726282 -0.43516733972925431 -1.6124966169014954 3.7588988587504533
leaf_weight=60251 7839 435 70291 6765 14217 713 7299 1401 20 22 145 58 40 22 65 32 30 30 29 20 20 33 43 26 34 44 794 1553 78 122
leaf_count=60251 7839 435 70291 6765 14217 713 7299 1401 20 22 145 58 40 22 65 32 30 30 29 20 20 33 43 26 34 44 794 1553 78 122
internal_value=0 -0.0892132 0.0484421 0.0952139 -0.0553343 -0.192431 0.0835502 -0.105153 -1.02689 0.0508884 1.54978 6.5897 0.670213 -2.24396 1.8689 0.26736 3.92031 8.14455 3.97651 -0.815756 13.9392 2.04177 -4.39662 -2.37937 1.77239 0.0594119 0.428949 0.185654 -0.195667 1.66405
internal_weight=172471 60686 111785 77056 34729 17477 17252 9953 1441 8512 673 100 573 167 406 228 178 60 127 1421 42 98 101 69 118 84 3260 2547 1753 200
internal_count=172471 60686 111785 77056 34729 17477 17252 9953 1441 8512 673 100 573 167 406 228 178 60 127 1421 42 98 101 69 118 84 3260 2547 1753 200
is_linear=1
leaf_const=0.77910848691628876 -4.6159810647212911 -1.3006327451686959 -0.10254705081821386 -23.615193502051991 -1.9280339264582835 -19.665165784352212 0.19693012775378521 -3441.9915903329852 12975.09059944153 -561.05464671552181 630.28536203689873 6726.4749845027927 0 -33988.328330230717 505.51003747386278 -347.91501770019534 0 0 15751.954887485505 -15700.192022895813 -1144.3116631492974 -1316.7759621731939 -13773.358007085324 -40135.352040290833 0 0 -14.129886902532963 0 0 0
num_features=2 3 2 3 3 3 4 3 5 4 3 2 2 4 2 2 3 3 3 2 2 3 2 2 2 3 4 4 5 5 5
leaf_features=1 9  4 5 9  1 9  4 6 9  4 6 9  1 4 9  1 4 5 9  4 5 9  2 3 4 5 9  3 4 5 9  1 2 9  1 9  1 9  1 2 8 9  1 9  1 9  1 2 9  1 8 9  1 8 9  1 9  2 9  1 2 9  1 9  2 9  2 9  2 8 9  1 2 8 9  1 4 5 9  1 4 5 8 9  1 4 5 8 9  1 4 5 8 9  
leaf_coeff=0.017629465780420125 -0.14337106839577415  1.5311779155608578 -0.15870041211828728 0.61747153608795324  0.28576484586870382 0.029911822514350206  0.023534724531342113 -0.0080697293766643693 0.015090748512837138  -0.20620162366475087 3.1409329879079451 0.39933059298095941  -0.3381448984246655 0.32634085943636254 0.11729925558024662  0.35923121929551771 -0.015421788382951718 -0.12553850100680394 2.7595435444787202  0.84846354200057883 -0.68363921912241499 0.57863908465963054  0.56780023494296761 7.6140739138354547 3.6208477258442144 0.049343740811127648 457.6822920829058  -9.5683428070347869 29.105114876588779 1.2604850588162664 -1725.0253551483156  -0.030342012108303607 -0.011614015269151423 75.996888326853522  -5.0674030217036492 -80.82179568489083  -1.6213812413094275 -894.91811415851123  -13.98015920246835 -2.1860234676929395 1249.6421960970388 -322.55201284848158  12.100844066159334 4518.7296854496008  -2.6400013385546575 -65.470434212704646  -85.596442111255612 37.948782685806513 87.178746908903122  3.3937936695394457 -111.08799556726591 58.28782473467291  4.0262512118526503 -7702.3633576393131 4100.7917477086185  -74.007066825497901 -2036.159733080864  36.212668461166324 2058.0820069551469  -7.0872363147529542 29.088047069538153 143.61013664342462  -5.0573794224692392 182.29932870352641  -94.091143343871238 1921.335393012874  249.57326823659241 5128.7924793839456  -77.97356690070302 1814.0799005831593 -418.58083773257681  -5.0760596441374224 10.950288479825396 -1093.7038788296284 288.14373188940812  0.017756818772932094 3.0176123323832713 -1.9124423675111986 3.232326286753437  -0.14694619840531831 0.93577071661317113 0.1140776423886397 10.518334059014116 -3.2941567480426786  -0.22430593738210833 -1.7833169089091827 2.2721010818405718 -2.1929748216243752 -0.88788339414049922  2.1141973939838885 -5.5577636562535417 -1.789255363179973 6.012899695812485 -0.40484139803211294  
shrinkage=0.1


Tree=71
num_leaves=31
num_cat=0
split_feature=9 9 1 9 4 4 7 1 1 9 6 9 1 9 3 2 2 1 1 2 9 9 9 1 5 6 4 6 5 2
split_gain=66279.6 290261 194278 231607 186677 147025 137466 117996 114608 99558.1 98681.8 100142 103868 97517.3 154433 249935 124405 170402 468870 114809 347260 299763 103528 96895.9 94431.7 123318 90770.7 86406.7 86368.4 77320.2
threshold=7.4271755523508984 7.5026921405591702 6.2887870655353924 7.5110205089571052 5.6844293852151617 5.7021130240234443 5.616741578982702 6.9042490137732191 3.4811217321331038 7.3818570447967646 5.9793108611573578 7.5095006762989494 4.5485858369352732 7.4532576529343979 4.0257211841854144 5.1255127845471877 6.1337594452530775 5.3205649864913136 3.9219243190762363 6.5645602482837448 7.4904299414286815 7.4946092172894359 7.4989406754145813 5.7252164247697896 9.8306748945848259 6.7699763579386056 1.175687628581739 5.9724553650957244 10.658247101118517 5.4974243072450237
decision_type=2 2 2 2 2 2 2 2 2 2 2 2 2 2 2 2 2 2 2 2 2 2 2 2 2 2 2 2 2 2
left_child=7 4 5 -4 13 8 -7 -1 -3 -9 11 -10 26 24 16 -16 17 18 27 21 -21 -18 -22 -8 25 -2 -13 -15 29 -12
right_child=1 2 3 -5 -6 6 23 9 10 -11 28 12 -14 14 15 -17 19 -19 -20 20 22 -23 -24 -25 -26 -27 -28 -29 -30 -31
leaf_value=-0.05190588438477213 2.0928161393754103 -0.0043301539414807655 -7.7611853309659935 -0.79754939366900734 0.057677209673017593 -10.574756584167481 -0.55018884789852696 0.26501983553544822 3.4031943266197211 1.5846905072284445 1.3521827635658932 -1.5054621540747273 -0.35355174062235489 2.947161297580879 2.7175046157836915 -13.091839235424997 2.2032662497626414 -2.3432896439546074 15.001828905940057 7.7883776303732182 -0.12750301794572311 16.446517467498779 -8.2923995971679698 -6.4731240245274142 0.35406446803000668 5.9703144421011718 1.9082037428957717 0.80209988113983288 3.0147015479050188 -0.07825727643286956
leaf_weight=129612 269 24903 49 1890 2338 20 131 4910 90 647 1095 96 1800 203 20 20 45 153 24 53 44 22 24 35 155 118 413 2506 209 577
leaf_count=129612 269 24903 49 1890 2338 20 131 4910 90 647 1095 96 1800 203 20 20 45 153 24 53 44 22 24 35 155 118 413 2506 209 577
internal_value=0 0.118012 -0.00404411 -0.973526 0.755537 0.059963 -2.74263 -0.0325599 0.0778255 0.418669 0.555845 0.130662 0.00310552 1.20182 0.986351 -5.18717 1.06668 0.904316 1.08613 3.55918 1.7203 6.88015 -3.00923 -1.799 2.43975 3.2751 1.26437 0.962841 1.09812 0.858544
internal_weight=172471 37302 31308 1939 5994 29369 186 135169 29183 5557 4280 2399 2309 3656 3114 40 3074 2886 2733 188 121 67 68 166 542 387 509 2709 1881 1672
internal_count=172471 37302 31308 1939 5994 29369 186 135169 29183 5557 4280 2399 2309 3656 3114 40 3074 2886 2733 188 121 67 68 166 542 387 509 2709 1881 1672
is_linear=1
leaf_const=-0.27203499659833741 -324.00431615002458 -74.131911550671802 2200.8771182775499 27663.525550842285 -14.230890094226925 2475.8210287094116 4013.711249768734 0.26125523675611934 -4730.6777518987656 -20.545340291690081 0 461.63985486030583 -396.95469670295716 -314.99251014720653 -905.77630326394001 4333.773912747577 1422.0399445796386 -893.84144290685663 -2847.5459809809927 -1619.5398241996766 -8702.1369694562636 -9702.3234897136699 -52625.724841880801 0 -822.81098920097577 -83.866529494524002 0 175.17625901955182 0 0
num_features=2 4 3 2 2 2 4 4 2 2 2 6 2 4 6 3 3 3 4 4 2 2 2 2 4 3 4 4 3 5 6
leaf_features=1 9  4 5 6 9  1 4 9  1 9  1 9  4 9  1 4 7 9  1 4 7 9  1 9  1 9  1 9  1 2 4 5 6 9  1 9  1 4 6 9  1 2 3 4 6 9  2 3 9  2 3 9  2 3 9  1 2 3 9  1 2 3 9  2 9  2 9  2 9  2 9  1 4 7 9  4 5 9  4 5 6 9  1 4 6 9  4 6 9  1 4 5 6 9  1 2 4 5 6 9  
leaf_coeff=0.0099627061275396975 0.029630328320858726  9.7224802900253522 -9.4466949910558018 9.1300412186245463 43.866348234238103  -0.15083573778580225 0.041780441237319013 9.8542300671106204  -21.837607317091898 -275.39829522371292  -0.31017031112860427 -3682.1104745864868  0.47317134000690547 1.5342828967071911  2.9128955375810621 -48.216950177308178 348.0297089714557 -552.18751449584965  0.44431528725357339 -1.1304536266528886 -24.370166843888001 -515.12512374371295  0.042333570371108922 -0.045177809936723184  -1.0250554856471354 631.34206527173524  0.80552956782412366 2.2085113705368715  -0.39070981586541648 0.53645724969206587 -7.5234450041900347 7.1044941763178944 -8.1192478683926321 1.1793029829639636  3.3951296482105136 -63.493388178944592  0.31437669289080078 0.056179992457106212 0.059501961011847015 52.497166725993161  -24.645604948507753 16.283628414004404 3.6860622201913431 0.52566210726972717 -6.0626507738345943 46.864513966697274  -19.761173058509168 24.303658192079638 118.61911992835813  -5.1867699915848791 7.8335351458132214 -582.90217745434495  -22.43489325986102 1.0363725641476094 -171.11914846114814  35.844489875836011 -24.150009732874242 -10.090197775925299 110.06389642897994  13.183310758930748 4.4296852895226042 -6.888958688174899 373.93565676119181  29.6488919729949 191.05976546034219  -64.849705944322338 1218.6006790387212  -44.403372917883104 1334.164321154356  292.88816772485154 6755.8764346003536  37.142216092702441 8.9838406456212407 -34.121340958453949 -12.154744193202351  -0.70912721865231565 0.2767898044443115 110.57490035950906  38.851937584062398 -55.893184560039664 27.412295120126512 44.693591670319442  1.4381408934400384 0.079222683228374544 -1.8236222251773144 0.86170032017998899  0.22321440104928669 0.54197613240177134 -23.912698264524806  1.6808386952978482 -25.023502528492827 23.578147234665813 -12.034918893349824 -9.0772351298241123  1.9492704804980718 -0.8476458032192582 -39.133920958111347 37.349838987200179 -41.763311715089664 3.7653539189461527  
shrinkage=0.1


Tree=72
num_leaves=31
num_cat=0
split_feature=8 4 1 4 1 9 9 1 9 4 9 9 1 1 9 4 9 3 6 1 9 1 9 1 9 9 9 9 1 2
split_gain=60810.5 54125.1 207587 97664 99392.5 86340.1 96533 96591.9 79675.2 125332 83160.1 148253 190237 71688.8 94459.7 67448.7 100252 66720.5 142118 125739 185433 125374 367716 116486 83945.7 506834 158125 480200 216024 161591
threshold=3.0000000000000004 3.5040265001487509 5.763621242782512 4.0474181078189284 5.9335696915338003 7.512612293208039 7.4271313124684308 6.0342838271617802 6.1003517537352172 3.8968964838426357 7.4312700534253935 7.4216099343571509 4.3502571242716384 6.1727433506564262 7.0802787666761651 4.4687734560090773 7.0802787666761651 3.1813030950795151 1.0000000180025095e-35 3.7726948748059121 7.5083664748103045 4.3107766033702406 7.4237699162490749 4.1026092131977068 6.9501919588448233 6.6727184231314114 7.2618342399737932 7.3891586615022886 6.2470748199949968 6.462248816637195
decision_type=2 2 2 2 2 2 2 2 2 2 2 2 2 2 2 2 2 2 2 2 2 2 2 2 2 2 2 2 2 2
left_child=1 17 8 -4 -5 6 7 15 -3 10 11 -10 -13 14 -9 -6 -17 18 19 20 -1 22 23 -21 25 -23 29 28 -28 -26
right_child=-2 2 3 4 5 -7 -8 13 9 -11 -12 12 -14 -15 -16 16 -18 -19 -20 21 -22 24 -24 -25 26 -27 27 -29 -30 -31
leaf_value=-1.6819636264441133 0.058398208894001852 -0.5531135097892097 0.1264620353420248 -2.0684091114888257 -0.48491397909820083 -1.7043145960027521 0.92449683112067138 -1.1039993210297794 0.34562691692056696 1.1575379600099867 0.8893492202520662 -1.7295427544483619 1.8222377756276833 -0.47953025075074579 -5.2512345597550683 1.776293535585757 9.9190246582031261 0.27788869897342972 -0.097071171126909717 -4.0405139728025956 -9.3879761858684265 -0.82160726280893859 13.254472991943359 4.1229053916602298 -3.0850803441544703 10.944345390505909 10.45477916277372 -1.2700616170976318 1.7465790150657534 1.2709477733857562
leaf_weight=131 87679 788 2798 438 58 484 555 213 3794 2154 1642 779 187 1932 74 54 21 4400 62282 44 41 342 25 29 543 41 52 727 63 101
leaf_count=131 87679 788 2798 438 58 484 555 213 3794 2154 1642 779 187 1932 74 54 21 4400 62282 44 41 342 25 29 543 41 52 727 63 101
internal_value=0 -0.060376 0.105474 -0.322622 -0.650785 -0.467677 -0.261784 -0.54171 0.409091 0.497709 0.275705 0.0640238 -1.04198 -0.698601 -2.17332 2.0759 4.05626 -0.0988642 -0.124597 -0.926067 -3.51886 -0.699346 2.78718 -0.797512 -0.88216 0.437933 -1.2224 -0.320252 5.6842 -2.40191
internal_weight=172471 84792 15971 6627 3829 3391 2907 2352 9344 8556 6402 4760 966 2219 287 133 75 68821 64421 2139 172 1967 98 73 1869 383 1486 842 115 644
internal_count=172471 84792 15971 6627 3829 3391 2907 2352 9344 8556 6402 4760 966 2219 287 133 75 68821 64421 2139 172 1967 98 73 1869 383 1486 842 115 644
is_linear=1
leaf_const=0 0 0 0 0 0 0 0 0 0 0 0 0 0 0 0 0 0 0 0 0 0 0 0 0 0 0 0 0 0 0
num_features=4 1 3 3 3 4 3 3 4 4 4 4 4 3 4 3 4 3 3 4 4 4 4 4 4 5 3 3 4 4 4
leaf_features=1 3 8 9  8  1 4 9  1 4 8  1 4 8  1 4 8 9  1 4 9  1 4 9  1 4 8 9  1 4 8 9  1 4 8 9  1 4 8 9  1 4 8 9  1 4 9  1 4 8 9  1 4 9  1 4 8 9  1 4 9  3 4 8  3 4 6 8  1 3 8 9  1 3 8 9  1 3 8 9  1 3 8 9  1 3 8 9  1 2 3 8 9  1 8 9  1 8 9  1 3 8 9  1 3 8 9  1 2 8 9  
leaf_coeff=-3.1605932890080926 4.5152390994636482 15.431374297289494 -3.346437407799431  0.014599552433250307  -0.24421325899185639 -1.6959692823211441 1.2092906175871321  -0.85325379769898291 -0.054047243378269633 2.868431135664514  -5.823168844063912 -1.7571480821220575 19.922381279000547  72.065402860655766 6.3250675320377105 -230.87813786215594 0.43700992681924905  -0.083076334606721508 -0.98591030935554047 0.43051048284710308  -1.4168487808261832 0.17827977889305657 1.265866646878385  -16.907339099453385 -5.3824472774398551 64.793719714192548 -0.52056068080503903  -0.096052079899630993 0.60857365339672675 -1.4491293418349187 0.17666434598918387  -0.17614851352757466 0.85348470195142812 -2.8462212521854555 0.54567724002470752  0.012878938577762256 -0.39083486990874694 94.23595817962196 -24.796091518545293  -0.40232249325999875 0.24791859411925543 -2612.1129276037218 703.11037754416475  -0.80730784498182973 1.32691310640912 0.15279585707708065  0.58385201611639015 0.25570011788398367 -0.9898910117329649 -0.53613295611504552  -14.669345017321758 -0.33565532136490223 11.876010055356893  -29.163529212991264 1.2782399170075167 72.322366320479389 3.9494709619290576  -149.95067536477001 -94.279475336940962 185.25641440278852  -0.16735435177639035 -0.061071209887651891 0.61329186303196659  -0.046638924358113877 -0.042851115535682729 0.016265665793520869 -0.045162235951897861  -13.981145384188148 2.1403000217321591 26.103235119800594 -0.27921879382984116  -2.1178440748772118 11.501958017186826 1667.7695956230164 -444.62101904153826  -0.50926519011605931 -0.28362006443260274 98.592038994235921 -29.29660255566705  12.209541824131158 -1.0124356142058788 473.68337060934869 -131.41112013852691  -11.726660606356484 -0.35052704193082462 60.26090963851712 -9.6804750213354058  17.565436659575397 -16.62148206353557 -8.7065431293443112 -22.605706302866022 5.1801696687172809  -3.1644607993926912 379.49587909376714 -105.57453260812909  1.2622892567822419 -291.37720244145021 79.60303230728023  -0.37856851400501912 -2.359480332463272 -24.955786535202062 6.8410230590481662  -3.1689971711142793 -0.5645644911399359 307.73521631063198 -80.636940315586983  1.0096365094216366 -3.6892816512451305 28.181893705774566 -5.2767458158946283  
shrinkage=0.1


Tree=73
num_leaves=31
num_cat=0
split_feature=9 9 5 1 9 6 2 2 7 1 2 9 9 9 1 9 1 1 4 9 4 5 2 2 9 4 8 4 8 4
split_gain=53048.9 235962 214355 154274 172431 151022 107297 94777.9 115237 155613 92325 301057 158500 281548 255232 199795 249070 149728 174063 161226 194231 164418 128169 120331 101581 161219 277332 142320 248722 137143
threshold=7.4271755523508984 7.4936097581645003 11.630557377464777 6.5124877202785187 7.5004007801547994 6.9344174951386153 6.3534997185584592 5.2681342242217175 5.197021068961539 5.4315338162543414 4.9599264533111969 6.6602263132402717 6.9501919588448233 6.6727184231314114 6.1125747596674556 6.9853949496573593 5.9121498248393989 5.9012653434919295 5.4391650856799503 7.4263412190689762 4.789570747856378 10.498904752911189 5.8114735503551058 5.670350921448466 6.1003517537352172 1.6570930023362631 3.0000000000000004 1.175687628581739 3.0000000000000004 5.4816795064439043
decision_type=2 2 2 2 2 2 2 2 2 2 2 2 2 2 2 2 2 2 2 2 2 2 2 2 2 2 2 2 2 2
left_child=10 2 5 -3 -5 6 7 8 9 -2 24 -12 13 -13 23 16 -14 18 22 -19 21 -21 -17 -15 25 26 -1 28 -26 -29
right_child=1 3 -4 4 -6 -7 -8 -9 -10 -11 11 12 15 14 -16 17 -18 19 -20 20 -22 -23 -24 -25 27 -27 -28 29 -30 -31
leaf_value=0.57426260905823401 11.079721545847134 0.050383963842153469 0.23182716100576353 -7.5035939984023576 -0.83987571703392006 4.5820334606264765 4.2426547161223178 -0.97497759874050427 1.1632985485170126 1.7685088863372802 -0.39152004200083623 0.71493962469179773 -4.1921206640396838 3.8937430858612063 -1.6146874734333583 0.66643963032295117 -0.13645180164934273 -0.15356617318957441 -3.4724970524615433 0.56240595340908905 2.4457702568202344 -2.1976076280309798 2.4173649821610073 13.061346416938598 -0.23814019330045696 0.40127325715473217 -1.5258049123514354 -0.19750371880475318 0.62675127575111911 0.27552856595937703
leaf_weight=1226 28 30709 3261 40 1329 152 116 195 1422 50 8183 4840 229 22 28 3384 447 8839 94 2647 515 235 477 41 6638 9109 1291 73576 6662 6686
leaf_count=1226 28 30709 3261 40 1329 152 116 195 1422 50 8183 4840 229 22 28 3384 447 8839 94 2647 515 235 477 41 6638 9109 1291 73576 6662 6686
internal_value=0 0.105578 0.728819 0.00408076 -1.03458 1.55444 1.30033 1.09897 1.36858 5.111 -0.0291298 0.125674 0.319829 0.818551 6.3293 0.17403 -1.51034 0.244355 0.779241 0.0714654 0.656998 0.337353 0.882754 9.85996 -0.0732524 0.205525 -0.502888 -0.107893 0.195086 -0.158099
internal_weight=172471 37302 5224 32078 1369 1963 1811 1695 1500 78 135169 29981 21798 4931 91 16867 676 16191 3955 12236 3397 2882 3861 63 105188 11626 2517 93562 13300 80262
internal_count=172471 37302 5224 32078 1369 1963 1811 1695 1500 78 135169 29981 21798 4931 91 16867 676 16191 3955 12236 3397 2882 3861 63 105188 11626 2517 93562 13300 80262
is_linear=1
leaf_const=0 445.19370457269252 200.8995781119913 -75.579913936043155 4904.1733699083334 151.15031766891479 21.194873348437252 -211.70131118465216 225.93289276990109 146.52583145319952 -1218.3622833088041 -1.3925467079105602 0 -98.82170810885728 1194.5855634425534 204.43545349352064 4.8571129008449141 1023.2599097114406 -0.69059913262954076 -6.0837015264914953 37863.018701171874 0 0 138.16381934878882 -237.1257545077242 0 0 0 -1.0043785301381944 0 7.1801606142708359
num_features=3 6 2 2 2 2 3 2 2 4 3 2 2 3 3 3 4 3 3 4 5 4 5 3 2 4 3 4 3 4 3
leaf_features=2 4 9  1 2 5 6 7 9  1 9  5 9  1 9  1 9  5 6 9  2 9  2 9  5 6 7 9  1 2 9  2 9  2 9  1 2 9  1 2 9  1 2 9  1 2 4 9  1 2 9  1 2 9  1 2 4 9  1 2 4 5 9  1 2 4 9  1 2 4 5 9  2 4 9  2 9  2 4 8 9  2 4 9  2 4 8 9  2 4 9  2 4 8 9  2 4 9  
leaf_coeff=-0.074056369546922254 0.3912560436284494 0.027660554550077345  18.107509333497728 15.097479807464698 -27.308556884824796 31.806377747352236 37.693465046299387 -78.017242566822105  0.033700050898997351 -26.741935777873735  -0.040683893013306265 10.229278561859246  -21.370207332656719 -636.1698338657618  0.11750503534858581 -20.338374951481821  -4.3996116007401724 22.737639788747767 -17.758190094225576  -4.496374209866917 32.882034167915116  6.5648614266831533 -35.564238863094943  0.10237779324546069 -0.97452322859476226 -1.4336414737552332 -17.667028821946587  16.888681954030471 -9.6674787280403507 155.31354621779175  -0.040490949441810642 0.20182329019862097  -0.14144518755729793 0.23122698138496675  -2.1019144722995406 4.1171475314229609 11.984835328953341  17.717170015770673 29.437083465637215 -209.03010438253406  10.842059160316694 -2.0438302407571429 -38.297948995186019  0.91064507980871667 -0.41573131568427474 0.13340759869657681 -1.0158336660831992  0.75111885465325945 -1.4693241533023553 -146.28973389245513  0.38391025660474942 0.38378273698565551 -0.60640126091640245  0.92759434835875254 3.3376033391468356 6.1236658758123674 -7.7414933032232511  0.31690329439152265 -0.18743512139844826 -0.86673166505061094 0.54033547375001945 -5098.2146795272829  2.2098690369349585 -0.77318550780262285 -1.8416610266463636 0.29404598505072954  -0.4494545791972428 1.3873736565910919 -5.7263163943300244 -0.76169631007651339 3.6709065079201539  -24.467755004187349 -0.080110329461136054 1.0758446197953617  -21.158027660426161 54.228813122410799  -0.16364861040927831 -0.1022880283268961 -2.2313686991448094 0.62947248771043585  -0.11873128213445279 -0.088841754934455619 0.15244333672577781  0.22826438458569101 0.046355302357551413 350.41078767776492 -238.28248777389527  0.016872106274093301 0.046689536943055644 0.090621226042208042  -0.27368076737982872 -0.1593974790915354 0.70957974575464966 -0.28618488782826151  -0.29456722262081331 -1.3320034206932121 0.16069004937380954  
shrinkage=0.1


Tree=74
num_leaves=31
num_cat=0
split_feature=4 4 4 5 9 1 9 9 2 9 9 6 2 2 4 7 1 2 4 4 2 7 1 9 2 8 1 1 1 8
split_gain=50239.1 53343.1 67312.6 60606.6 56255.6 47337.3 69574.1 80325.6 67306.1 62169.4 228521 170935 118048 95162 92360.1 94637.4 67581.3 65442.2 62407.5 96766.7 74348.5 106752 109708 123957 92945.6 62276.4 129377 60949 114959 128150
threshold=6.897653925323378 6.3469511894790713 6.4618586488452534 12.151883049222509 7.4595672783348599 6.9319598485859819 7.4682635250639633 7.3818570447967646 6.3288288446259466 7.4271755523508984 7.4936097581645003 6.9344174951386153 6.2732542227089114 6.2523853468525861 5.7021130240234443 5.5992765471670607 5.7252164247697896 5.3379385602994214 5.6844293852151617 5.8178546545239938 5.2681342242217175 5.2812549792548866 6.6663202551058083 7.4791725819485757 4.5866652731711417 3.0000000000000004 6.4044013279828294 3.4811217321331038 5.4315338162543414 3.0000000000000004
decision_type=2 2 2 2 2 2 2 2 2 2 2 2 2 2 2 2 2 2 2 2 2 2 2 2 2 2 2 2 2 2
left_child=1 3 4 5 -3 9 7 -7 -9 -1 11 12 18 14 27 -16 -17 -18 20 -20 21 22 23 24 -11 26 -14 -12 -29 -30
right_child=-2 2 -4 -5 -6 6 -8 8 -10 10 13 -13 25 -15 15 16 17 -19 19 -21 -22 -23 -24 -25 -26 -27 -28 28 29 -31
leaf_value=-0.047745357029883334 5.0116519165039071 -1.875871998597594 0.028178944587707522 0.39375069613334462 1.1233136738340059 0.23144773074014863 -1.1228647530797016 0.98737953871488571 3.8366534820944072 5.389470236092806 -0.0024100243345329567 4.1238301161088442 7.466588485240937 -0.94538990181237459 -8.2497598081827164 -0.035655766725540161 -7.6257309206894464 -0.95620297616527938 -0.76704119433405815 1.1444145599083317 -1.0713786914323769 0.89921349517742455 -1.6919727574695242 0.29525342854586517 14.53556568145752 6.0807344202267926 -1.7372652672585986 0.94858033452725832 -0.68629771871108802 0.63660914198600915
leaf_weight=126333 20 476 640 3900 72 4672 332 485 100 25 25462 152 24 1000 22 129 28 31 682 433 180 2103 22 22 20 59 42 2076 1463 1466
leaf_count=126333 20 476 640 3900 72 4672 332 485 100 25 25462 152 24 1000 22 129 28 31 682 433 180 2103 22 22 20 59 42 2076 1463 1466
internal_value=0 -0.000577023 -0.668352 0.00405513 -1.48182 -0.00502581 0.281102 0.369768 1.47443 -0.014911 0.10213 0.838774 0.700533 0.0145991 0.0458926 -2.04408 -1.31788 -4.1214 0.592294 -0.0247449 0.882343 1.04278 4.43506 6.44692 9.4544 3.71997 1.60959 0.0602982 0.379314 -0.0241668
internal_weight=172471 172451 1188 171263 548 167363 5589 5257 585 161774 35441 3764 3612 31677 30677 210 188 59 3487 1115 2372 2192 89 67 45 125 66 30467 5005 2929
internal_count=172471 172451 1188 171263 548 167363 5589 5257 585 161774 35441 3764 3612 31677 30677 210 188 59 3487 1115 2372 2192 89 67 45 125 66 30467 5005 2929
is_linear=1
leaf_const=-0.63049133288635206 -1779.7622963532806 0.34411142425378788 17.341320936765374 7.4145775085562491 853.45513290818781 -0.72197448297038136 -6104.3699507355695 268.69352788850665 -639.02817094102511 -2345.8231172870846 33.775708066715744 -69.163109032157806 0 1288.7007248163225 7257.3427118360996 2166.9298280062153 0 0 -373.56893695602196 -458.73188493791969 -118.85166186033749 83.053316809074033 -3379.8900373771789 -7.4209299204871062 728.27976490892479 0 0 4485.4289542406796 0 0
num_features=4 1 2 1 2 2 4 4 5 5 7 5 4 3 4 6 6 6 6 4 4 3 5 3 7 3 3 3 5 6 6
leaf_features=1 4 5 9  4  4 9  4  4 5  4 9  1 4 5 9  1 4 5 9  1 2 4 5 9  1 2 4 5 9  1 2 4 5 6 7 9  1 2 4 5 9  4 5 6 9  2 8 9  1 4 5 9  1 2 4 5 7 9  1 2 4 5 7 9  1 2 4 5 7 9  1 2 4 5 7 9  4 5 6 9  4 5 6 9  1 2 9  4 5 6 7 9  1 2 9  1 2 4 5 6 7 9  1 2 9  2 8 9  2 8 9  1 2 4 5 9  1 2 4 5 8 9  1 2 4 5 8 9  
leaf_coeff=0.024798678432109422 -0.081173054027651403 0.064029129315319594 0.031084705584095752  257.56747431149705  0.75768088838958647 -1.0482039249001673  -2.627369114769539  -0.1151646849702786 -0.5130146214621164  -49.383429137204075 -71.811147940182124  0.05434563613634822 0.19382527010449452 -0.06503661927424674 0.06706798345709046  1.7941421268078557 -0.45212257826351565 0.3667590459925123 810.46957081258302  -2.6480001034462477 0.089866793666556088 0.7367405555472033 -0.28078634316598255 -33.650413781753741  8.9793881644101941 -14.794508573615168 -0.2577755778860592 -0.49215486270077236 91.414904957823467  9.6609773792908538 -17.543151455919723 259.26358497645708 -255.7567156888079 243.90967963496806 8.9854453139283574 317.01792802014393  3.9619129015480419 -4.1095814294257655 -0.03676097073301126 0.063691683408506269 -4.5586912833248787  43.345898005781784 -44.860320784572835 59.306908865767767 -3.5513543132808993  -16.646255642559847 1511.3910310565495 -389.58678040164523  -1.3703027910611127 -1.2243903822138238 0.69867031284957193 -170.74194980580361  1.0198140255031831 1.3303406484668814 -66.025822895581953 41.684856728623345 12.814698933809996 -991.35279440619058  -3.4384018354157835 4.4594965636327393 1.5706102722670949 4.2846729734806557 -18.305738775370653 -282.82803283829418  18.910479168590975 -10.642638247417654 -65.636253842302537 50.245717830087784 -157.20965469503426 81.989403578027861  6.2580863450272552 -2.6951407040231974 11.43523999377469 -6.1599012777405733 -5.3570699017436709 1.2974575382831972  -8.3668299544959162 17.14274248102447 -17.317629129394483 43.318618460092694  -14.761237273355073 10.898183669678112 -9.9738105545482547 64.183551439666189  2.3104586900224606 6.4678122807393379 8.7964048911526334  8.9591198670552341 -8.8900656678069936 7.6929202102317511 -1.2268744518458221 -9.1051330517599123  114.43514972731064 -3.5456024742715955 352.11876518581994  16.76464468677462 -32.124366222093748 -6375.9865028651438 6108.396520483634 -5959.2698470578998 9.9393695852333632 7.6951867429539567  -11.884400152839227 5.3642636571355986 -89.570703920023519  -37.7579145317548 1295.478660049662 -657.6191424569115  12.991651173269748 200.56647894787602 -65.54682086225948  -1.0144842633082589 0.85660177095414847 0.13108355548010878 0.25246265396344825 -597.16717900075025  0.52622159048642059 0.13717564665681242 -0.63268020471441566 0.16820524319773542 -720.70425525307655 191.34490578770638  -0.61077479872183182 -0.92824873793797458 -1.2012731053499011 0.57788239351548332 -113.287109439075 61.510721172019842  
shrinkage=0.1


Tree=75
num_leaves=31
num_cat=0
split_feature=8 6 5 1 7 4 6 7 0 9 7 4 5 4 4 9 5 7 6 9 9 7 9 4 9 5 1 1 4 4
split_gain=41241.3 51937.8 147090 104991 264725 137141 145035 155809 104994 90550.6 89569.5 84579.1 77764.9 77093.9 153746 258886 107835 119855 145794 114240 96805.5 88798.5 105841 86070.8 86056.1 75720.9 113732 186383 199053 131510
threshold=3.0000000000000004 6.2538575714632731 6.6535077747682836 2.9700856263602158 5.6332349431874329 4.566945599906389 5.523502310120123 5.4571676286749167 1.0000000180025095e-35 6.1003517537352172 5.5437346893999218 4.863673427408628 5.5664324555418956 4.0297961644437734 3.8763824044256645 7.512612293208039 11.147296264424304 5.6573752444964773 6.3664796853507193 6.969841509094528 6.9794518049742544 5.55752888718016 6.1003517537352172 4.6563356515368231 6.1003517537352172 11.003740161774564 6.1213951142326692 6.3741723047025554 3.7898394115452283 4.7027479433751127
decision_type=2 2 2 2 2 2 2 2 2 2 2 2 2 2 2 2 2 2 2 2 2 2 2 2 2 2 2 2 2 2
left_child=-1 3 9 4 5 12 7 -7 10 -3 11 -8 -2 14 -4 20 17 19 -19 24 -16 22 -18 -21 -15 26 -5 28 -28 -30
right_child=1 2 13 25 -6 6 8 -9 -10 -11 -12 -13 -14 16 15 -17 21 18 -20 23 -22 -23 -24 -25 -26 -27 27 -29 29 -31
leaf_value=-0.049721620240148083 0.57932960964461022 -0.79520672585653229 0.057287600477893219 0.40621968188675811 -0.58894099680240231 -0.47902685701847081 1.4760132636270102 -11.564394973573231 -1.2392551522779187 1.6199786198703425 0.16789886559806572 0.47598015162975166 -0.27516506827727938 1.4665009833198306 -1.1261194063748927 -3.145809921490148 1.1402629846323602 -1.315427120127165 1.3257808679180203 1.2546679220835368 0.52909059075437426 0.33953147997900207 -0.31799957429369297 3.7916312277317048 -0.26595810048895907 -0.3260988151399713 0.33052638536307821 0.19131041739155474 -2.3623785387660337 -0.20725988801036566
leaf_weight=84792 1198 184 13925 12185 9097 32 1275 21 386 993 4998 2512 9596 409 692 406 549 567 331 1875 722 7359 5328 144 959 3040 823 6784 869 420
leaf_count=84792 1198 184 13925 12185 9097 32 1275 21 386 993 4998 2512 9596 409 692 406 549 567 331 1875 722 7359 5328 144 959 3040 823 6784 869 420
internal_value=0 0.0480919 0.143777 -0.0138154 -0.14164 0.0616324 0.344775 -4.87134 0.374919 1.24241 0.445844 0.812669 -0.180327 0.104906 -0.0556837 -0.920038 0.249218 0.685234 -0.341886 0.957556 -0.280956 0.108062 -0.181776 1.43561 0.252007 0.140474 0.207756 -0.0640831 -0.884438 -1.66017
internal_weight=172471 87679 34443 53236 29115 20018 9224 53 9171 1177 8785 3787 10794 33266 15745 1820 17521 4285 898 3387 1414 13236 5877 2019 1368 24121 21081 8896 2112 1289
internal_count=172471 87679 34443 53236 29115 20018 9224 53 9171 1177 8785 3787 10794 33266 15745 1820 17521 4285 898 3387 1414 13236 5877 2019 1368 24121 21081 8896 2112 1289
is_linear=1
leaf_const=0 0 0 0 0 0 0 0 0 0 0 0 0 0 0 0 0 0 0 0 0 0 0 0 0 0 0 0 0 0 0
num_features=1 6 2 4 4 4 4 4 4 6 4 4 4 6 5 5 4 5 5 5 6 5 5 6 6 6 4 5 4 5 5
leaf_features=8  1 4 5 6 7 8  5 9  4 5 6 8  1 5 6 8  1 6 7 8  4 6 7 8  4 6 7 8  4 6 7 8  0 1 4 6 7 8  5 6 8 9  4 6 7 8  4 6 7 8  1 4 5 6 7 8  4 5 6 7 9  4 5 6 8 9  4 5 6 9  4 5 6 7 9  4 5 6 7 8  4 5 6 7 8  4 5 6 7 8 9  4 5 6 8 9  4 5 6 7 8  4 5 6 7 8 9  4 5 6 7 8 9  4 5 6 7 8 9  1 5 6 8  1 4 5 6 8  1 5 6 8  1 4 5 6 8  1 4 5 6 8  
leaf_coeff=-0.024860811682845638  0.55883060805826401 0.51487384379420298 -2.9223574834626675 2.8099483366880236 0.81349631147959378 0.14626866327045604  -0.13801049817179775 0.016413372356419133  0.25235424125773032 -0.22262996005867547 -0.036541145183434764 0.42628005942397779  0.23636352227492274 -0.29502747244595656 0.64696459719407917 -0.36921622848139041  0.028821384931331552 -1.2105487170856124 1.7653543318356242 -0.84506112731669425  2.0578303897307251 -29.50115590020232 -7.5062510260948336 47.940845472239019  3.7999338289647313 0.41405125118546948 -3.3399931968437162 -0.13961422315696836  -10.761992880310391 -111.70789008558495 449.33426110767761 -451.81850979737942  -4.5943766191112898 -0.34011285625895771 -1.7725019654794096 -5.2722907618305728 9.6296155333177023 -2.7107292111781138  -61.600287564707791 61.089177378280027 1.5061371924414517 -0.15522327008160347  0.19350657583635156 -0.31818270680639604 4.0990938513432411 -5.4716758000358823  -0.35191930222430873 -0.18844032685355216 9.3400103501866401 -11.975622324274447  -0.32865075068854549 1.1311878038800125 -1.1299940974203402 1.8357346309421532 0.27300698135882689 -1.4463613242816677  -7.2230521582336227 8.2733575687554559 -9.7608879058985636 -0.19606546569702915 1.3073218705587353  -13.884052278497137 9.9518804585915746 -10.672021496361516 7.3106815038745481 -1.56659432103246  -27.653025089314909 45.894316307402192 -47.764792585049875 -8.1010053059377238  -3.1557336858184502 1.7745575797080164 -3.3277039643951869 -3.9917640022431442 6.8032988055616448  -51.297511546727407 49.341216724827063 -63.658093916677174 5.0162976225978131 17.254633683332941  -23.114463700581542 24.308606685094176 -23.721313366691447 0.45344750650755261 -2.5383869596302251  -25.293933505818167 22.254165297362434 -22.741850253386524 2.6019567266566415 1.8103736193080751 -0.51241697148716414  -50.514481727654868 30.943333874776911 -31.371643234127433 16.011585545542335 2.2623115847825832  -17.463440525287513 17.397695743657504 -17.25748299320302 0.16925428431874254 -0.28647465952744827  -24.985458463073101 25.35343221663938 -24.804190263898587 2.9602084445008199 -5.3826248603982663 -0.061540870288826002  -48.864999431608524 29.395359439980169 -21.275031967767063 -7.4376898801709901 14.101242892479059 4.1285756026374658  12.792833092857137 -13.357694098880888 12.394178669970501 -0.20158483367326596 1.7198400167101227 0.39532627007057503  0.28316583150057539 -0.042687765811973581 1.5028761872127234 -2.6032995111959281  -8.1723754412988914 47.857428479084774 -47.278418256547411 46.523874853972032 12.8411699255239  0.15618891488779385 0.31871157618140139 -0.48969250553167215 -0.28125841416188851  1.1383847190463712 20.494727489956134 -20.367197559485795 17.104276220955946 2.2147727027419024  20.182648092935597 120.04735701264127 -114.65272499511138 121.17134410354957 -48.323317771290391  
shrinkage=0.1


Tree=76
num_leaves=31
num_cat=0
split_feature=9 1 4 5 4 4 4 7 9 4 4 1 9 4 8 4 8 9 4 9 1 1 9 9 1 9 1 4 0 8
split_gain=40485.2 43891.1 34915.1 51789.1 44073.7 159704 65624.1 46130.8 45040.8 42871.6 107166 47089.6 174186 204419 233761 160300 272322 118284 128064 82095.5 123412 78883.3 90399.7 79905.6 141071 84187.2 83967.3 78179.9 78051.7 89007.2
threshold=6.9853949496573593 7.4727845933706645 6.3265965004535403 11.599139857743582 5.5500479024995064 5.5103994593183616 5.8178546545239938 5.6349522016402229 6.1003517537352172 5.5500479024995064 5.5224599191935839 3.2384861814448418 6.1003517537352172 1.175687628581739 3.0000000000000004 2.2242581879713579 3.0000000000000004 6.9691077232421668 4.4337841666032221 6.1003517537352172 5.173316863805991 4.516324041782946 6.6602263132402717 6.6602263132402717 5.2012518591713119 6.6304582640520229 5.9012653434919295 4.8539795841274467 0.89587973461402759 3.0000000000000004
decision_type=2 2 2 2 2 2 2 2 2 2 2 2 2 2 2 2 2 2 2 2 2 2 2 2 2 2 2 2 2 2
left_child=1 2 3 9 5 -5 8 -8 -6 10 11 12 15 14 -14 16 -1 18 19 20 -13 22 -21 24 -23 -26 -27 -15 29 -19
right_child=-2 -3 -4 4 6 -7 7 -9 -10 -11 -12 17 13 27 -16 -17 -18 28 -20 21 -22 23 -24 -25 25 26 -28 -29 -30 -31
leaf_value=0.58057233453784274 0.035701304470409825 0.93512618953212245 -1.0589913707487388 0.31541764000517236 0.01043043950157708 3.3318548068404201 0.88191373902679748 -0.18712469267713674 -1.9365032217081855 -1.3209806395082508 3.0895486710206521 0.65981128326400473 -0.51073430270723719 -0.46497032843110581 0.8887010724779586 0.53688660262411814 -1.3089661177282119 -7.4359201065699256 -0.36491292831877825 0.5107969621099463 -0.49798608990709287 1.8101627593130503 -0.87239609976946297 0.83971709399287375 0.035797254338984064 -4.9073750925064097 0.42736922151902146 0.25116977673352309 1.2507837452135888 -1.7446112858695448
leaf_weight=1533 111785 435 357 2045 211 192 668 1020 272 283 106 1345 2059 20793 2840 5762 1518 30 4909 946 2918 459 944 4095 2774 70 51 1645 79 327
leaf_count=1533 111785 435 357 2045 211 192 668 1020 272 283 106 1345 2059 20793 2840 5762 1518 30 4909 946 2918 459 944 4095 2774 70 51 1645 79 327
internal_value=0 -0.0657529 -0.0729791 -0.0671019 0.26281 0.574316 -0.0581653 0.235931 -1.08598 -0.0933113 -0.0870176 -0.093129 -0.160058 -0.284693 0.300533 0.226546 -0.359552 0.0345686 0.0729147 0.230928 -0.132695 0.396912 -0.180068 0.543306 0.181409 -0.0768286 -2.65885 -0.412468 -1.59347 -2.22287
internal_weight=172471 60686 60251 59894 4408 2237 2171 1688 483 55486 55203 55097 36150 27337 4899 8813 3051 18947 18511 13602 4263 9339 1890 7449 3354 2895 121 22438 436 357
internal_count=172471 60686 60251 59894 4408 2237 2171 1688 483 55486 55203 55097 36150 27337 4899 8813 3051 18947 18511 13602 4263 9339 1890 7449 3354 2895 121 22438 436 357
is_linear=1
leaf_const=0 -0.10362799512125208 -0.75679991195665941 -18.587680794684275 -3.7258061698496023 0 102.390195392631 24.205454158113572 3.8555540396002472 36.660875260771718 14.528074536839268 223.52240558341146 0 0 0.87802784494269881 0 0 0 0 4.464184146302796 -355.5076667425223 0 362.50834189355373 -122.47224008078338 -29.063638035915211 -51.121101546453431 -772.94613978043208 3944.7662992140281 11.439923191500021 1863.2711784936489 0
num_features=4 1 2 2 4 4 4 5 5 4 4 4 4 5 4 5 4 5 3 4 4 4 4 4 4 4 2 2 4 3 3
leaf_features=1 4 5 9  9  1 9  4 9  1 4 5 9  1 4 5 9  1 4 5 9  1 4 5 7 9  1 4 5 7 9  1 4 5 9  1 4 5 9  1 4 5 9  1 4 5 9  1 4 5 8 9  1 4 5 9  1 4 5 8 9  1 4 5 9  1 4 5 8 9  1 8 9  1 4 5 9  1 4 5 9  1 4 5 9  1 4 5 9  1 4 5 9  1 4 5 9  1 4 5 9  1 9  1 9  1 4 5 9  0 1 9  1 8 9  
leaf_coeff=-0.47060928517627687 0.51513348449623775 -0.12682628285853922 0.14787784459251582  0.019038870198008342  0.21951497629220854 -0.009265584047261655  4.0362277518475826 -1.3403289354956287  -0.12347189756179021 1.5323046885010427 0.33794501227438334 -1.2005678397097341  -0.16439973100995475 5.6841852867017515 -1.3257076554152953 -2.8493881864724244  -2.0781794631409638 -8.6360429106280208 -1.6475515947560782 -4.7202454303531338  -0.18318263933324205 -2.8595273810541588 -1.0050975282312835 3.2030452018196232 -1.7600454513345767  0.069442210100685742 -3.7251412977642304 2.6997684541978337 -2.6992984840295322 0.15678497720066675  0.20086042039474705 -2.8194900730781232 -1.6674150789725901 -0.43339829931896934  -0.0072774282477752195 6.3859940306886989 -4.9184577863561572 0.7352788363098739  -0.77202683861760313 -46.782160781789571 4.2090180662278271 -1.2673268707217176  -0.098710210070748872 0.3004742794096501 -0.54045863355888746 0.85868479932261155  0.12363043769575768 -0.059261333243853187 -0.086994603875188412 9.2865335906109063 -2.8818456882610919  -0.011263523105321128 -0.12013242261519111 -0.00025023553022833766 -0.14527546269348476  -0.64423384666797578 -1.0448037227637259 0.18475928653937929 -2.6265482495331982 1.6958556218055039  -0.050402307882062305 0.043659091566527766 0.1907792042224685 -0.26181443150700828  -0.15751684055176157 -0.025480081009345668 0.09777472369078169 336.8271491289139 -229.12244689464569  6.4948422493973341 -189.51172473877671 47.702174673229457  -0.078570629367152381 0.84452220613291051 -1.3076240658258484 0.87324494682751208  0.12728375238559694 1.5092121318792124 -0.52275779354895346 55.958259080583233  0.22913091528061785 0.080479914531258606 0.080730352801492711 -0.50062913425499578  1.4509550526548993 3.2287189642171144 -2.8607425069523744 -55.484637609496716  -0.89800463643964012 1.1026846796925553 -0.26621026721160773 18.602260254255818  0.28319098939239779 0.053582452302111963 0.097191091326152446 4.1045874456236566  -0.78034127448924484 0.60832877563243537 -0.49771823925761965 9.2136728912169925  6.944224919218323 109.65934029379861  7.063332804343009 -599.45454091858119  -0.22690911493527965 0.58056286750231156 -1.0140041933260591 -0.41327253619246562  1.5329343410307503 -4.4786320551771501 -262.90352387987076  -0.96731290709271889 -78.355577571690091 45.454336261749269  
shrinkage=0.1


Tree=77
num_leaves=31
num_cat=0
split_feature=4 4 4 4 4 4 4 1 9 4 9 4 4 7 2 4 4 6 9 9 1 1 2 4 1 5 6 5 9 7
split_gain=39989 40847.5 50622.6 48437.2 301921 164424 165862 109874 105062 88847.7 82220.8 83727.3 136977 75108.2 59851.2 56451.6 251470 160461 115649 173297 338408 165765 216152 115497 151054 97731.6 97325.1 79323.1 69117.4 115491
threshold=6.897653925323378 6.3469511894790713 6.4618586488452534 5.4816795064439043 5.5500479024995064 5.772996334337213 5.9545403518763083 3.4498615536424366 7.4227059644980615 5.5224599191935839 7.4271313124684308 5.7021130240234443 5.7178493942780877 5.6349522016402229 5.6445630993609823 4.863673427408628 4.8539795841274467 5.523502310120123 7.4698109442214173 7.0802787666761651 6.1516677315751922 5.9441099918666387 3.573041482810694 5.0767338789019494 3.7726948748059121 11.66942053587268 6.8783425596904744 10.944431002758746 7.4271313124684308 5.5268466801195588
decision_type=2 2 2 2 2 2 2 2 2 2 2 2 2 2 2 2 2 2 2 2 2 2 2 2 2 2 2 2 2 2
left_child=1 3 -3 15 8 10 7 -7 9 -5 -6 -12 -13 -8 -11 16 25 -17 19 -19 21 22 28 24 26 -1 -20 -24 -21 -30
right_child=-2 2 -4 4 5 6 13 -9 -10 14 11 12 -14 -15 -16 17 -18 18 23 20 -22 -23 27 -25 -26 -27 -28 -29 29 -31
leaf_value=-0.01239625442891349 4.4712643432617183 -1.2903122616510323 0.019171710014343264 0.7526594014279544 -1.1072731344752778 1.3116905728896775 0.3687886888352932 -0.79553559606687896 0.71243667570468794 3.3254399209541461 1.0482431960678518 -5.0094234582149628 -0.25623969980534289 -0.48276436106277903 -1.7899259765942892 -8.2237693595886228 1.0599609392090938 -0.0099625638077898721 -1.89175842711702 -0.89000523190975511 2.0068642841283659 -5.721989511474967 3.2730665424977667 0.7134310364668347 1.7320714446840828 2.3191716157065496 2.4174478654203746 -0.03934374523770278 -0.13805574867632484 -2.317419028034458
leaf_weight=146366 20 548 640 240 1622 1757 1944 288 841 487 458 66 745 2217 24 25 2232 5125 544 1484 359 80 134 2173 194 180 58 157 308 1155
leaf_count=146366 20 548 640 240 1622 1757 1944 288 841 487 458 66 745 2217 24 25 2232 5125 544 1484 359 80 134 2173 194 180 58 157 308 1155
internal_value=0 -0.000515491 -0.584866 0.00353798 0.209661 -0.0126701 0.2775 1.01493 1.48011 2.33977 -0.635566 -0.0326439 -0.643059 -0.0849227 3.08519 -0.0101831 0.00651234 -0.220756 -0.203759 -0.385804 -0.909652 -1.22521 -1.11411 0.335939 -0.694576 -0.00953243 -1.47659 1.48596 -1.37085 -1.85861
internal_weight=172471 172451 1188 171263 10689 9097 6206 2045 1592 751 2891 1269 811 4161 511 160574 148778 11796 11771 8802 3677 3318 3238 2969 796 146546 602 291 2947 1463
internal_count=172471 172451 1188 171263 10689 9097 6206 2045 1592 751 2891 1269 811 4161 511 160574 148778 11796 11771 8802 3677 3318 3238 2969 796 146546 602 291 2947 1463
is_linear=1
leaf_const=-0.066384940046076493 -1603.4331191554666 64.705654582864369 16.203690723784156 -157.17630200311544 13.193836660312082 -26.161875971063274 10.350562356667069 48.032932604959939 96.149703181441879 187.73147256970407 24.515774651034736 -1060.4679177060723 321.41847778256056 -28.93280943585269 208.80967469010503 86.643828144250449 452.55339879989629 -9.948834046332637 1896.0675736725332 -45.556263032183054 -30.952802986523604 -14.990944969188423 -0.27206336267990994 714.00493870461366 0 5.5228962956811305 -627.60220746994025 -44.776672084000893 0 -294.49930547475816
num_features=2 1 1 1 2 2 2 2 2 2 3 2 2 2 2 3 2 1 3 4 5 4 4 6 3 4 2 3 6 6 6
leaf_features=4 5  4  4  4  4 9  4 9  1 4  4 7  1 4  4 9  2 4 9  4 9  4 9  4 9  4 7  2 4 9  4 6  4  4 6 9  1 4 6 9  1 2 4 6 9  1 4 6 9  1 4 6 9  1 2 4 5 6 9  4 6 9  1 4 6 9  4 5  4 6 9  1 2 4 5 6 9  1 2 4 6 7 9  1 2 4 6 7 9  
leaf_coeff=-0.0064329037627365252 0.0083467830069293737  232.04275877764451  -10.340564488728706  -2.4560940666597548  26.08000036024605 2.1299978809727804  -1.8762323322653174 -0.53486066675993127  0.28935588004486024 4.6505443637874126  -3.3307725534312795 1.8833245011126565  0.13378987612242668 -8.4302517636944696  -2.3450737430131996 -11.055993534324807  -0.22714531537021687 -33.643353754002604 0.31363301869714633  -2.7352716381821667 -1.0842347582321963  134.78752994276584 38.250425250804987  -34.091263322791932 -16.804373877072067  2.0891198748806801 2.7654358184929153  2.5472178514413373 -38.18900076807477 -2.1370651772283966  12.175579221752196 -28.641692524770043  -92.903706073760986  1.2497748908808524 0.38430760307042749 0.16644728097428912  0.22566800540489568 0.21100465033232468 2.3314055457003633 -254.71034237146378  1.9005632630425191 -2.7079993324795257 0.95305509086836082 -0.26625603264749315 5.7421652331482624  -0.74019955298008433 -0.88176474313754627 -0.81551562417625978 6.4495522848457769  10.395567742541608 -5.8332149023868629 -0.60416324167090352 -2.7972575127532764  2.1971733196039849 -0.67165348717692275 1.3720190399995773 -9.0822753349115377 2.2135320295346901 10.103202775735918  -7.6254429038941458 -1.1871865691284256 -88.710986684123057  -0.85955288337321611 -12.131199413121067 3.9521053045664303 5.7892864198889589  -3.5117541010804416 1.1489255112333923  -4.0515015774260972 7.5975428160571035 79.490596380829814  -1.6390640735966788 0.77802813839640272 19.543761977024225 -19.03167066316605 25.103858147092048 1.2761070728906789  -251.54543478604228 306.7376706455716 8.4700882753843416 -1.4751970861330876 13.711686481805646 -14.74505995800255  0.60725620841406003 -1.009872046828346 -1.5277292101858622 0.27087312911116895 0.8745582408548217 39.526640364527708  
shrinkage=0.1


Tree=78
num_leaves=31
num_cat=0
split_feature=9 1 9 4 4 1 6 6 9 3 9 1 2 9 2 2 2 8 2 9 1 9 9 1 1 9 9 1 9 9
split_gain=34180 37877.1 66426.3 33271.4 116492 79484.1 64576.8 59972.1 76715.7 377004 125803 126752 115190 72445.5 258063 211098 149172 121457 86242.9 207090 570326 178578 174431 162782 129742 222394 173270 121485 106252 101769
threshold=6.9853949496573593 6.9319598485859819 6.6602263132402717 2.2242581879713579 1.4451858789480825 2.8617925509761908 6.8464050032955415 6.2477251921531467 7.5095006762989494 2.4490945577157728 7.5073646786907204 5.4315338162543414 6.3633153773202737 7.3308964213358783 6.590987390102673 6.7086942120556854 6.6535077747682836 3.0000000000000004 5.1393111554182296 7.4073282940106013 5.9012653434919295 7.3769560291632947 7.4312700534253935 5.2652741739841078 6.2075829764107793 7.5026921405591702 7.5010915415493882 6.2643497376646673 7.4989406754145813 7.4782615495240883
decision_type=2 2 2 2 2 2 2 2 2 2 2 2 2 2 2 2 2 2 2 2 2 2 2 2 2 2 2 2 2 2
left_child=1 -1 -3 4 7 -6 -5 8 10 12 13 -12 -10 14 -2 16 18 -16 22 20 21 -20 -15 -24 -21 26 27 -26 -29 -25
right_child=3 2 -4 6 5 -7 -8 -9 9 -11 11 -13 -14 15 17 -17 -18 -19 19 24 -22 -23 23 29 25 -27 -28 28 -30 -31
leaf_value=-0.07372262422186561 -0.3116545292894532 -0.36922510713914786 0.91877367609096694 0.024643861236506581 -0.49140122424692739 0.96815014175410519 0.26144488076722744 0.30137031777835505 -0.44260206409354713 -14.352321338653566 1.1044451863677414 9.3954637799944205 -7.8970379329863052 0.71789324196071735 0.69575449927993449 -7.1243219195185477 8.1673162536621096 7.4546571126059877 5.3114139226220907 -1.8577269314132794 0.57978886806960206 17.820132263183595 9.271283559997876 5.5505290653394619 6.0626191209344311 -9.5874764875932179 9.1624495796535328 0.18864705906565493 -7.2589192199707036 -3.9629254731264982
leaf_weight=59012 5477 663 1011 73757 6734 395 13647 6793 1608 20 54 28 21 1150 46 37 25 63 21 601 637 25 48 23 34 22 23 454 20 22
leaf_count=59012 5477 663 1011 73757 6734 395 13647 6793 1608 20 54 28 21 1150 46 37 25 63 21 601 637 25 48 23 34 22 23 454 20 22
internal_value=0 -0.0604165 0.408652 0.0328032 -0.0704928 -0.410531 0.0616173 0.0700204 -0.0802387 -0.706239 0.0369321 3.93552 -0.5387 0.000304629 -0.215769 0.38445 0.473927 4.60228 0.41148 -0.0237981 1.35632 12.1096 1.05477 5.22042 -0.840629 0.264753 0.672943 0.288576 -0.125596 0.899507
internal_weight=172471 60686 1674 111785 24381 7129 87404 17252 10459 1649 8810 82 1629 8728 5586 3142 3105 109 3080 1837 683 46 1243 93 1154 553 531 508 474 45
internal_count=172471 60686 1674 111785 24381 7129 87404 17252 10459 1649 8810 82 1629 8728 5586 3142 3105 109 3080 1837 683 46 1243 93 1154 553 531 508 474 45
is_linear=1
leaf_const=0.9293879097063098 2.8754715655992187 11.96089880101372 13.690533095743014 0.97461106619388149 1.2289333969127256 -9.1783737700996433 -0.53211886987519397 3.7694842326533036 -1574.7148921489716 10609.326249980928 -11918.723668074608 26506.44845199585 -13332.568969154359 -180.1918118203059 0 -848.86044090548535 1051.9833715651184 0 -968.84055930115289 -145.10346545267384 358.65174023938602 -7502.6013216793544 1423.0059105083346 68.615538417175415 207.3366530071944 -16682.877509593964 55953.802382278445 -236.41748121453276 -68656.935197448736 2735.407537009567
num_features=2 4 2 2 3 3 3 3 3 5 4 2 2 2 4 4 2 2 3 3 5 3 2 3 3 2 2 3 5 3 3
leaf_features=1 9  2 4 6 9  1 9  1 9  4 6 9  1 4 9  1 4 9  4 6 9  4 6 9  2 3 4 6 9  3 4 6 9  1 9  1 9  2 9  2 4 6 9  2 6 8 9  2 9  2 9  2 8 9  1 2 9  1 2 4 6 9  1 2 9  2 9  1 2 9  1 2 9  2 9  2 9  1 2 9  1 2 4 6 9  1 2 9  1 2 9  
leaf_coeff=0.0092081980212133877 -0.16028465737066286  0.075540449566854573 0.80991866332494122 -0.010125579913526295 -0.51130995130642987  -0.55577637051795825 -1.3568553579643663  -0.0060017754020122993 -1.8986690359373826  0.0068082408948859866 -0.099598218557598983 -0.049123619009779421  -0.11014700806828337 -0.045049261853060331 -0.22306074988943012  -0.13545278605875311 -1.7667583819821175 1.9821126937931242  -0.051765571732836427 0.063586399252153578 0.071214059578028358  0.027505942581134948 -1.0634899210565665 0.51319349940501979  0.42708594799636335 6.0221319948188468 2.5286459070366618 0.028399080057170067 209.25388365983963  -8.5784597901525554 27.552614371999518 0.93442612037033546 -1410.3210129141808  0.076270846062834616 1587.4542142629625  -16.715844743861819 -3515.2489254236225  37.024623656924817 1742.3547075867655  0.50713435147049502 1.4103788200458283 -0.035903395889226884 24.193232006431209  2.5030424807954788 0.2120959629490784 0.70673380800744789 -2.4556913215669738  147.32089396149385 -22.378299024706941  -192.67675721589478 32.499927745282186  0.50725465045131846 21.949197429683409 -11.689156562124845  -18.213331096852198 15.758586400104106 134.58543296004646  -13.980549290676663 14.397888773263503 -5.1922905833963675 2.3292011670719037 18.913743945964963  -1.9195038866203504 -0.31797284823186944 -46.444470319380343  52.630542885919567 977.26078832093629  -4.0305088134060503 6.8251411732135239 -189.53693299107255  -13.510766141512068 -7.8821094438348158 8.5768844725564133  -22.173184797028082 -8.4797923032427214  -34.279150309413673 2251.5183825254439  -57.350133814476436 25.3268722768873 -7429.123635387421  1.0756138688202783 -0.58617594951642504 2.6993906472041815 0.8912379181741642 31.333564501224465  -230.81299431929367 36.930059144739062 9324.1504128456127  21.199984593851788 -18.03727343439823 -371.17636427236721  
shrinkage=0.1


Tree=79
num_leaves=31
num_cat=0
split_feature=1 9 9 2 3 9 4 5 4 1 4 1 9 1 4 5 2 2 4 1 8 9 9 9 2 9 9 1 9 8
split_gain=33259 57922.5 63072.7 54749.5 53848 52273.5 69232.6 143033 115812 79132.5 50786.4 44234.4 129154 122999 247276 172662 273821 102166 89911.4 99291.9 96603.4 94797.3 216207 118128 117144 111149 91048.7 119146 174732 89157.1
threshold=6.9319598485859819 7.4682635250639633 7.3818570447967646 6.3288288446259466 4.9020367496873485 7.2833348981060588 4.789570747856378 10.498904752911189 5.0829547538235884 6.0741952825945456 3.0080785798491774 4.9308638091439496 6.1003517537352172 5.9622923416208602 5.5422429774010933 5.2390944889447963 5.9509679675032165 4.3027119124052993 4.2938724236835917 6.3252542177682054 3.0000000000000004 7.5026921405591702 7.5073646786907204 7.5010915415493882 6.5782089420242356 7.4989406754145813 7.4338586011173158 6.6194060950237885 7.4904299414286815 3.0000000000000004
decision_type=2 2 2 2 2 2 2 2 2 2 2 2 2 2 2 2 2 2 2 2 2 2 2 2 2 2 2 2 2 2
left_child=4 2 -2 -4 11 -6 7 -7 -8 -10 -5 -1 -13 14 15 16 17 -14 20 -20 -15 23 -23 25 -24 26 -22 -28 -29 -19
right_child=1 -3 3 10 5 6 8 -9 9 -11 -12 12 13 18 -16 -17 -18 29 19 -21 21 22 24 -25 -26 -27 27 28 -30 -31
leaf_value=-0.018888856273569642 0.19829313447364058 -1.0410618793533508 0.86045186015748498 7.9374068850278867 -0.46120564176775247 0.11404637651038739 3.2174760398218192 -3.0182877902743184 -4.9086382868789862 0.55066886900244538 2.3034462255239485 -0.47387674095354382 3.8764690350194217 -0.099738114034228137 -2.3861291095165904 0.72332210713975664 9.5058824173041767 -1.3316560905461596 -1.0678981102526974 0.032544702277113889 0.74137083744537291 -9.8640892982482917 0.48261708067326992 8.1707752921364527 -3.7003006298330767 -6.433621615455265 9.9358701984087645 5.9084981898044022 -3.424253169468471 0.046469156634452592
leaf_weight=133918 4672 332 485 20 4899 1885 177 158 31 185 80 3162 53 5259 299 8617 28 855 1479 1840 2305 24 439 22 79 21 24 47 35 1041
leaf_count=133918 4672 332 485 20 4899 1885 177 158 31 185 80 3162 53 5259 299 8617 28 855 1479 1840 2305 24 439 22 79 21 24 47 35 1041
internal_value=0 0.23996 0.320861 1.29973 -0.00803387 -0.27296 0.105619 -0.1282 1.32112 -0.232843 3.43024 0.00414581 0.124508 0.208724 0.449907 0.52995 -0.312885 -0.453945 -0.0182679 -0.45783 0.158462 0.611692 -0.585227 0.876048 -0.155318 0.81006 0.873153 3.73879 1.92501 -0.574996
internal_weight=172471 5589 5257 585 166882 7335 2436 2043 393 216 100 159547 25629 22467 10893 10594 1977 1949 11574 3319 8255 2996 542 2454 518 2432 2411 106 82 1896
internal_count=172471 5589 5257 585 166882 7335 2436 2043 393 216 100 159547 25629 22467 10893 10594 1977 1949 11574 3319 8255 2996 542 2454 518 2432 2411 106 82 1896
is_linear=1
leaf_const=-0.0083065098490756033 0.65533342240304371 -5788.3937591418626 163.59441616791301 -1691.2653087221088 -1.0019715741390882 28.90680907835231 178.5756873763865 5.048325277375989 389.22550374080896 173.73429895662994 0 0 35.532110900244156 0 -4.7751661802998573 4.7301544691652451 6273.0575807571413 0 2.2571294637367827 6.036505781232222 0 0 0 0 0 0 0 0 0 0
num_features=2 2 2 3 4 3 5 4 5 4 4 4 3 4 5 4 5 2 6 4 4 5 4 6 3 3 4 4 4 4 5
leaf_features=1 3  1 9  1 9  1 2 9  1 2 4 9  1 3 9  1 3 4 5 9  1 3 4 9  1 3 4 5 9  1 3 4 9  1 3 4 9  1 2 4 9  1 3 9  1 2 3 9  1 3 4 8 9  1 3 4 9  1 3 4 5 9  2 9  1 2 3 5 8 9  1 3 4 9  1 3 4 9  1 3 4 8 9  1 3 8 9  1 2 3 4 8 9  1 8 9  2 4 9  1 3 8 9  1 3 8 9  1 3 8 9  1 3 8 9  1 2 3 8 9  
leaf_coeff=-0.02745215638554431 0.087693646425707095  -0.060447160339618479 -0.00040987942153236645  1.4887244161115634 768.94731869343673  -2.0903733046758135 0.016557400046622206 -19.941227128880566  18.783057764504338 23.835963397531305 -0.49764328232995469 190.14432685696522  -0.12159424596137286 0.26686976967858417 -0.017948537286815735  -0.073555381662178829 -0.6149646597046321 -0.2317785373699259 0.14946270443685564 -3.4166969337698903  0.11083070649456205 1.0714422265048142 -8.1406567421232463 -18.998615078808509  1.0690998246708661 -2.1753669090477614 -4.1227767391021191 7.1969036794747812 -8.1092678444692865  1.7641595694953141 -1.1594024453750535 -4.5343579157806744 -49.80215670563048  1.9546226746858792 -1.5902263902871425 0.5020565458745182 -24.186523963051151  -0.24036467565993008 -9.5612845239640603 0.40394268814925455 8.61936173129161  -0.018801731863072747 -0.026715502676746362 -0.05763163326804488  5.3069133331015115 0.42977441871744304 -11.434136454867037 -2.4100787019755447  -0.081903978652895476 0.066275392487547005 0.040946157491058344 -0.6263503113580442 0.21727853385028625  2.6727973729624868 -0.19369260995846319 -0.28587600550727077 -1.4479150284415709  -0.20303511200452251 0.022874426662000971 0.070643304201826143 -0.23993860765494901 -0.12096753593042422  -1075.0261423282325 19.912362319309068  4.1727112746392647 -4.809008553901446 -1.483029665892053 -0.039449469515611214 5.8347809043530567 -1.3003086051090351  -1.0024477230382218 -0.10776258837412112 1.1226766831558563 -0.33427226536874743  -0.98222942970247262 -0.042497870478125303 0.19715393567089612 -0.059928221567970223  -0.093201709883948075 -0.19315442037922115 0.19469118376074501 1.797278526805576 -0.87991460515173692  -16.497907205391677 -9.3736893256049374 -4012.9198746442798 2152.0582880973816  2.1277713874012991 -4.4109874334245438 -0.3787826517510382 0.7888552626078309 2446.202241238952 -1300.827049906552  -143.40120863504708 29778.12584514618 -15750.645489978791  14.251858120344696 -3.5419381887206782 -11.450177609175444  -102.26582155479119 -9.0078345962509054 -9785.7660264015194 5308.4124930381777  -33.276924405491449 -2.630655511037185 703.38098957836633 -344.82431569080802  12.505231551820181 -3.6998807173153185 674.17477226927883 -370.53781898133457  -31.852031503152105 -7.7585731892962944 -6338.4447557345038 3410.9064731106164  -0.96073676909082018 1.4099874942700295 1.5893306751632135 -5.2362811866343737 2.5827255431597758  
shrinkage=0.1


Tree=80
num_leaves=31
num_cat=0
split_feature=4 4 6 4 4 4 9 6 7 4 2 7 4 4 9 2 4 4 1 7 7 4 7 9 9 9 0 9 9 1
split_gain=32313.9 35082.6 107034 67803.6 152478 182265 126566 107503 93550.3 69207.9 78156.5 66648.3 63241.4 57137.6 119534 55153.5 54993.7 51547.5 41899.2 40860.5 50215.6 44124.7 91070.7 53761.7 56274.7 49782.7 43499 99399.6 91531.6 54317.3
threshold=6.897653925323378 6.2255475492814139 5.7690022344837866 5.772996334337213 5.6707422496362438 5.4816795064439043 6.4513730507333387 6.1046090152335468 5.628318853392444 5.7178493942780877 3.7966115240991072 5.6200336511636415 5.9545403518763083 5.5500479024995064 7.4227059644980615 5.3850681287544013 5.4391650856799503 6.3565415002025034 2.0126758453675748 5.7487173037611479 5.7420599364063953 5.9512931707667134 5.6802517195195925 7.4106646516368597 7.4611589542644934 7.0802787666761651 1.0000000180025095e-35 7.4372181979255911 6.9853949496573593 3.3497501700808394
decision_type=2 2 2 2 2 2 2 2 2 2 2 2 2 2 2 2 2 2 2 2 2 2 2 2 2 2 2 2 2 2
left_child=1 3 17 4 5 16 -7 8 -5 10 -6 -11 -9 14 18 19 -1 -3 -8 20 21 22 -10 25 -25 -24 27 28 -23 -28
right_child=-2 2 -4 7 9 6 13 12 15 11 -12 -13 -14 -15 -16 -17 -18 -19 -20 -21 -22 26 23 24 -26 -27 29 -29 -30 -31
leaf_value=-0.0063890814972474399 4.019341735839844 -8.1215680621919173 -0.25258066398089468 0.70486518348247218 -2.6180174928713784 -1.1825011676784913 2.6963416803603537 1.424777722468372 2.7965270423183317 -1.150495368197838 0.65409061110445432 0.24456349014235823 0.37384751690320733 0.40265116852838639 0.64052141081280434 0.39760135051443496 -1.0620494025644631 -2.4535030533285704 0.11190873107739858 2.0933596165283865 -3.8409587483657037 -0.73559627174509801 -0.91492172194023935 2.6055060364305973 -2.8383366478814018 -5.1138939291238792 1.8725438013084625 2.0272704479741117 -4.3022712034633361 -1.0201419873267747
leaf_weight=160079 20 21 2169 1042 369 279 604 1087 95 805 91 596 1210 828 841 507 495 68 70 46 57 127 96 64 27 40 76 51 166 445
leaf_count=160079 20 21 2169 1042 369 279 604 1087 95 805 91 596 1210 828 841 507 495 68 70 46 57 127 96 64 27 40 76 51 166 445
internal_value=0 -0.000463909 -0.392045 0.00473132 -0.00640268 0.00386105 0.830885 0.362548 -0.0489765 -0.906456 -1.97071 -0.557023 0.871175 1.07063 1.43571 -0.486096 -0.00964336 -3.79091 2.42793 -0.833409 -0.941634 -0.802407 0.196892 -0.891061 0.9903 -2.14991 -1.1744 -2.04711 -2.75631 -0.598176
internal_weight=172471 172451 2258 170193 165057 163196 2622 5136 2839 1861 460 1401 2297 2343 1515 1797 160574 89 674 1290 1244 1187 322 227 91 136 865 344 293 521
internal_count=172471 172451 2258 170193 165057 163196 2622 5136 2839 1861 460 1401 2297 2343 1515 1797 160574 89 674 1290 1244 1187 322 227 91 136 865 344 293 521
is_linear=1
leaf_const=-0.034227100426778324 -1443.9854067876936 -658.31570920879028 0.90915430310615197 40.513616333389656 242.59985535349699 -6.2556895893052573 -170.64814253440127 46.971403697563801 -232.34712979253382 96.117070599133157 234.233754587546 -138.9855772158655 -23.854157559363376 -35.271242277535201 81.805261553102184 -0.9396765365905595 -145.40762350517326 206.20975549985306 280.91667635701162 -51.083390036690986 944.86096079945571 -87.139760009205204 -265.58841348621064 -337.46963033266366 1041.0407310195267 0 119.74017590191215 330.06289772503078 -248.05653922189958 57.976239992491905
num_features=1 1 2 2 3 2 2 3 2 4 2 2 2 2 2 2 4 1 2 3 4 4 4 5 5 5 5 6 4 4 6
leaf_features=4  4  4 6  4 6  4 6 7  2 4  4 9  1 4 9  4 6  2 4 6 7  4 7  2 4  4 7  4 6  4 9  4 9  2 4 6 7  4  4 6  1 4 9  2 4 6 7  2 4 6 7  4 6 7 9  2 4 6 7 9  2 4 6 7 9  2 4 6 7 9  2 4 6 7 9  0 1 2 4 6 7  4 6 7 9  4 6 7 9  0 1 2 4 6 7  
leaf_coeff=0.0090574347168590752  208.96703820452095  27.239989505626728 84.250782795005946  0.78387323838095435 -0.99826001481030746  1.0300728063126827 -1.5462599090059712 -6.6188872327020363  0.25363418468582494 -43.057894016662615  1.8031626268162655 -0.8139092298863716  0.75482637512100159 31.523337797366551 -0.16930762056354071  -3.9845572654194257 -3.5118669340396083  0.054780852807397196 3.4237960837752328 0.038009953906657762 37.958322385943028  -19.38726394712576 2.5984841581834193  -0.79001858294917615 -40.290809415455442  24.118813643887552 0.1011906998932318  1.6292930041031468 2.2799786034719092  4.1097350906413341 1.7426154932719555  -1.8634193533755026 -9.4996933322327095  0.13171758456558111 2.6555484122123745 -2.6726961983074036 0.08113361726791482  26.431762330705535  -6.1778129458014526 -29.460088582185563  0.2822715669228032 -50.814373077735219 -0.29363411043941595  -0.58365947661154682 2.4586027349600048 -21.972765247926873 29.648724956891968  -0.41383736852531006 6.7837148679944228 -8.0886254286197072 -163.5138323634863  12.668234628721621 8.5236618313321753 -8.2917334781697729 0.92595535464965906  -0.05834169080145557 7.9514314897351142 1.9708665001257033 36.197634550853401 -0.047063214232593964  -0.080353549194342122 -4.5868901682988508 -5.3890176364991937 -1.3249018976464868 54.795828327629721  1.4212504868753968 56.932363537687344 -7.5916932871536122 40.995778574014551 -209.51871228395032  0.57751911534284661 55.071788942310377 -32.314686085518041 -265.2744889169 190.22077602068896  -69.741767648782115 48.167059703747512 -46.877130199584649 20.874701141929837 -23.361460893459572 -10.578988326323453  -2.9343346492314595 -11.85479258546111 11.487237371347147 -40.624772870645394  11.032700324857434 -1.9655137321620715 33.399538094858876 -0.11122759239360676  9.0706109219897382 -5.7023645760985353 5.2988366014594703 -5.7049252448487096 -7.7749335191077993 2.9375468044832815  
shrinkage=0.1


Tree=81
num_leaves=31
num_cat=0
split_feature=7 5 9 4 4 9 5 4 6 5 6 5 4 7 7 5 1 0 9 4 9 4 4 8 4 6 5 9 1 7
split_gain=32164 52798.9 67314.1 80616.6 74028.4 73517.9 67836.8 64878.7 41577.2 62572.1 72372.1 41672.9 39986.6 39254.3 36876.3 35235.1 35106.4 92927.2 83294.2 74883.4 98012.8 103072 97878.2 90845.8 89244.3 80924.7 80018 96408.8 51080.5 199721
threshold=5.9456351217241705 9.7102364851895029 7.4271313124684308 3.9560284440895033 4.789570747856378 7.0802787666761651 9.7939795586925662 4.6274178059313682 6.4739182529121218 9.8295987867618191 6.8199720132015607 9.8208936763634807 3.1462473185396318 6.0458613676895538 6.1209215198552238 9.8219656262661861 2.9700856263602158 1.0000000180025095e-35 6.6602263132402717 4.8222936407549009 7.0802787666761651 4.6175896576615516 4.7295953278168996 3.0000000000000004 5.772996334337213 6.0580648016235639 7.6360282323874804 6.9756408701929358 5.865049616265698 4.9412514039169277
decision_type=2 2 2 2 2 2 2 2 2 2 2 2 2 2 2 2 2 2 2 2 2 2 2 2 2 2 2 2 2 2
left_child=16 -2 5 -4 7 -3 13 -5 -8 10 12 -12 -10 -7 -14 -16 17 -1 -19 20 23 25 -23 -20 -21 -22 27 -25 29 -18
right_child=1 2 3 4 -6 6 8 -9 9 -11 11 -13 14 -15 15 -17 28 18 19 24 21 22 -24 26 -26 -27 -28 -29 -30 -31
leaf_value=-0.016042684079465765 -0.14076408927303918 0.34774547071956385 -0.3603591360820424 1.7039384315753805 -0.0020588848870885012 4.5743144361302255 -0.099351296154172153 6.315168824066987 -0.3307569798693728 0.37847433404608088 3.4048746306320719 9.1765466516668148 1.7896148760417465 1.3618645319862972 7.8872517709027639 2.087812306433916 -0.60645778665858774 0.13792136093591992 -0.54131038291485134 -2.2675147929512867 0.11635646713773409 3.4209188170830411 -0.85900716207113614 -2.4701626298519281 2.1224925224597637 -0.98698754566217972 -2.3351654616003312 6.2271838989257819 -0.035321746279477532 0.27399732146767392
leaf_weight=106170 2947 1938 1670 174 263 96 229 37 67 273 29 22 157 63 22 20 2937 2233 1238 423 1800 150 83 26 52 1054 591 25 26699 20983
leaf_count=106170 2947 1938 1670 174 263 96 229 37 67 273 29 22 157 63 22 20 2937 2233 1238 423 1800 150 83 26 52 1054 591 25 26699 20983
internal_value=0 0.195718 0.39169 -0.0336729 1.11731 0.704439 1.41126 2.51254 1.0443 1.48819 2.44388 5.89462 1.78227 3.30146 2.4937 5.12561 -0.00952653 -0.0403341 -0.376363 -0.587387 -0.472674 -0.126013 1.89631 -1.0419 -1.78692 -0.291115 -2.00721 1.79324 0.0597614 0.165891
internal_weight=172471 8007 5060 2144 474 2916 978 211 819 590 317 51 266 159 199 42 164464 113845 7675 5442 4967 3087 233 1880 475 2854 642 51 50619 23920
internal_count=172471 8007 5060 2144 474 2916 978 211 819 590 317 51 266 159 199 42 164464 113845 7675 5442 4967 3087 233 1880 475 2854 642 51 50619 23920
is_linear=1
leaf_const=0.10684144225934478 8.8500917806936741 0.15999973790494551 -11.784809441541439 106.97812317658682 -111.62518060187323 -271.81395243145528 -14.073090119448899 -123.51552865514532 623.20459306021223 76.980620934293256 4927.2221567526467 1694.0038842678071 112.54267721325159 -44.392521480517466 -1460.6457341730595 7348.9379887282848 -2.1620958918942734 2.8977743798556732 0 -34.677970491067391 5.7584269898060487 -78.200232561654417 184.65500402942999 0 -85.854816127312375 29.427780904083921 0 0 -1.1089922935131817 0.36209934386297393
num_features=1 2 3 4 4 4 3 4 4 5 4 4 4 5 3 5 5 2 4 6 5 6 5 5 4 5 6 7 3 2 2
leaf_features=7  5 7  5 7 9  4 5 7 9  4 5 7 9  4 5 7 9  5 7 9  5 6 7 9  4 5 7 9  4 5 6 7 9  5 6 7 9  5 6 7 9  5 6 7 9  4 5 6 7 9  5 7 9  4 5 6 7 9  4 5 6 7 9  1 7  0 1 7 9  0 1 4 7 8 9  0 1 4 7 9  0 1 4 6 7 9  0 1 4 7 9  0 1 4 7 9  1 5 8 9  0 1 4 7 9  0 1 4 6 7 9  0 1 4 5 7 8 9  1 8 9  1 7  1 7  
leaf_coeff=-0.025138620722450072  -0.33809892006667541 -0.98348830104312135  0.12520187838099872 -0.21842432635987735 0.034206547945245802  -0.011666141561391896 -2.0170736565044876 1.091515735487701 3.3025284296680186  0.17348681983639835 -0.85933587353028429 6.8877128212256711 -18.57818615805445  2.5083288878368055 -1.4511160354425086 -8.8463532069275672 22.794584838246685  34.487308050110009 -5.0962222245696474 -4.1250363732513504  1.411757789429509 4.1897143741091076 -5.1668132003319904 0.62894877732003351  0.36561465207487348 -3.6098985803030703 -10.481049230831378 31.24307501479052  39.787266377365818 -93.774844669911545 53.355173544504943 1.6049770205445044 -27.07755617181347  -0.31265239882394164 0.99284079246883727 0.75778897927639266 -11.657511887605871  -483.36112538129095 -11.430143502003922 -36.414096006372709 16.03626435152546  -185.47257868945599 -17.798096865799746 35.245243210630726 6.5606083075515933  34.851522194767313 -34.819123798282817 37.570812840419244 -5.1479494641578647 -13.751263224167634  16.372695127996849 -16.735217487401407 -1.6301591957511847  -10.692154188675341 102.97316745072604 6.8974904746515682 -16.549037837213838 75.503710063081243  45.213891943226194 -767.45270454362037 76.432137858207042 -50.708774216111493 -20.193182202006575  0.31637796209810531 -0.016734523352139163  1.8307681680806525 -0.060703672793758302 0.048861074982535516 -0.67938888341051895  1.5491830870845889 -0.26436195423714182 1.1577214331415293 -0.44085301376692621 -0.56571821741190431 -0.16532215232043657  -7.2809227162575896 0.46059148087903168 1.6634061531556428 7.4429578114275508 -1.9905484631763557  0.9915108758285669 1.2335819230572136 0.088167959099690538 -0.41550616009948893 0.21519089919787932 -1.1431715271844383  -4.7806223039022369 1.3592080460018225 -0.4600539817271056 3.4166767658236497 8.7236393764531392  -11.70026766566175 -1.0303994159961349 -20.312838366882353 2.722681891919092 -12.591000283577797  -1.0113772652061017 1.4637909933164224 -71.462411850274108 41.968834777498529  0.49540872459383539 -0.36970455735086039 -3.4483101807918501 14.85446863854013 3.4744546013354922  2.2214783521549748 1.5273256814243696 -0.66022533646005577 -3.508466529562611 0.85630274530395811 -2.2424463013872811  -0.30885573324578108 -0.050075482176401301 2.2779137942520635 -1.6026663022546304 1.3181103110249752 3.8696713092514985 -2.6799468897369483  -7.6416183098510375 262.21124304980043 -146.52110596746206  0.1713795494026906 -0.013526230966401888  0.10377227115269037 -0.099990310858618162  
shrinkage=0.1


Tree=82
num_leaves=31
num_cat=0
split_feature=8 2 9 9 9 7 1 6 9 9 7 1 9 4 5 9 2 4 4 4 4 4 2 9 4 7 9 9 6 4
split_gain=29189.8 41415.3 184104 129299 95420.1 50828.8 76042 117755 102566 146834 110284 71857.8 66384.9 63522.6 101263 117430 63400.4 62863.9 123792 82455.2 90329.5 56406.1 112802 98014.9 54279 87275.6 54134.4 61520.7 77437.3 63134.6
threshold=3.0000000000000004 6.3994261899220151 7.5026921405591702 7.5073646786907204 7.5010915415493882 5.6629688250523982 2.9700856263602158 6.3511920914879818 7.512612293208039 7.46909279813329 5.9219707886874309 5.8763332563158359 6.6602263132402717 5.4940891929315976 11.003740161774564 7.4271313124684308 5.4258149396082773 5.9545403518763083 6.0408495953452093 5.7945356795747589 5.6707422496362438 5.8895699999658513 4.2708615945797588 7.0802787666761651 5.7178493942780877 5.6878531889628556 6.1003517537352172 7.0802787666761651 6.0319031346649057 4.1149555194928924
decision_type=2 2 2 2 2 2 2 2 2 2 2 2 2 2 2 2 2 2 2 2 2 2 2 2 2 2 2 2 2 2
left_child=-1 5 4 -4 -3 -2 7 8 9 13 -10 16 -13 14 26 -16 21 19 -19 20 -15 -8 -23 -24 25 -22 -7 -28 -29 -30
right_child=1 2 3 -5 -6 6 11 -9 10 -11 -12 12 -14 17 15 -17 -18 18 -20 -21 24 22 23 -25 -26 -27 27 28 29 -31
leaf_value=-0.041832055281255581 0.07543929789458971 0.73310475938970332 -9.4000441414969309 -1.2693717953196744 7.355245555530896 0.23925179210437927 0.26594017828684324 0.19398648841270311 -1.6743706406787258 1.4562585643359593 2.8167839338039533 -0.78727590604983666 0.056507676244757568 1.1030158662497065 -0.90943725302199696 -3.5475037752053673 1.0856004665253145 -2.8031538705825807 0.026581423083065894 1.5945295232781618 -7.0743123990794023 0.25222473921729066 -1.0948466705424447 -8.1536988954286311 -0.42117632952603429 -1.1096079747785221 -1.0107869430126066 0.9258007924020033 0.52394778300365064 -1.1650482367316148
leaf_weight=84792 62765 1988 21 285 22 913 4590 3853 954 427 58 1342 3055 319 605 234 943 200 681 434 36 153 42 37 286 77 1871 462 323 703
leaf_count=84792 62765 1988 21 285 22 913 4590 3853 954 427 58 1342 3055 319 605 234 943 200 681 434 36 153 42 37 286 77 1871 462 323 703
internal_value=0 0.0404582 0.45771 -1.82736 0.805586 0.0291377 -0.0994631 -0.265285 -0.471456 -0.345071 -1.41697 0.103465 -0.201022 -0.452738 -0.640803 -1.6452 0.335699 0.0200627 -0.61581 0.506351 -0.151406 0.189047 -1.33224 -4.40089 -1.15431 -3.00987 -0.443544 -0.629133 -0.149243 -0.633327
internal_weight=172471 87679 2316 306 2010 85363 22598 12436 8583 7571 1012 10162 4397 7144 5111 839 5765 2033 881 1152 718 4822 232 79 399 113 4272 3359 1488 1026
internal_count=172471 87679 2316 306 2010 85363 22598 12436 8583 7571 1012 10162 4397 7144 5111 839 5765 2033 881 1152 718 4822 232 79 399 113 4272 3359 1488 1026
is_linear=1
leaf_const=0 0 0 0 0 0 0 0 0 0 0 0 0 0 0 0 0 0 0 0 0 0 0 0 0 0 0 0 0 0 0
num_features=1 3 3 3 3 3 7 5 5 5 4 5 5 5 6 7 8 3 7 6 6 6 5 6 6 5 5 8 8 8 8
leaf_features=8  2 7 8  2 8 9  2 8 9  2 8 9  2 8 9  1 2 4 5 6 7 9  1 2 4 7 8  1 2 6 7 8  1 2 6 7 9  6 7 8 9  1 2 6 7 9  1 2 7 8 9  1 2 7 8 9  2 4 6 7 8 9  2 4 5 6 7 8 9  1 2 4 5 6 7 8 9  2 7 8  1 2 4 6 7 8 9  2 4 6 7 8 9  2 4 6 7 8 9  1 4 6 7 8 9  1 2 4 7 8  1 2 4 7 8 9  1 2 4 7 8 9  4 6 7 8 9  4 6 7 8 9  1 2 4 5 6 7 8 9  1 2 4 5 6 7 8 9  1 2 4 5 6 7 8 9  1 2 4 5 6 7 8 9  
leaf_coeff=-0.020916027249823315  -0.0094250416777899703 0.0046067582958657762 0.016090770382882934  -1.1141538565748907 1.1715951916440475 0.49418469863031478  89.775191583950075 -5374.3192992687227 2785.1407967805862  -2.7567579047346955 2082.1760627239942 -1106.4130604252221  -129.07822357341647 26800.341341876985 -14175.580676603318  0.87930440920360842 -0.83253421979597142 0.47667987956057234 0.048004669823205864 -0.45592482250128796 0.67446310678412835 -0.57411516698693965  -0.01419160884953854 0.11918513754434629 0.16880847639579316 -0.49903180161932142 0.49915569592121756  -0.96304461732697821 0.091584880944647298 -0.3318261249997278 0.42223584422002319 -0.0041049190337503205  0.11683765275552674 -0.22796780639386044 -2.4042980892441848 -3.1529361059103396 4.1520657674518588  -7.4672475820833828 0.21037995936558218 -36.812898692954334 25.850649915530813  -2.2324324235145467 -0.10158971549576563 -4.2369820788047949 -8.6907586872144744 10.940995377474611  0.40544719313572702 0.12491418915743893 1.6682669464164392 -3.1313074899357392 -0.19470456612897352  0.59545070135888289 0.23234480988666803 0.0062012702061567289 -1.3510823600005368 0.030606689344287476  0.25223383598249355 -2.8496933589408457 2.3673887391271009 -9.1049836677849836 14.047773921172212 -0.22191832390928995  0.55189687799156606 -37.279378989694465 37.89159605434849 -38.07036613941802 4.1273746772208089 -6.7234648940761872 0.018871886380190973  -7.3008288329730933 7.2770650090211353 -77.933888376091232 73.321925858575568 -84.899746765533934 11.190260446000321 -242.34022999256851 134.2120854554698  -0.9116438229703363 6.9683213981988956 -8.4815156973956629  4.9988404815279184 -3.4565777880157613 -32.288358551332728 3.6077521113217927 31.590073982002174 -0.14667490295909999 -1.6028571615032661  1.3911645352822735 -0.67090297763974915 -0.51068937442339435 2.1657993845561001 -2.7657240598720478 0.8689453604877988  -0.03951249982089991 5.5743726909208817 3.8686003165356277 -1.976512736357364 -14.337657074989876 1.910294797829863  -1.1298874852435574 51.244746513255819 -4.2661125432342573 -832.20956675168168 1124.6284236428583 -6.3292603718359715  0.041181949092754168 -0.11847090064295003 2.5796695072014701 5.7402043229347335 -11.916402250557439  1.930642600109826 -1.1146556062440027 -26.152432307971253 -43.518109833406925 103.77596152453553 -2.5098933862861941  -7.0070376499106715 3.7908422157473844 27.973518739390421 -91.057385359730688 112.3267363698571 -11.610992261150386  14.247330812243286 0.15068484203242996 -0.25822248266364767 -21.626531357757642 0.66351681697030218  -29.982458703200678 -0.80160614556075138 -23.688922722133043 77.761431527281687 -0.04807972416816142  3.234261903596098 -3.2622508073259326 0.24990247906117846 -0.52071959297178982 -0.70580479339758428 1.1827226334965786 2.3020289606648703 -1.2874840337684645  -2.9665306432656964 3.8701237842262914 -2.7138753852342599 2.6618042538111606 -4.4700010331227675 -3.5897026916816688 3.5694466675588048 2.3830452185736251  5.106793806643191 -5.7493817047229756 1.7278065740238846 -1.1683230490617802 -2.6598619340051073 2.6827789963240947 1.2379041502094879 0.31976449477560892  -35.622822297255219 36.177524347400052 -21.428028317934753 23.195974284363661 -29.222688889830057 0.71507073202626548 0.51586111157921555 3.0139459371932391  
shrinkage=0.1


Tree=83
num_leaves=31
num_cat=0
split_feature=4 4 1 6 8 9 6 2 1 9 8 0 3 9 1 9 9 8 9 1 9 3 9 9 3 3 1 1 6 9
split_gain=28918.1 59973.7 101722 67436.8 74801.8 182040 91552 57456.8 179550 266588 89504.4 56200.2 122387 115597 89328.5 54842.8 49498.9 45603.3 149385 262683 361644 110557 82164.5 66383.5 51887.2 45897.4 44358.4 51227.4 43357.8 93689.3
threshold=2.8477071124928428 1.4451858789480825 2.602003343538398 6.2538575714632731 3.0000000000000004 6.1003517537352172 6.6596213465398719 6.6535077747682836 6.7147769581220773 7.3920957192222412 3.0000000000000004 1.2424533248940002 3.7019912230792098 6.9736019927576525 6.2567088148180039 6.9324868249076692 7.4073282940106013 3.0000000000000004 7.3188928643793965 7.6831734254660597 7.0802787666761651 5.0968440921891967 7.4805093797533928 7.2311737507397504 5.2792305428125657 5.738185563414179 6.6663202551058083 6.9042490137732191 6.8464050032955415 6.9501919588448233
decision_type=2 2 2 2 2 2 2 2 2 2 2 2 2 2 2 2 2 2 2 2 2 2 2 2 2 2 2 2 2 2
left_child=1 3 -3 7 -5 -6 -7 11 10 -10 -9 -1 16 14 -14 -8 -13 23 19 20 -19 22 26 -15 -22 -23 -20 -28 -2 -30
right_child=28 2 -4 4 5 6 15 8 9 -11 -12 12 13 17 -16 -17 -18 18 21 -21 24 25 -24 -25 -26 -27 27 -29 29 -31
leaf_value=-0.22079820822694929 0.0055726748648942392 -0.25779510675648337 0.21389100033044253 -0.0089858022328212529 -1.0540024421051259 1.3661565000690583 0.90933033953660181 0.79549979539144611 2.4478307182138619 -8.5347876456476026 8.8575865113735208 2.4031500299771626 5.33853831904797 1.2505753765629315 1.0213425714941087 0.0621066385428811 9.139171044826508 -0.68330903981501867 7.6075947145266198 -0.062303321578850351 -6.1316768890077427 0.15632298780242171 -2.795362424850464 -0.12647439053558965 -10.652784278790158 -2.5626440330807654 -1.2565701882044475 4.5076553032316014 -0.21460517686559638 0.35592279127791288
leaf_weight=11375 103516 22439 5742 5992 655 1511 1319 21 77 31 40 24 52 474 612 1816 20 120 28 360 44 549 20 1339 60 70 21 58 4033 10053
leaf_count=11375 103516 22439 5742 5992 655 1511 1319 21 77 31 40 24 52 474 612 1816 20 120 28 360 44 549 20 1339 60 70 21 58 4033 10053
internal_value=0 -0.0599459 -0.161687 0.047487 0.233086 0.506713 0.726744 -0.0886591 1.74505 -0.704588 6.08211 -0.109012 0.221179 0.160573 1.35944 0.418562 5.46498 -0.0927031 -0.537436 -1.73525 -4.42392 0.400265 3.08789 0.233549 -8.74001 -0.151153 4.18756 2.97539 0.027971 0.192573
internal_weight=172471 54869 28181 26688 11293 5301 4646 15395 169 108 61 15226 3851 3807 664 3135 44 3143 1330 584 224 746 127 1813 104 619 107 79 117602 14086
internal_count=172471 54869 28181 26688 11293 5301 4646 15395 169 108 61 15226 3851 3807 664 3135 44 3143 1330 584 224 746 127 1813 104 619 107 79 117602 14086
is_linear=1
leaf_const=-0.5160135712270929 0.38092761844946427 -0.48691888544143114 0.47754510150153351 0 0 0 0 0 -49.914880071906374 -1825.7727618372069 0 -27.697656879691205 -87.456240665091912 0 -7.6497615010892339 0 337.35828551966699 0 0 0 0 0 0 0 0 0 0 0 11.402217701945119 -15.707842478121165
num_features=4 2 2 2 3 3 4 4 2 2 2 2 4 5 7 5 4 4 6 6 6 6 5 5 6 5 5 6 6 3 3
leaf_features=0 2 4 6  4 6  1 4  1 4  4 6 8  4 6 9  4 6 8 9  4 6 8 9  1 8  2 9  2 9  1 8  0 2 3 9  0 1 2 3 9  0 2 3 4 6 8 9  0 1 2 3 9  4 6 8 9  0 2 3 9  0 1 2 3 8 9  0 1 2 3 8 9  0 1 2 3 8 9  0 1 2 3 8 9  0 2 3 8 9  0 2 3 8 9  0 2 3 6 8 9  0 1 2 3 9  0 2 3 8 9  0 1 2 3 8 9  0 1 2 3 8 9  4 6 9  4 6 9  
leaf_coeff=-0.11728976340200035 0.044762387979305186 0.73404030690531741 -0.03502250238224143  0.015458069956833477 -0.0713139527221609  -0.26130644980262474 0.10823063017464528  -0.058396874362126906 0.011902061055064906  -0.03758903522528019 -0.078631744080029542 0.28010677545869317  0.16226916182678225 -1.1700609450263983 1.1382278082016002  0.051299103794725909 -1.5032446035918756 2.7977085908755046 -0.019693034560100388  -0.66754059096621321 0.14609340110885113 -1.7319162461997166 1.1252441105616982  99.951346320757878 -333.35484238696517  2.9125728219827582 4.6608369936146117  134.4251909349594 120.5984094729647  62.312869607610629 -101.78569934647531  11.182772056357335 1.3122410383199197 -6.1872444517427034 3.5131150866082863  44.625356409267994 -33.243376761558466 38.255565788538661 0.98332186925445064 5.7580493794175709  0.31972580998324107 0.32702125593268083 0.73500434393277492 -2.013079020951841 0.53812975968623766 -10.229090347232706 2.1532211608009675  1.6428023699740835 -1.8450221813078203 2.9551198544762318 -0.15543234552658874 0.55935011263627532  0.72949518153147797 -1.1495141806833049 0.68898216734127971 0.64393060883393938  22.595364534229361 -4.099537722835521 8.0425189105480968 -49.991841666004625  35.158416014921386 -34.931464814560606 31.102618395551691 -1.2907100305158679 45.302692142874008 -22.952973119122909  -106.99070468699502 98.369252134476852 -78.389339983080575 -8.7188484105372481 -42.138592184009035 20.941962598310784  -37.673225608000472 36.337453089079091 -34.934873923834949 -5.5051476758744302 5.3444513723758691 1.0525069682696171  22.421307780710052 -13.243371247616597 21.81065828872379 -9.1694607362704126 202.53981925249101 -115.28339809179306  -3.2943940538202696 -0.7689207735927539 -4.2953134828748745 90.264721678353098 -44.21905751006198  13.720067971623212 29.412878488514981 -30.975316090252466 1155.0807898657397 -618.3104224880226  1.4658158966399697 1.5713654839735001 0.51584710426187319 -0.46801337981157759 -157.1587608208327 41.217086766585275  2.4181696229148657 0.41828449232270942 5.5016117123421289 -10.822714070047006 1.5539791802118998  3.5251615861561731 5.2105798957854859 -15.865793986993232 -85.353058119816708 53.47298945889343  184.12969439378358 -108.69094067934202 154.03109173875418 1.2761448452465629 -358.22995453970509 139.16422700448894  -38.525795105751605 44.956072281242818 -31.846933833742515 -9.1584098052728233 -126.06124894721434 64.668892280990264  0.10206775856243128 -0.81067302507744898 -0.98656662795367256  -0.22590912641320104 2.4216664285550906 0.0038576129880425469  
shrinkage=0.1


Tree=84
num_leaves=31
num_cat=0
split_feature=9 9 5 6 1 9 9 2 9 1 4 4 8 9 9 4 6 4 5 4 4 6 6 4 1 5 0 6 5 9
split_gain=26516.4 116474 168726 117859 93715 120114 57374.3 56906.4 111037 108231 99809 131984 88693.9 84330.8 221059 125329 397440 211999 160017 157378 133103 149693 123827 110310 120803 115208 116176 97896.9 94032.4 96728.7
threshold=7.4271755523508984 7.4936097581645003 9.8351819444710689 6.8972901840251675 6.5124877202785187 7.5004007801547994 7.4707510616646049 5.7133200939712863 6.6602263132402717 5.9012653434919295 4.1311504708937248 2.9040712449902224 3.0000000000000004 7.4271313124684308 7.3409897451678408 4.8846922840063245 5.6153610120193234 4.3851419095492004 10.6757982081874 4.1971736807086968 5.5103994593183616 5.9621600875090381 6.7817127812322644 4.1627741535806999 2.249904835165133 7.9078355196717807 0.89587973461402759 5.881852423523191 9.8339900893887719 7.3920957192222412
decision_type=2 2 2 2 2 2 2 2 2 2 2 2 2 2 2 2 2 2 2 2 2 2 2 2 2 2 2 2 2 2
left_child=7 2 3 -2 -3 -6 -4 13 -9 10 11 -10 -13 14 -1 17 -17 18 19 23 21 -18 -16 25 -25 26 -15 -19 29 -24
right_child=1 4 6 -5 5 -7 -8 8 9 -11 -12 12 -14 15 22 16 20 27 -20 -21 -22 -23 28 24 -26 -27 -28 -29 -30 -31
leaf_value=-0.031077559037558902 1.1127551988383571 0.039420639304036297 -0.11938870763372128 3.9361011056672961 -6.2053738614986651 -0.64369293504231317 0.68981750600478231 -0.25180610116379887 0.49814221787332963 0.19708003388626763 -0.20577305171378824 2.0551112298379866 5.2421845904103037 0.19228121162187764 0.6285967400284852 -13.17702443416302 0.61100211027545415 2.2188447183553222 1.9177835231225928 -1.7770472168756166 0.1821989028253288 -1.7731075337438875 7.2530332406361895 3.6727142880733754 -2.8571580204698779 -0.4425122836887444 5.7575116471240397 0.44489138431684083 0.091190716039354566 2.6150170250118059
leaf_weight=95399 1233 30709 2463 168 40 1329 1360 4930 560 10745 430 456 108 2911 2058 26 329 359 323 717 963 1320 57 133 36 10620 38 2331 107 213
leaf_count=95399 1233 30709 2463 168 40 1329 1360 4930 560 10745 430 456 108 2911 2058 26 329 359 323 717 963 1320 57 133 36 10620 38 2331 107 213
internal_value=0 0.0746414 0.512517 1.45131 0.00333205 -0.806196 0.16848 -0.0205966 0.149166 0.309894 1.08994 1.58563 2.6654 -0.045396 -0.00706234 -0.231924 -0.874385 -0.134901 -0.283533 -0.332722 -0.751924 -1.29744 0.933812 -0.257341 2.28174 -0.288965 0.263993 0.681638 2.59994 3.59415
internal_weight=172471 37302 5224 1401 32078 1369 3823 135169 17229 12299 1554 1124 564 117940 97834 20106 2638 17468 14778 14455 2612 1649 2435 13738 169 13569 2949 2690 377 270
internal_count=172471 37302 5224 1401 32078 1369 3823 135169 17229 12299 1554 1124 564 117940 97834 20106 2638 17468 14778 14455 2612 1649 2435 13738 169 13569 2949 2690 377 270
is_linear=1
leaf_const=0.12151524589201586 180.85819650213236 140.07145502092317 25.553017622703919 366.29141167588534 324.21882262229923 61.831004714965822 -270.2143770216033 -2.0443424514934576 -21.110896066387795 0.78143790063991225 28.258994310589333 0 0 0 90.290857269219131 0 0 0 0 0 0 0 -420.87071611285211 0 0 0 0 0 4456.5563312975692 -1692.4039303202183
num_features=2 3 2 2 3 2 2 2 2 3 3 3 4 4 5 3 3 4 4 4 4 4 4 3 4 5 4 5 4 3 3
leaf_features=2 9  5 6 9  1 9  5 9  5 6 9  1 9  1 9  5 9  2 9  2 4 9  1 2 9  2 4 9  2 4 8 9  2 4 8 9  0 2 4 5 9  2 6 9  4 6 9  2 4 6 9  2 4 6 9  2 4 5 9  2 4 5 9  2 4 6 9  2 4 6 9  5 6 9  2 4 5 9  1 2 4 5 9  2 4 5 9  0 2 4 5 9  2 4 6 9  5 6 9  5 6 9  
leaf_coeff=-0.011642723967805425 -0.020622042094121797  -0.21717658764387127 0.29898466276779345 -24.061890569439857  0.025150679773943807 -18.644705964112656  0.22947620950968145 -3.8173959556304911  -0.38116724792016615 15.268231523165014 -62.309593799256255  -13.52923856759444 -32.083673253655434  0.10108217539855105 -8.4077187731862075  0.4071789728620161 35.559583720192315  0.025415163165939704 0.26684264404942726  1.7538470502231576 0.14979855437089284 1.5987539796932424  0.14570786535358879 -0.073694526951774725 -0.15299385054923109  -5.1843284792297712 0.28384630096144153 0.045426724017210068  9.426988216722874 -1.1162357194394232 -24.257348261029076 -0.048423580940720967  -22.427975467151011 -4.4075226658647582 42.832036627192565 -2.7919248051752223  -1.5546251461288478 0.073305555437843409 -0.47818590802932026 0.12211100429689666 -0.0059437454326026545  -1.5463948232770237 -1.3126587768186029 -10.99887065186631  12.665059204831447 72.925266696163462 -65.228964494151299  0.02221169163989032 -5.6606794794800752 -0.30883735138686463 4.2425780072146155  -0.33895579381270413 4.0552959304392973 -1.0697837314404752 -1.2746775345993229  -0.17363147737730175 1.5578522198999334 0.92132998129445698 -1.9578410989599435  0.33393892623240506 4.9734825865663881 -1.0601790414326389 -1.742265093209062  0.10820699678132968 -1.8790302839763684 3.3343502959740934 -1.2398958227391745  0.16859186768316478 -0.90007281341077039 0.50021001841216728 -0.048702037941257006  -12.962898616510211 39.582776444993215 38.17274941308424  -0.70626167228965642 47.017742890678349 -0.85447020068801294 -24.760831836238506  -0.33693248856652647 -0.18786415580570975 -63.332059894874696 -8.6363493495050534 47.40934939528816  0.026868847225293282 0.063079895456098711 -0.10343233644814519 0.042020092471227601  -7.6030337479089445 0.87190643422108571 -10.032702847953775 2.5624112797614647 1.75266669784927  -0.052144690552486855 -0.5514483586478377 -0.060775562720181142 0.46695788910956254  -465.55521421805025 11.136958769425656 6.3322280052425413  6.0111789900026453 -1.9475351992100514 222.56145754193423  
shrinkage=0.1


Tree=85
num_leaves=31
num_cat=0
split_feature=4 5 4 6 8 9 2 3 7 4 4 4 1 1 1 9 5 1 1 9 1 1 1 7 7 1 1 1 1 1
split_gain=26797.9 54155.2 70073 124381 71096.7 79935.1 91797.5 55230.5 52851.1 44567.3 243424 146910 219562 122084 140817 109071 98052.3 85963.7 170933 85291.3 108894 85058.3 171300 88135.2 83205 79455.7 75007.7 73142.3 72986.6 83259
threshold=3.2287771385162909 9.8846359725262598 3.1462473185396318 6.7473206514204271 3.0000000000000004 7.4073282940106013 4.5007347399743471 4.3706979025376613 5.9545527963895504 4.1782187062684226 4.1627741535806999 4.3851419095492004 2.6735537653587351 5.7381826048292135 5.5928491800563487 6.9346574408652888 10.752328864032437 4.9308638091439496 6.1727433506564262 7.4271313124684308 6.3741723047025554 6.3534997185584592 6.281331292928102 5.6629688250523982 5.7996083532720686 5.4094089116575796 6.0833591617258103 6.4044013279828294 6.6073254057471518 6.6902207732987664
decision_type=2 2 2 2 2 2 2 2 2 2 2 2 2 2 2 2 2 2 2 2 2 2 2 2 2 2 2 2 2 2
left_child=1 2 -1 4 5 -4 -7 -6 9 10 17 12 16 14 25 -12 -11 -2 26 20 -20 22 -15 -24 -13 -14 -19 -23 -22 -30
right_child=8 -3 3 -5 7 6 -8 -9 -10 11 15 24 13 21 -16 -17 -18 18 19 -21 28 27 23 -25 -26 -27 -28 -29 29 -31
leaf_value=-0.021924498373377236 -0.068272669857661269 0.58572782072497365 -0.22491333897256302 7.1644921606237233 0.2841773315219227 -1.1643694210857995 1.2361808481171381 -3.3043926898728722 0.42141152399276632 -1.5110820197066213 0.25294696194442673 0.053558237570689372 0.50580883127447185 -0.77838868021187402 3.2860219932150567 1.6050634434079165 0.69490416284118384 0.54256959328705878 -1.5420428929840586 0.47315946691176469 0.60416007399057547 3.2080296445248737 -8.0689484402245171 -2.3700783976193134 -0.59650360256274582 -2.0617258366560707 1.7568557279379844 -0.20480796702347553 -1.5674343328172264 0.055154457867461461
leaf_weight=74392 22842 1357 3363 22 1697 2157 172 44 3457 2005 995 43201 1387 709 174 1490 224 4597 731 1360 832 67 51 58 2063 132 572 1001 526 793
leaf_count=74392 22842 1357 3363 22 1697 2157 172 44 3457 2005 995 43201 1387 709 174 1490 224 4597 731 1360 832 67 51 58 2063 132 572 1001 526 793
internal_value=0 -0.0408274 -0.0512155 -0.343505 -0.365727 -0.536772 -0.987085 0.193484 0.038057 0.0226129 0.109996 -0.0368232 -0.510299 -0.0250786 0.591363 1.06367 -1.28939 0.0365182 0.290862 -0.179587 -0.487615 -0.578438 -1.34579 -5.03652 0.0239303 0.282692 0.676942 0.00929327 -0.129276 -0.591913
internal_weight=172471 83204 81847 7455 7433 5692 2329 1741 89267 85810 34738 51072 5808 3579 1693 2485 2229 32253 9411 4242 2882 1886 818 109 45264 1519 5169 1068 2151 1319
internal_count=172471 83204 81847 7455 7433 5692 2329 1741 89267 85810 34738 51072 5808 3579 1693 2485 2229 32253 9411 4242 2882 1886 818 109 45264 1519 5169 1068 2151 1319
is_linear=1
leaf_const=-0.072970020203868058 -3.0384049658192569 -5.4005207522794088 0 146.87496937243267 0 0 0 0 2.2831094441402455 61.708146229357226 -293.80356388092042 3.8664514142136568 -8.6665603252411536 4.4398682670929706 -20.039346066315193 -224.35551114082338 41.236835734178754 5.8534710523470501 -18.165560946444749 24.334343336438181 -26.211127124605266 -208.36730989096688 -185.12398917898537 -213.16903644893318 -66.687345359532628 -307.10133940732925 183.7032794135157 21.939513954691211 40.074367680167782 3.5042605650561884
num_features=2 3 2 5 3 5 6 6 5 2 4 3 2 3 3 3 3 3 3 4 4 4 3 3 3 2 3 3 3 4 4
leaf_features=4 5  1 4 7  4 5  4 5 6 8 9  4 5 6  3 4 5 6 8  2 4 5 6 8 9  2 4 5 6 8 9  3 4 5 6 8  4 7  1 4 5 7  4 7 9  4 7  1 4 7  1 4 7  1 4 7  4 7 9  4 5 7  1 4 7  1 4 7 9  1 4 7 9  1 4 7 9  1 4 7  1 4 7  1 4 7  4 7  1 4 7  1 4 7  1 4 7  1 4 7 9  1 4 7 9  
leaf_coeff=-0.039320330513048875 0.017025709757727363  -0.052896751019223177 -0.23631439540217869 0.68707889949189394  -1.3992599737212372 1.0306340995217398  16.668176602298114 -20.15746871364755 20.187665797158058 4.8189277572494174 0.026640021272814354  -87.60646068460774 31.585796103019675 -25.021777981012566  0.79512893975520171 -7.7462669440603351 -4.0476372566419512 4.0665921060835846 9.4731845267175228  0.36799501306196591 1.309015173642456 -3.7212063740937995 4.5718259062217843 -26.200061776969235 7.1079295308460138  -0.92025656616495732 -14.362764110903663 9.8986676803289821 -11.843609760387153 45.879782007465842 -7.8806742372173177  -2.5596835420636697 -124.86840118175606 161.29903386754742 -163.24030551721518 -21.576639438112036  0.1347879146480068 -0.3911671968375231  0.1460558263750876 -8.9599330786237257 -1.4405883402788959 -1.7634041608285771  72.478275921940806 -0.92759420853790298 -0.52569877265849529  -0.022099703579843324 -0.65973705645691327  0.14678895546855239 2.592207969392712 -0.44373004284420858  -0.97677044836761984 -5.0448198481593867 3.9137800082080503  7.1138252875156471 5.0606338945945026 -6.7912494920539759  63.675010514259341 -3.8000031800289436 -2.5760747353169791  -10.743499326909387 -1.4736122134848075 4.014421529943502  -0.048784504980017122 -0.20869673190048277 -0.75420230081360851  3.8894728747040066 -1.1074297043943717 0.89238014062357252 -1.3311636200201975  -0.30638325043316855 -0.82012944024360479 1.2050046270209465 -3.4324314882171167  3.1878831663017992 2.954541473035738 -1.4653489586078423 0.53349323077729027  20.399499234068209 11.58065595940716 5.6376746491478116  35.052623456204309 0.88527482825593329 -8.6279826573620095  34.625691360456408 -7.5061665984394494 4.1694226426291605  0.12296933915108639 11.224489577009081  23.909159700103192 37.056083264749034 2.618365914796323  -28.25212011614931 -1.1252842426054486 -0.82395087553750279  -0.35279578717763516 -3.8138655167359503 -0.58737118903383134  -5.3183532717055648 0.86458244616314917 -0.29175726378779249 -1.1824675730414129  -1.1608654671587459 -0.14370930851645589 0.76822681882302679 0.11857094413697329  
shrinkage=0.1


Tree=86
num_leaves=31
num_cat=0
split_feature=4 4 6 4 4 4 4 9 1 4 7 2 4 9 7 3 1 4 4 9 2 5 0 9 9 4 1 1 9 4
split_gain=25627.7 31799.9 42733.4 31870.9 110826 105682 136377 100162 74901.6 59845.3 60528.6 58720.4 46932.2 98412.1 45890.8 41285.5 41279.9 80221 40679.8 39732 37375.9 59424.8 56160.6 116060 65326.6 63789.9 54929.2 96307.7 62558.6 54912.2
threshold=6.897653925323378 6.3469511894790713 6.4554012255669075 5.8178546545239938 5.9545403518763083 5.6707422496362438 5.4816795064439043 6.4513730507333387 2.6735537653587351 5.7178493942780877 5.6200336511636415 3.7966115240991072 5.5500479024995064 7.4227059644980615 5.6349522016402229 3.7512890907720933 3.1567740231385479 5.4940891929315976 5.4391650856799503 7.4611589542644934 5.5277742250603552 12.210087076879271 1.0000000180025095e-35 7.428327623473975 7.4271313124684308 6.0759204136906222 4.6867395546766826 5.5154408213148463 7.4472011578893502 6.1075793708269659
decision_type=2 2 2 2 2 2 2 2 2 2 2 2 2 2 2 2 2 2 2 2 2 2 2 2 2 2 2 2 2 2
left_child=1 3 -3 5 8 6 18 -8 19 11 -11 -7 13 -9 -6 16 -15 -18 -1 -5 21 22 23 24 25 -16 -24 -28 -29 -27
right_child=-2 2 -4 4 14 9 7 12 -10 10 -12 -13 -14 15 20 -17 17 -19 -20 -21 -22 -23 26 -25 -26 29 27 28 -30 -31
leaf_value=-0.0047691715723789706 3.5794387817382813 -0.41946857630280016 -4.242227935791016 1.2138757069696444 0.30296014381779568 -2.2761897390228785 -1.071602574300595 2.1639413528520204 -0.71334639447629455 -0.94700424683655759 0.271161419220185 0.56002844536861218 0.32737645457908154 0.57819471660003163 -3.0968126216497609 4.1236019126830561 1.2380827121734619 -7.2589118313789376 -0.91270979139539932 -3.1660194306146532 0.61224512783754736 0.066719334310592585 1.0489022867701485 1.1285665099819502 -5.9341547557285859 3.2092859867640904 -3.9069764928851765 0.31775075286517251 -3.9177640581130984 -2.3161386625186817
leaf_weight=160079 20 1158 30 1508 1944 369 279 674 250 955 712 91 828 765 202 31 25 20 495 21 334 876 177 96 56 35 92 272 40 37
leaf_count=160079 20 1158 30 1508 1944 369 279 674 250 955 712 91 828 765 202 31 25 20 495 21 334 876 177 96 56 35 92 272 40 37
internal_value=0 -0.000413938 -0.516003 0.00316255 0.230745 -0.00501441 0.00411331 0.719493 0.891344 -0.705347 -0.426708 -1.71511 0.932774 1.26364 -0.0516887 0.542122 0.405053 -2.53836 -0.00756807 1.15372 -0.362666 -0.535593 -1.05955 -1.93169 -2.82194 -2.18587 -0.420083 -1.06367 -0.225264 0.369832
internal_weight=172471 172451 1188 171263 5940 165323 163196 2622 1779 2127 1667 460 2343 1515 4161 841 810 45 160574 1529 2217 1883 1007 426 330 274 581 404 312 72
internal_count=172471 172451 1188 171263 5940 165323 163196 2622 1779 2127 1667 460 2343 1515 4161 841 810 45 160574 1529 2217 1883 1007 426 330 274 581 404 312 72
is_linear=1
leaf_const=-0.030098196829452792 -1307.3931436628104 -21.893867306765607 -159.967384020146 -0.79907307608518752 2.4165604763140438 193.75873393230142 -3.4246874987526099 -158.37769813747147 44.101079871223192 -28.609719086438417 -52.89787717086147 212.18306865077466 -32.533675597688124 138.33214876849669 -73.369994085049257 -67.794304271321749 -75.478379490971562 -853.45465003028517 -129.88251114191954 1882.9823575781659 25.727105321129784 9.1747850137056961 196.3075328287203 669.27724173006141 0 1461.3107998654248 113.33955199159682 -33.077539811306636 0 -910.04818115069065
num_features=1 1 2 2 3 2 2 2 2 2 2 2 2 2 3 4 3 4 4 1 2 3 4 6 4 4 4 6 7 7 4
leaf_features=4  4  4 6  4 6  1 4 9  4 7  2 4  4 9  4 9  1 4  4 7  4 7  2 4  4 9  1 4 9  4 5 7 9  3 4 9  1 3 4 9  1 3 4 9  4  4 9  2 4 7  2 4 5 7  0 1 2 4 5 7  4 5 7 9  4 5 7 9  4 5 7 9  0 1 2 4 5 7  0 1 2 4 5 7 9  0 1 2 4 5 7 9  4 5 7 9  
leaf_coeff=0.0082411012849951375  189.19140840284527  2.2268447285158799 1.1436876655878336  4.0448659631307242 19.993186735908967  0.8213581521922948 -0.18218545794807142 0.43263125517855772  -2.4606449638423329 2.3346838266927081  0.24775415434264689 -34.423063510307109  1.2153744536240993 -0.7218888178865428  29.295168394048233 -0.22567557329084595  0.33424810973407948 -7.9209892775630584  4.8199742152180995 -0.025577828858513386  13.028753391388456 -3.8354946518714317  -0.69091523845685288 -36.527372765296604  3.8737668020661662 1.5368502532745483  0.8138334001155727 -5.9878800310558296 -14.031027022194758  -18.189971645039623 5.2021932511848723 23.874714710554692 -2.7816965436249919  -3.8862511446904366 62.345909433020282 -33.895462330138251  1.9975523964312742 0.47463907358342117 19.445623434334994 -5.7326119939796634  1.9814513969158725 -0.51580174394975986 191.53699673213998 -29.498585310058843  23.616236146306619  66.729434750042856 -304.08750744480642  0.50655245634047785 -0.302065628868877 -4.6311991349801245  -1.414238588028657 -3.4975497395073631 1.0469607807196384 -0.090063897728487066  5.191607401764486 -4.7535624356474733 4.8163105765539518 -7.8727500313972998 -9.3261590366430038 -6.9931672179256568  -22.056145255517915 -4.4891912398310527 -16.174954628803246 -51.887994036308378  -6.2476897810134693 -9.2299354155678888 22.619356001529379 1.9374541330849753  -193.72057822532952 -21.498927066376201 -10.936427966342308 6.6483690277746064  19.837603240643514 -16.761996378947515 13.057893077135668 12.774003785438254 -1.6299900744321349 -29.888930125988555  -3.8162646508667404 2.6486154820863508 -3.199665840574184 11.657482388647351 -8.9362434220743125 12.588262085853785 0.52173359500884831  97.049120823259003 -70.357931940368147 78.29006928912132 -1.3230845706508263 -1.3723661656578772 -43.733817347564042 22.413071146188305  49.532258591217399 -18.17219926191683 148.20022731970241 -2.7775468483572698  
shrinkage=0.1


Tree=87
num_leaves=31
num_cat=0
split_feature=9 1 9 3 5 0 1 9 9 9 1 2 1 9 1 8 9 9 8 1 1 2 4 8 9 4 8 4 4 4
split_gain=23097.2 25480 59006.8 29966 36095.7 196623 62559.2 108006 99617.7 229102 210606 89708.5 67561.5 65605.9 88046.4 69376.3 147932 70715.4 54897.8 49243.9 46559.8 42567.4 125541 122017 109578 107670 173882 142617 109128 103921
threshold=6.9853949496573593 6.7062507157313762 6.6602263132402717 5.2575610810828444 1.0000000180025095e-35 0.89587973461402759 5.7381826048292135 6.9715895462592554 6.6727184231314114 6.9501919588448233 6.0461887465411452 6.4081167597218025 6.463808880305316 6.9753946817484955 4.3107766033702406 3.0000000000000004 6.9243867772124252 6.6602263132402717 3.0000000000000004 6.2719327192022343 6.6287023148084918 3.2228599096927897 4.4337841666032221 3.0000000000000004 6.1003517537352172 1.175687628581739 3.0000000000000004 5.1164945609186274 5.5500479024995064 2.2242581879713579
decision_type=2 2 2 2 2 2 2 2 2 2 2 2 2 2 2 2 2 2 2 2 2 2 2 2 2 2 2 2 2 2
left_child=1 3 -3 4 5 6 13 8 12 10 -10 -9 -8 15 -15 16 17 -1 -7 -20 -11 24 23 -23 29 26 -26 -27 -29 -6
right_child=-2 2 -4 -5 21 18 7 11 9 20 -12 -13 -14 14 -16 -17 -18 -19 19 -21 -22 22 -24 -25 25 27 -28 28 -30 -31
leaf_value=-4.4823351904066842 0.026964423789658954 -0.21524460151525809 0.69608218409434086 -0.55012180001402122 -0.2845160193875817 1.0033639918013317 -1.3189103534261797 -1.3031506685110239 13.087437971433005 -0.35158391960004237 0.030234055292038695 -7.4583047586328846 1.5861804066023026 4.5656918686934009 -1.5579619352595282 -2.7333599326827311 -5.9419814427693689 1.3142281604789154 6.7111064056555438 1.6467347159981729 3.3258274685768856 0.050211599434616977 -0.37094404097993866 0.78773555936032491 -0.45024256683509689 -0.34598484436228771 0.76494651140172643 1.0111675883813127 -0.19807554161393798 0.4179183827139758
leaf_weight=24 111785 1414 1428 1241 3052 82 386 78 30 191 21 34 101 39 59 385 42 171 48 32 42 6658 3882 3383 2039 23253 2787 1448 1540 6796
leaf_count=24 111785 1414 1428 1241 3052 82 386 78 30 191 21 34 101 39 59 385 42 171 48 32 42 6658 3882 3383 2039 23253 2787 1448 1540 6796
internal_value=0 -0.049666 0.242663 -0.0640288 -0.0533714 -0.498491 -0.834024 -0.269913 0.151615 1.64011 7.71094 -3.17168 -0.716417 -1.52584 0.879002 -1.90474 -0.558676 0.600805 2.82163 4.68536 0.311297 -0.0390449 0.111988 0.298697 -0.0904402 -0.182579 0.251525 -0.262416 0.38793 0.200226
internal_weight=172471 60686 2842 57844 56603 1765 1603 883 771 284 51 112 487 720 98 622 237 195 162 80 233 54838 13923 10041 40915 31067 4826 26241 2988 9848
internal_count=172471 60686 2842 57844 56603 1765 1603 883 771 284 51 112 487 720 98 622 237 195 162 80 233 54838 13923 10041 40915 31067 4826 26241 2988 9848
is_linear=1
leaf_const=0 0.044121072890351345 10.791495943499786 7.3767279493775284 -8.369270382147624 778.36470894813544 0 966.02436221055689 557.89585667252538 -143.43604519879446 700.57696520788602 225.88359580866563 -1100.9853928327561 9372.3825349688541 3224.1024802982811 1269.4908585652711 0 0 0 0 0 -726.89147944450383 0 8.8551292582982573 0 0 2.5704943447579356 0 -14.907381614996121 3.1128264630665399 0
num_features=3 1 2 2 3 5 5 2 2 2 2 2 2 2 2 2 3 3 3 5 5 2 7 6 7 5 6 4 6 6 6
leaf_features=1 8 9  9  1 9  1 9  1 3 9  1 3 4 5 9  0 1 3 8 9  1 9  1 9  1 9  1 9  1 9  1 9  1 9  1 9  1 9  1 8 9  1 8 9  1 8 9  0 1 3 8 9  0 1 3 8 9  1 9  1 2 3 4 5 8 9  1 2 3 4 5 9  1 2 3 4 5 8 9  1 4 5 8 9  1 2 3 4 5 9  4 5 8 9  1 2 3 4 5 9  1 2 3 4 5 9  1 2 3 4 5 9  
leaf_coeff=-10.759739407637305 1014.3149126631674 -297.76258314379959  -0.0023443971800460872  -0.41116497860462009 -1.3258910267770518  0.041889381485489707 -1.0430603224972401  0.043534231315572929 0.41398682289248256 0.82801556174022728  -0.078503715415661202 0.68222436618483473 0.23106050738276737 0.088279966649633945 -132.37799193859101  1.0796551079937999 1.0313982358851945 -1.3806461662374376 -29.149571715792082 8.4946754975140717  -0.052570707394261264 -145.23621848737821  8.0774160975102856 -87.169793277885773  -9.1262267495272678 30.358603303891144  0.52111769171136191 -101.12588945502648  1.2513827953024768 -33.747283760005644  6.1175970408570723 150.95135488510132  -1.7696697499195579 -1405.1914931371809  -0.88124571669017093 -460.84539428651334  -1.6202858963569271 -180.90976202096792  0.58027020537941076 -9.6300129362543885 4.8719137282072555  -7.3425614446066909 -247.45553882010282 75.985623698588469  0.12679948268570912 -243.10036188459782 73.007123240026701  -2.2859755387887861 7.2084892895722081 -4.942236611526039 -1.3160956945888758 -0.72497781128586214  -3.6324570640541993 -0.086802399155862991 -3.1330423808105254 -14.804685738051559 12.26646936291927  -185.60607644021513 282.06383515615016  -0.059087387886689546 0.063139743131587572 0.070775223217161662 0.31324946775819718 -0.3170853757044535 -0.76034855424006054 0.53697803828595281  0.027002604682131448 -0.23702527595983769 -0.11322858986407298 1.5395267311449972 -1.8528851203647265 0.70715467547883581  -0.46483146261346064 0.41697813547935003 -0.040008637873380694 -0.27194584232211555 -0.068624963814523807 -2.4815303240218216 2.0483744160977948  -0.12653804355913395 0.06473600746955413 -0.013454652689443947 9.1368777839721584 -2.9174277792601515  0.25045260496393756 -0.28109635383400972 0.025598532869351587 0.0070876267755124907 -0.025474850006142448 -0.41063153909517497  -0.84132207259204184 0.13714502059365544 -1.1539870562437955 0.79114948621459014  -0.85784467153754351 1.0080919572066933 0.4783367189870944 2.602090541416783 -0.46432990183869838 1.0915947097352046  1.9593675503851469 -1.9686788609501165 -1.0807071116959781 0.61108486559135144 -0.17636667450719301 -0.73349785213328289  -0.29035622369608483 0.22758293423997458 -0.010468792381484061 -0.14342948439253861 0.11409784330082857 -0.02286272387150632  
shrinkage=0.1


Tree=88
num_leaves=31
num_cat=0
split_feature=4 6 4 4 4 4 4 9 4 1 9 4 6 7 4 9 9 4 9 7 4 4 1 1 4 2 9 9 5 6
split_gain=21947.2 81040.3 46127.8 43807.5 86053.7 106097 98266.3 107580 72616.2 60269.2 51268 48057.6 50577.5 49214.4 46651.3 39657.7 53093 39036.2 37875.1 38004.9 35399.9 198687 92787.7 213269 125334 235171 121928 180857 104129 86217.9
threshold=6.2255475492814139 5.7690022344837866 6.3565415002025034 5.8178546545239938 5.6707422496362438 5.5224599191935839 5.5500479024995064 7.443983628625845 5.9545403518763083 2.6735537653587351 7.4253754145892454 5.7178493942780877 5.9080185139822543 5.6200336511636415 6.0896114477454306 7.4271313124684308 7.0802787666761651 6.5865163635894595 7.4587106142155823 5.5712105506477192 4.863673427408628 4.8539795841274467 6.197461422143415 5.8874909948915191 5.0320692442098442 3.0974941557762703 7.4601899865760046 7.0802787666761651 11.279807331233629 5.6153610120193234
decision_type=2 2 2 2 2 2 2 2 2 2 2 2 2 2 2 2 2 2 2 2 2 2 2 2 2 2 2 2 2 2
left_child=3 2 -2 4 5 20 7 -7 9 15 -8 12 -6 -13 -10 16 -5 18 -3 -20 21 -1 23 24 25 -22 27 -26 29 -29
right_child=1 17 -4 8 11 6 10 -9 14 -11 -12 13 -14 -15 -16 -17 -18 -19 19 -21 22 -23 -24 -25 26 -27 -28 28 -30 -31
leaf_value=-0.0063604949792856677 -7.3428873107546853 -0.51742422094733886 -1.9991710989815847 0.67466238260168654 0.20392334246244587 2.129376134827321 -0.54496246396934722 0.061583367793325822 -0.36679034678457983 -0.63071556824445729 0.90811449964435731 -0.85600022349058025 -2.1713812957148582 0.24242955256211626 0.41079026604340935 0.15067809575398763 2.031764967811299 0.86080305810068181 2.6559578944475226 -0.11669537932784468 -1.5077908862619798 0.94428737573726207 0.67456943874547293 -2.8791329352468846 0.22594955361901073 0.68482647571217969 0.59452397558204362 -5.8944915941783362 -1.1902402178172802 0.64488183002660771
leaf_weight=146546 21 1668 70 593 122 687 638 397 1606 250 392 955 338 712 1485 375 561 306 78 135 1603 2232 1180 302 3488 704 2410 21 2091 505
leaf_count=146546 21 1668 70 593 122 687 638 397 1606 250 392 955 338 712 1485 375 561 306 78 135 1603 2232 1180 302 3488 704 2410 21 2091 505
internal_value=0 -0.308336 -3.23234 0.00412799 -0.00457966 0.00365692 0.707486 1.37208 0.299729 0.808724 0.00805323 -0.636539 -1.54141 -0.386845 0.00678041 1.04408 1.3344 -0.18667 -0.357072 0.898642 -0.00557995 0.00790133 -0.168593 -0.258034 -0.184889 -0.838696 -0.00775061 -0.245504 -0.873868 0.383804
internal_weight=172471 2278 91 170193 165323 163196 2114 1084 4870 1779 1030 2127 460 1667 3091 1529 1154 2187 1881 213 161082 148778 12304 11124 10822 2307 8515 6105 2617 526
internal_count=172471 2278 91 170193 165323 163196 2114 1084 4870 1779 1030 2127 460 1667 3091 1529 1154 2187 1881 213 161082 148778 12304 11124 10822 2307 8515 6105 2617 526
is_linear=1
leaf_const=-0.027094354283153366 -605.37234192853794 15.622803907464913 128.39832100775092 -58.946654208831028 339.12234474507278 69.999665413238105 -48.103359293669932 503.42172307987931 18.898499723817803 39.340992512370576 -17.149396907829214 -25.413369441358373 177.38963512401097 -47.34245282924676 39.187386870224145 381.71482685366067 1.2843777403119021 66.746831624355409 -332.62879934888338 301.6920804194466 4.0746633471833773 321.74532823562623 2.5556755984355735 -44.919152552733436 -4.2323557673826597 45.898617702406774 281.64931068690493 -267.1896922725486 39.165686736117642 -46.648880472268502
num_features=1 2 3 2 3 2 2 2 2 1 2 2 2 2 2 1 3 3 2 4 4 3 1 2 2 3 3 3 4 4 5
leaf_features=4  4 6  4 6 9  4 6  1 4 9  4 6  4 9  4 9  4 9  4  1 4  4 9  4 7  4 6  4 7  4  1 4 9  1 4 9  4 6  4 6 7 9  4 6 7 9  1 2 4  4  1 4  1 4  1 4 9  1 2 4  1 4 9  4 5 6 9  1 4 5 9  1 4 5 6 9  
leaf_coeff=0.0071863088988359802  25.947604102129119 76.505636563326703  -1.7841180088194051 -0.68609843737214082 -0.085339125679740849  -2.5421399153538005 -19.922917492239506  0.44481771680141269 11.450541827765846 -1.2220192532143188  -50.095388896201626 -9.1788043622816531  -12.289945883606562 0.03767747177621459  7.7947992827172135 0.55791276037587634  -92.160485107504073 1.0214190540347772  -3.2008732826470805  0.30144523986807031 -7.0683630786777947  3.933738701737457 -0.53817097138235115  4.3447226600546855 -0.090884215357073125  -32.915300038421996 1.2774919439098085  11.674265694908172 -3.4467030830378462  -6.3253783987373033  4.3117117207430509 -9.3649190916205054 -43.834612306785132  -1.9191753346759584 3.1394150641091985 -2.4316122316296971  -8.1956973086080325 -1.8086374542009254  16.89324908998287 -5.5779655290269154 23.253178483771627 17.881057840492577  0.4959131867422002 1.2614375116981138 -11.804621959752149 -32.92681150268254  1.8032888365039241 -2.1595825748657207 -1.1039123011065386  -66.011160004138944  0.07090032943857523 -0.46011043906859189  6.6970380168499108 0.31080187899810885  0.013016944283122812 0.57702839366880887 0.21767008081112993  0.55221626545101132 0.17249369837329312 -9.8489879388011108  0.013045414792577504 -2.7193758478009844 -35.557006632117556  -57.707028007890045 81.756622672782399 -6.9883529758859373 -38.205654328354285  -0.022373644497755141 0.018463426250218618 0.46375642948416956 -6.2644283431205627  0.36817673837512432 -65.671047507459463 61.443751216657439 -59.687936700800677 8.074649105380832  
shrinkage=0.1


Tree=89
num_leaves=31
num_cat=0
split_feature=7 3 6 9 9 5 5 6 4 1 9 6 9 5 9 9 9 9 5 6 4 4 4 1 1 5 4 6 1 9
split_gain=22476.6 46879 35469.2 29172.7 76122.9 79157.8 53703.9 67789.8 128668 47748.7 46104.6 43174.9 68719.6 61631 59925.8 41663.5 42625.7 41940.4 45105.9 50598.6 37448 35628 29667.1 27824.6 45532 27580.6 36881.7 42299.3 25975.3 40485.9
threshold=5.8351323828759796 1.8069795926172254 6.2667430026987079 7.4117104580980966 7.0802787666761651 9.7409980339380429 9.8339900893887719 6.8972901840251675 2.957426722368071 2.602003343538398 7.4271755523508984 6.7817127812322644 7.4271313124684308 9.8295987867618191 7.4167279370035679 7.3995532830161315 7.4073282940106013 7.3920957192222412 9.7815741231384461 6.7699763579386056 3.5336599243267384 3.0562876864285204 5.2483381333636219 5.9851941429858151 5.8215644129176907 10.920247858850212 5.0189327308821747 6.5175274190145602 6.9319598485859819 7.4682635250639633
decision_type=2 2 2 2 2 2 2 2 2 2 2 2 2 2 2 2 2 2 2 2 2 2 2 2 2 2 2 2 2 2
left_child=28 3 -3 4 22 23 7 15 -9 10 11 14 13 -13 -5 17 -17 18 20 -20 -7 -21 -2 24 -6 -12 27 -27 -1 -30
right_child=1 2 -4 9 5 6 -8 8 -10 -11 25 12 -14 -15 -16 16 -18 -19 19 21 -22 -23 -24 -25 -26 26 -28 -29 29 -31
leaf_value=-0.020291915636042167 0.078178464589075986 -0.25653819078947326 -1.9016156382077225 -5.3203226386553384 -0.012101063188305476 1.890569477373699 0.19803493874413627 1.7787004519911376 11.242483367919924 0.55084047827008409 -0.0079962888214409542 6.6370664723714201 -0.14893994291951834 -0.085732879638671877 -0.72658501006254073 5.540275820818815 0.54917391368321011 -2.5087461471557617 0.64314303809865159 1.3409783865213394 5.5147780149410934 4.2950055108554128 1.682939292019249 -1.6226171886118559 4.7172345833409404 5.7353452948423538 -0.11785496931809646 1.325203123128504 0.26986530423957139 -0.93327292364996828
leaf_weight=148668 7490 1570 143 29 665 106 476 51 20 1236 3070 30 484 25 1367 44 28 31 802 100 39 69 117 104 21 26 156 133 5075 296
leaf_count=148668 7490 1570 143 29 665 106 476 51 20 1236 3070 30 484 25 1367 44 28 31 802 100 39 69 117 104 21 26 156 133 5075 296
internal_value=0 0.104361 -0.393868 0.155409 0.261503 0.733646 1.10585 1.44083 4.44455 -0.00905636 -0.139138 -0.528501 0.231692 3.58125 -0.822014 1.26588 3.59929 1.11941 1.22019 0.974515 2.86536 2.54706 0.102861 -0.0984019 0.132675 0.0834378 0.974558 2.04636 -0.0124867 0.203559
internal_weight=172471 18432 1713 16719 10163 2556 1766 1290 71 6556 5320 1935 539 55 1396 1219 72 1147 1116 971 145 169 7607 790 686 3385 315 159 154039 5371
internal_count=172471 18432 1713 16719 10163 2556 1766 1290 71 6556 5320 1935 539 55 1396 1219 72 1147 1116 971 145 169 7607 790 686 3385 315 159 154039 5371
is_linear=1
leaf_const=-0.012665470005202618 -1.9178329609458615 3.7367814963105048 40.776045663020341 9601.63243496418 138.37027329576159 -712.93884245604283 5.7480259130752529 100.06356110023336 683.13069734498868 25.476988525039634 108.42160067840487 -10163.130174767972 0 -377.84573327740657 777.83246999382982 -5192.4352073907858 -13384.938071861863 -2725.6965262800459 215.22261012876407 54.951863997802143 -263.00632284507157 2212.5872476279737 78.430481641838568 0 0 0 536.31689634292854 -5474.3099716186525 -2.0782943514681391 -6322.5450051069265
num_features=2 4 3 3 3 5 5 3 5 5 4 4 4 3 4 4 4 4 4 5 5 5 5 3 4 4 5 5 5 3 3
leaf_features=1 7  3 4 7 9  3 6 7  3 6 7  6 7 9  1 3 5 7 9  4 5 6 7 9  5 7 9  4 5 6 7 9  4 5 6 7 9  1 3 7 9  1 5 7 9  5 6 7 9  6 7 9  5 6 7 9  1 6 7 9  5 6 7 9  5 6 7 9  5 6 7 9  3 5 6 7 9  4 5 6 7 9  4 5 6 7 9  4 5 6 7 9  4 7 9  1 5 7 9  1 5 7 9  4 5 6 7 9  1 4 5 7 9  4 5 6 7 9  1 7 9  1 7 9  
leaf_coeff=0.0018324303080776698 -0.0021900099227595837  0.073849358783722438 0.010453773771860499 0.33006385932563947 -0.0012558939903129841  0.063321841876844684 0.11119524189634832 -0.84071909859148952  -0.47860546294369261 -7.3099152880811751 0.96579600619006678  -6.0033042855560783 3.826056564366445 -1293.5874526739121  -0.073292858997647065 -0.015362105107575097 -0.19409421756423059 -2.7624036531597032 -16.58362456773482  47.47749187909649 -8.8539009022060782 45.69271188427156 0.60468854303071573 47.472352048277394  0.028673081257403511 2.47454813404243 -2.8562233590961115  19.442335799419041 -44.004755177279009 28.911103163682856 -17.59150720590651 24.80526806972048  53.239966630970599 -82.14027236625553 54.035625504248316 -22.827734272895032 -36.306968175147631  -0.23324319010858752 -1.0104314841321753 -2.0179091320023419 -1.5792546560387564  -0.25495275040144261 -0.20466581872062034 -1.1994932165921028 -13.228337939936091  4.5216177651542244 -6.076109155049199 3.2381489649647848 1367.9303427293898  2.8409779465285738 2.3950518372074838 -4.5981869671212285  66.01417641289882 8.8921099352366131 -24.166278045332731 -25.386813207040543  0.0019386646127713904 -0.27702325262762317 1.3627642716968695 -105.68766056783498  -34.171272788941863 5.4360421013174349 13.486138045019471 731.58503033369789  63.734827522709388 -1.7214639625257406 -19.038009755347595 1739.0509906433524  35.101413811603564 5.0576994494516843 -30.875256970338526 342.22294700406496  -4.0330351316099042 -28.300578702084024 1.0366920182417745 4.6020193170184029 4.0032834267229189  16.979683548647156 -41.607418765325569 22.737627689355577 -0.8652199940284846 21.149950115662069  68.621355958033391 -1.4342403541784734 68.448920501741668 -30.085057785512618 -29.366915145854001  103.31675912491337 -296.61437709443271 92.576230989947362 -11.688902105992566 -24.00111694565858  -12.821670894316776 -2.6630175402944589 1.2301309799877971  2.0163321046051808 1.7738039980843496 11.178227526913361 -13.439668286754751  -41.18517686525302 -0.51355261032664434 0.50520556347546519 34.416355095728072  -17.273767997162032 18.488506978867374 -30.056193313900078 1.0969196470343376 8.8483527757161937  -1.4462413949900794 -3.5647909559033 -1.323178091982959 -4.0108803844632348 -63.683988124423195  -12.835645501816908 13.586579221920694 -15.714839280582964 -3.8617774378741161 733.50649309158325  -0.12367861990469749 0.065752164790282563 0.44648522620375392  1.3855576327798191 -1.1434754173737021 841.01761056706312  
shrinkage=0.1


Tree=90
num_leaves=31
num_cat=0
split_feature=4 4 4 4 9 6 9 7 9 6 4 4 5 4 9 4 4 9 9 4 7 9 6 9 1 9 4 8 4 4
split_gain=22124.8 26869.6 38863.5 48596.9 33523.9 27244.7 25789 31799.1 29420.9 56570.1 115730 45398.6 22525.3 70196.7 37797.3 28678.3 52121.7 28209.3 30579.5 27187.6 24983.2 22204.5 20284.9 20200.7 24341 113095 106543 143383 108009 99981.3
threshold=6.897653925323378 6.6457407421766872 6.5865163635894595 6.3565415002025034 7.4387768349819217 6.4554012255669075 7.4587106142155823 5.5679766470525598 7.4174741365662102 6.2538575714632731 6.5154528834577485 6.4618586488452534 12.040729142229177 6.2255475492814139 7.486233125892424 5.7691016360772496 5.9545403518763083 7.0802787666761651 7.4682635250639633 5.5500479024995064 5.5905596908113901 7.4714039950702817 6.3143525444944268 6.905655666546596 3.2384861814448418 6.1003517537352172 4.0474181078189284 3.0000000000000004 2.7244451125137057 4.863673427408628
decision_type=2 2 2 2 2 2 2 2 2 2 2 2 2 2 2 2 2 2 2 2 2 2 2 2 2 2 2 2 2 2
left_child=1 2 3 12 -4 6 8 -8 11 10 -10 -5 13 23 15 17 20 19 22 -14 -17 -18 -19 24 25 26 27 -1 -29 -28
right_child=-2 -3 4 5 -6 -7 7 -9 9 -11 -12 -13 14 -15 -16 16 21 18 -20 -21 -22 -23 -24 -25 -26 -27 29 28 -30 -31
leaf_value=0.52171782955796209 3.3258279418945316 -1.4839183369620903 1.8083239696064934 -1.2170598552340555 -2.5037374877929688 -3.7461442820231121 3.6954590632997708 -0.78233917576926093 -0.83557491485889157 -0.0039986941774012678 -9.4487017264732938 0.66788125349648642 0.53284330749994191 -4.8410295899709066 1.2678566354647327 0.298463267190262 0.022640415542834514 1.6748830688851222 0.28390182315052809 -1.1472211688497793 1.2563476172476324 2.8041401559936592 -1.0768987008751114 0.021926376861362167 0.040176366271835802 -0.19764035315500497 1.0143286297416361 -1.0815853030273286 0.038321204251162477 -0.2058351275776755
leaf_weight=2570 20 122 183 357 20 30 29 35 39 59 26 199 593 30 311 466 2775 28 286 115 655 29 619 108612 19142 28362 2333 1559 1924 943
leaf_count=2570 20 122 183 357 20 30 29 35 39 59 26 199 593 30 311 466 2775 28 286 115 655 29 619 108612 19142 28362 2333 1559 1924 943
internal_value=0 -0.000384934 0.000665331 -0.000965529 1.38349 -0.791563 -0.672426 1.24666 -0.853046 -2.24588 -4.28083 -0.542414 0.00260561 -0.00422725 0.194994 0.135048 0.281819 -0.216004 -0.577179 0.259951 0.858155 0.0514077 -0.957811 -0.00335019 -0.0516556 -0.0982939 0.203739 -0.044878 -0.462952 0.663103
internal_weight=172471 172451 172329 172126 203 774 744 64 680 124 65 556 171352 165475 5877 5566 3925 1641 933 708 1121 2804 647 165445 56833 37691 9329 6053 3483 3276
internal_count=172471 172451 172329 172126 203 774 744 64 680 124 65 556 171352 165475 5877 5566 3925 1641 933 708 1121 2804 647 165445 56833 37691 9329 6053 3483 3276
is_linear=1
leaf_const=0 -1197.1030204076321 -15.363454383396311 9.9768669271375998 -92.61572450373788 9572.1172098442912 -151.39787653582172 -148.36625807508827 2804.2572839663367 413.03555217077957 -258.92873865612313 -1544.7305579453707 -38.775493588455724 -4.4303319341473983 -346.30316937919707 78.100666378438476 32.105703890498262 -6.8963791337479963 1148.6527691250667 -174.75380839519204 154.92306901165284 20.551531527540646 2928.9140336915852 -6.2414409789053025 0.10233764568610582 -4.1385080599224642 0.56045702020692267 0 0 0 0
num_features=4 1 1 2 3 2 2 4 4 3 3 3 3 3 2 3 4 3 4 3 3 4 3 4 3 4 4 4 5 4 4
leaf_features=1 4 5 9  4  4  4 9  4 6 9  4 9  4 6  4 6 7 9  4 6 7 9  4 6 9  4 6 9  4 6 9  4 6 9  4 5 9  4 5  4 5 9  4 5 7 9  4 5 9  4 5 6 9  4 5 9  4 5 9  4 5 7 9  4 5 9  4 5 6 9  4 5 9  1 4 5 9  1 4 5 9  1 4 5 9  1 4 5 8 9  1 4 5 9  1 4 5 9  
leaf_coeff=-0.37118536955625814 0.39273995494729946 -0.13392490091266893 0.18388840300334977  173.23842428820208  2.0534492779883293  -0.042883919068844992 -1.0893111832288469  17.260588098136942 -1.6138774858361105 -1.344325236641521  -626.68850245429212 -726.44547840747987  4.6477281466708522 18.148044167342597  -0.27324636246776207 -1.6578224719254651 -42.365052400948485 53.273386480892079  -75.771858177831746 0.36252299416537426 20.839853439299624 -325.94471561795802  6.7400434765440878 -1.4684256861391987 -60.332906310539698  15.045636861504613 -8.69799986094662 29.123966765484877  116.91471905224026 8.400893296040886 96.698243090510374  9.4290947067645909 -3.8680863244439934 0.3094719881503693  1.7877022583900499 -0.20332142276038212 -0.3017488360377229  -60.649150368402481 60.234338174475127  -0.70245550676895618 -1.3335260430896598 -7.5645847499370582  3.4395452177352355 -1.7021895559365476 -6.058429220963081 0.32045924171355866  -0.95536687835581802 1.082080028106843 -0.078366984121291949  -124.21864155786461 -26.851166074845242 -15.935640639666964 -1.1210375900756844  0.85924965995036473 1.1347847098815691 20.91355812191032  1.2707319291588193 -12.707910351906321 -1.5127964435152976  3.2860007473482256 -3.9170023599981505 1.1218999586508289 0.37406151101683921  18.946510535496056 -5.1785088999124129 -398.64431809242819  -28.239767101521011 29.093247972978318 -26.899988038189441 -1.9420379379096631  -0.014349897248150651 0.01500637362764945 -0.023157428158632601  -0.0070142822910303163 -0.32940666160255666 0.1567876695950115 0.63098477672825093  -0.062708137205717135 -0.043291636311305129 -0.023591438386598187 -0.06007283562139492  -0.11230835084812583 1.6632961367900749 0.093172018403089404 -1.2597423010437752  -0.1066021673766045 -0.084454329558025176 0.112282083302307 279.98604757785796 -190.48019689321518  0.088221052243032297 -0.10524035155310324 0.10187764304019212 -0.10711180492500177  0.073513394637970825 -0.74071260220392088 1.0670958862682682 -1.4536368766671559  
shrinkage=0.1


Tree=91
num_leaves=31
num_cat=0
split_feature=4 4 1 6 8 9 6 2 1 2 9 2 1 9 9 8 9 2 8 9 8 1 1 1 9 1 9 1 1 9
split_gain=18027.6 43555.4 73890.8 51951.2 55604.9 116186 74417.1 52095.7 118011 119438 113201 95526.7 186148 180722 106709 118862 101437 95347.9 83506.6 101453 69474.9 67460.5 100539 217007 181255 112826 127975 120895 110923 88916.9
threshold=2.8477071124928428 1.4451858789480825 2.602003343538398 6.2477251921531467 3.0000000000000004 6.1003517537352172 6.6596213465398719 6.2924942092024017 6.3162613441348103 6.3212177324830918 6.9552989918109471 6.3864582667061844 6.4126386124386281 7.3769560291632947 7.0802787666761651 3.0000000000000004 7.5026921405591702 6.2732542227089114 3.0000000000000004 7.3734349966701336 3.0000000000000004 6.4559841094561436 6.5124877202785187 6.5799451746475262 7.4271313124684308 6.6194060950237885 7.4246483600665352 6.6902207732987664 6.6496317993061007 6.9853949496573593
decision_type=2 2 2 2 2 2 2 2 2 2 2 2 2 2 2 2 2 2 2 2 2 2 2 2 2 2 2 2 2 2
left_child=1 3 -3 7 -5 -6 -7 17 10 -10 -9 13 14 -11 -13 -16 18 -1 19 -14 -19 -20 24 -24 -23 -25 29 28 -28 -27
right_child=-2 2 -4 4 5 6 -8 8 9 11 -12 12 16 -15 15 -17 -18 20 21 -21 -22 22 23 25 -26 26 27 -29 -30 -31
leaf_value=-0.11398475409244178 0.022084138842699948 -0.21594672848929677 0.18606624566993374 -0.0018656793189175587 -0.80123278251729002 1.1879151313059333 0.33791933653647444 -2.2276588332653047 -6.6984683439135555 -0.0065486206760946315 6.4779344914323191 0.14894254548209054 0.78287654112319693 6.5692307204440032 -2.0537905976885842 -12.168972352834849 -4.698318058735615 -0.6268463116703612 -3.0505598286166791 -2.662234344756861 -7.0678697978749003 2.0115908620686365 -3.3251450922382015 6.4511847968371416 12.671781262484465 1.5399199167123208 -0.90453439375449873 -6.5297855220991998 6.9042632061502207 6.3243886157389611
leaf_weight=13967 117602 22439 5742 6016 659 1534 3135 20 24 106 59 28 222 69 21 26 37 33 32 139 34 58 89 53 22 104 87 29 23 62
leaf_count=13967 117602 22439 5742 6016 659 1534 3135 20 24 106 59 28 222 69 21 26 37 33 32 139 34 58 89 53 22 104 87 29 23 62
internal_value=0 -0.0473312 -0.134035 0.0442228 0.206488 0.441747 0.617185 -0.0757419 0.527354 0.286912 4.27399 0.42581 0.0594668 2.58619 -4.73803 -7.64942 0.435446 -0.132038 0.641913 -0.543634 -3.89543 1.40753 1.67824 1.09391 4.94314 2.1925 1.45247 -0.786045 0.728214 3.32689
internal_weight=172471 54869 28181 26688 11344 5328 4669 15344 1310 1231 79 1207 1032 175 75 47 957 14034 920 361 67 559 527 447 80 358 305 139 110 166
internal_count=172471 54869 28181 26688 11344 5328 4669 15344 1310 1231 79 1207 1032 175 75 47 957 14034 920 361 67 559 527 447 80 358 305 139 110 166
is_linear=1
leaf_const=0.026070045540258491 0.065250887146637959 -0.40909368650196215 0.44575664297579182 0 0 0 0 -1866.2644445188344 -1886.980605763197 421.2465679772402 1594.1431821607055 1443.9131202247693 0 -337.44651546813549 0 0 -11769.51964507103 0 0 0 0 0 0 0 0 0 0 0 0 0
num_features=3 1 2 2 3 3 4 4 2 2 3 2 2 6 3 3 3 2 2 3 4 2 3 3 3 3 4 3 3 3 4
leaf_features=2 4 6  4  1 4  1 4  4 6 8  4 6 9  4 6 8 9  4 6 8 9  2 9  1 2  1 2 9  2 9  2 9  1 2 4 6 8 9  1 2 9  2 8 9  2 8 9  2 9  2 8  2 8 9  1 2 8 9  2 8  2 8 9  2 8 9  2 8 9  2 8 9  1 2 8 9  2 8 9  2 8 9  2 8 9  1 2 8 9  
leaf_coeff=-0.031796312551611729 0.6403775996177361 -0.11398632604026099  -0.010487791710496342  -0.22908395519775057 0.091571085805168553  -0.056700082690127919 0.010098138833382109  -0.046995662937481059 -0.071519649618497105 0.26338107913242664  0.085687796422124055 -1.0376222391812235 1.039538752059866  0.16884079516972506 -1.0964072031005263 2.0053410769402831 0.016980984154503175  0.16144235157453046 -0.25669902725183891 1.6003978226941826 -0.6308217185652254  274.57795399730094 19.869824675899146  10.023522848513677 287.3244243076071  0.29085496438976682 -66.302600586641788 -0.28520940219849322  -247.79368800874801 -3.4129754686993694  -229.22168014927013 3.4102189775614988  -2.0666788752352732 -1.0749831333326001 4.6030005475983531 -1.6702746626936262 -5.3502167174142414 4.6286441618884737  -3.8055822004588893 101.78156610908918 -37.386765915789873  -145.80648086555803 349.58941163526725 31.616452128099628  310.05733792729939 -481.56625395456217 -9.4605688858995567  24.585012354049834 1545.9227863818408  -40.231841210462157 126.08165318230168  -373.74305156722932 621.58844830674684 -11.899712863938886  5.4674885777429614 -11.124075058903509 -108.98966434577015 34.054602111910938  -728.45137443374847 1142.6420827358961  95.672812907683877 -154.50211469739509 -0.031359969176173765  -93.538371444763925 150.96296886586251 0.76672122547620347  -125.85854415578069 191.714668992089 9.8087095173973466  219.59278597709491 -524.442939347378 91.993620414775805  0.76742668000056824 -1.9046674977902969 31.462798458985528 -17.062610175072042  666.55637265948326 -1134.4274109528444 14.515952350854059  50.686183949062254 -325.32125047007577 127.37231370927766  485.6004228898135 -840.62230447488844 18.25176558594103  -1.9975364743321735 -1.0668699911127533 -5.0433886619779518 6.5661719385534525  
shrinkage=0.1


Tree=92
num_leaves=31
num_cat=0
split_feature=4 4 4 4 9 6 6 6 4 6 9 7 4 7 4 4 4 9 4 1 1 7 9 9 4 4 6 1 1 4
split_gain=17930 21746 31501.4 39339.1 27154.3 22067.8 25264.6 27567.1 25171.3 112179 62980.2 59038 30580.7 28350 19054.3 80458.5 90224.4 66644.8 57439.1 44625.8 61241.2 35783.3 54017.1 46056.2 35294.2 159475 93726 71555 200151 93229.6
threshold=6.897653925323378 6.6457407421766872 6.5865163635894595 6.3565415002025034 7.4387768349819217 6.4554012255669075 6.4222485875901025 6.3984719239666612 6.5154528834577485 6.2036305479823488 7.4167279370035679 5.5251830830619602 6.4618586488452534 5.5654558999088417 5.772996334337213 5.6707422496362438 5.4816795064439043 6.4513730507333387 5.9545403518763083 4.9938224302714262 5.4951148343168761 5.6349522016402229 7.4961190340447992 7.4667762471758676 4.863673427408628 4.8539795841274467 5.523502310120123 6.2255475492814139 5.8874909948915191 5.0320692442098442
decision_type=2 2 2 2 2 2 2 2 2 2 2 2 2 2 2 2 2 2 2 2 2 2 2 2 2 2 2 2 2 2
left_child=1 2 3 14 -4 6 7 8 11 10 -10 -5 -13 -14 15 16 24 -18 19 -16 -21 22 23 -20 25 -1 -26 28 29 -28
right_child=-2 -3 4 5 -6 -7 -8 -9 9 -11 -12 12 13 -15 18 -17 17 -19 21 20 -22 -23 -24 -25 26 -27 27 -29 -30 -31
leaf_value=-0.0057910362416654084 2.9939874267578128 -1.3349626634941727 1.6279245470390944 4.5797694618287297 -2.2529220199584965 -3.3712881755828863 1.8080253019565491 -3.7116514619191485 -1.2869540592034658 2.7164555862032138 -8.2679759740829475 -1.0645603990405799 2.5099212248535721 -0.31166727318096971 0.7740390263227197 -0.65797759009458123 -0.87584234693998941 0.75913298427168252 0.2454023434559186 -5.9954844188690188 -0.20196480843095255 -0.30975114199102133 -4.8992794609069827 3.2900082550796812 -6.289163215637207 0.84589779778620677 -0.72929643246778653 0.59910365276111566 -2.8309287867361106 -0.0071158899119119203
leaf_weight=146546 20 122 183 23 20 30 41 30 24 29 28 400 51 118 1817 1861 279 2343 1927 20 208 2252 20 51 25 2232 2297 1124 290 8060
leaf_count=146546 20 122 183 23 20 30 41 30 24 29 28 400 51 118 1817 1861 279 2343 1927 20 208 2252 20 51 25 2232 2297 1124 290 8060
internal_value=0 -0.000346596 0.000598243 -0.000870044 1.24558 -0.712187 -0.604965 -0.745694 -0.613482 -2.26683 -5.04597 -0.387264 -0.58804 0.539818 0.00234299 -0.00416929 0.00328639 0.58516 0.173097 0.608563 -0.710168 -0.0364387 0.271619 0.323903 -0.00621497 0.00698619 -0.172716 -0.159725 -0.239834 -0.167283
internal_weight=172471 172451 172329 172126 203 774 744 703 673 81 52 592 569 169 171352 165057 163196 2622 6295 2045 228 4250 1998 1978 160574 148778 11796 11771 10647 10357
internal_count=172471 172451 172329 172126 203 774 744 703 673 81 52 592 569 169 171352 165057 163196 2622 6295 2045 228 4250 1998 1978 160574 148778 11796 11771 10647 10357
is_linear=1
leaf_const=-0.017504601624745202 -1077.3992523748427 -13.833636332879543 8.9726555299479518 261.07734903879464 8614.8993145607419 -136.2645883705467 -409.48789940718564 689.48766174018385 -1317.6180348272901 -39.682530193403366 -1998.8176402747631 -11.566439045488369 -104.31533646769822 20.027540142799264 -11.446169795798779 -36.325298533684695 -6.7668526728433793 34.309829952902511 7.369307239447517 7.8168783929897474 2.2779784672933601 -16.244637519057143 6887.2928729057312 -214.94534103646876 104.36018510959111 293.82913112640381 9.7252527911725348 -5.8718556566327607 -84.941810240352069 6.0663050013350812
num_features=1 1 1 2 3 2 2 2 2 3 2 3 3 3 3 2 1 2 2 3 2 2 2 3 3 2 1 3 3 3 3
leaf_features=4  4  4  4 9  4 6 7  4 9  4 6  4 6  4 6  4 6 9  4 6  4 6 9  4 6 7  4 6 7  4 6 7  1 4  4  4 9  4 9  4 7 9  1 4  1 4  4 7  4 7 9  4 7 9  4 6  4  1 4 6  1 4 6  1 4 6  1 4 6  
leaf_coeff=0.0040598976861298324  155.91563192503529  1.8491534685737863  -0.03754668723559007 -0.98038017205497008  36.485342820687222 -6.7831758373693454 -81.574463917361584  -564.0186316993088 -653.80095245754353  4.1840026557561947 16.333237239660232  22.274269987319713 41.512610095040877  -3.204615254057535 -104.89738580314443  225.83498844439166 -4.002678642630781 -19.079583488126584  16.478946175344756 -10.394789131532889  109.73553742752411 6.3686771759588741 165.91401054868476  1.7723062022647356 -1.3139898718237646 1.2893653831579286  26.667194680543616 -2.0880257072598396 -9.5473191762808707  -13.765788333807723 -1.4116977807327886 13.743997387960434  -0.0066524722983288603 2.0696214842710106  6.2117487772942699  1.836763616580356 -0.71153489707886597  -4.7234637761866907 -1.006988316210095  -2.7242558020173875 2.0153971786918192 -0.22394541060662621  -10.814436191691085 7.3263617330521811  -0.60694714739364608 0.26742061586937782  0.91249862805134407 1.824386587000663  -31.869098209170627 412.86626358525831 -1199.7203965336084  -11.331786509996164 -29.40207914732455 60.591823572898285  13.17128516609737 -32.445358827064048  -60.287095880508424  0.40806611042238505 -3.6713465564072978 1.1413374151652818  -0.12962805450799805 -0.72316016677081629 1.869396308490832  9.6536165725112379 -2.4267261945069549 6.1173481150228328  -0.026280530388167508 -0.85166286752224396 -0.24947593580624586  
shrinkage=0.1


Tree=93
num_leaves=31
num_cat=0
split_feature=7 4 3 9 9 5 6 1 4 9 5 2 1 1 1 1 9 9 9 1 9 2 5 9 2 9 4 2 6 1
split_gain=17859.4 27821.1 25216.6 19332.2 101021 133623 115172 76505.6 77069.6 57719.2 88967.9 77056.8 55880.2 148054 81663.9 68347.2 53369.3 84585.7 109608 52975.2 74008.4 61120.6 57762.3 49482.8 44281.5 95399.7 84819.2 82167.5 144971 52070
threshold=6.027874023726091 3.2287771385162909 5.5116043822593097 7.4303254148371787 7.4989406754145813 11.567887022865024 7.0164935656777354 6.2887870655353924 6.0759204136906222 7.4904299414286815 9.8416387438554143 6.6470394442055296 6.6470394442055296 5.9441099918666387 5.3205649864913136 6.6073254057471518 7.5010915415493882 7.5026921405591702 7.5113465454660266 6.1851787574189894 7.512454336641242 6.1645421053970866 8.7349221092202392 7.5088460378896498 5.7133200939712863 7.2766439734735604 4.789570747856378 6.6939428633955229 5.589901406378555 5.7252164247697896
decision_type=2 2 2 2 2 2 2 2 2 2 2 2 2 2 2 2 2 2 2 2 2 2 2 2 2 2 2 2 2 2
left_child=3 2 -2 24 5 6 9 8 19 11 12 -5 13 14 -11 -15 -9 -18 23 21 -21 -6 -22 -19 -1 -26 27 29 -29 -27
right_child=1 -3 -4 4 7 -7 -8 16 -10 10 -12 -13 -14 15 -16 -17 17 18 -20 20 22 -23 -24 -25 25 26 -28 28 -30 -31
leaf_value=-0.045310370999437265 -0.030902668972150979 0.43311746954211333 -3.5133496551286605 1.2249868294742203 0.027896217811512067 0.083866125844488854 6.8205165481567382 -5.7533141692355274 -4.592051433192359 -0.58710658289492135 2.3728845330706814 6.4323530690423372 -5.8817271641322542 9.2338541015982631 -5.3108838077055083 0.96661928653717044 5.3387875874837247 -2.6439111113548281 -0.50728032410881452 5.7866274920122871 -2.8462486173933077 -4.414834543966478 1.3257131956144459 -8.8910367239089236 0.005130197912659183 5.3803818243809722 2.1739165486215768 -8.4391659641904493 -0.20002435472276475 0.4984747521315111
leaf_weight=114923 2110 2362 21 1413 28380 3307 35 20 36 196 114 29 21 20 45 20 24 32 1861 33 38 31 262 21 13511 22 307 28 90 3159
leaf_count=114923 2110 2362 21 1413 28380 3307 35 20 36 196 114 29 21 20 45 20 24 32 1861 33 38 31 262 21 13511 22 307 28 90 3159
internal_value=0 0.196759 -0.0652205 -0.00526224 0.0597642 0.467394 1.1374 -0.0091952 0.0319548 1.03035 -0.00735728 1.32971 -0.905859 -0.533997 -1.46914 5.10024 -0.614045 -0.561009 -0.634987 0.0377461 1.29171 0.0230486 0.797265 -5.11919 -0.0229608 0.127093 0.584066 0.436117 -2.15507 0.532238
internal_weight=172471 4493 2131 167978 35938 5200 1893 30738 28780 1858 416 1442 302 281 241 40 1958 1938 1914 28744 333 28411 300 53 132040 17117 3606 3299 118 3181
internal_count=172471 4493 2131 167978 35938 5200 1893 30738 28780 1858 416 1442 302 281 241 40 1958 1938 1914 28744 333 28411 300 53 132040 17117 3606 3299 118 3181
is_linear=1
leaf_const=0.43707507396385381 3.1807986928536138 9.6848566628556014 34.743468221323567 130.92644472760148 115.76768034705893 -115.45103395587648 659.92218002323068 -80490.159118461612 6251.6715280711651 -1163.77759103328 1516.0049629807472 -884.4725930664689 -23906.274912893772 1134.0366612076759 4213.8894063591961 4025.148218870163 13604.549397277833 -17140.24031471014 117307.37519836426 -42561.79707016945 -1656872.7998046875 160075.73271560669 0 58605.801266098024 -0.43377560005581872 18727.760855314136 0 540.14787949780009 0 152.43810628539651
num_features=3 3 2 3 5 5 3 4 2 4 5 4 2 2 2 2 2 2 2 3 2 5 4 5 2 3 4 4 2 5 5
leaf_features=2 7 9  3 4 7  4 7  3 4 7  2 5 6 7 9  1 2 4 7 9  5 7 9  5 6 7 9  1 9  1 4 7 9  1 5 6 7 9  5 6 7 9  2 9  1 9  1 9  1 9  1 9  1 9  1 9  1 7 9  1 9  1 4 5 7 9  2 4 7 9  1 4 5 7 9  1 9  2 7 9  2 4 7 9  2 4 7 9  2 9  2 4 6 7 9  1 2 4 7 9  
leaf_coeff=-0.0042904773057409421 -0.01526095593394421 -0.058923956936227387  0.038474674536417619 -0.18718253405315188 -0.43778104037104415  0.087158464498455157 -1.559305250623811  4.4223068572769995 10.757272934220238 -15.181530706415652  -1.123394246001709 -0.17165780283128243 -0.21635697872911808 -0.55348703068980287 -16.524328211630927  0.19542308215690146 -0.17464087954143964 -0.011688298861281511 0.025039125302954091 -15.42202750655124  0.093579177146193626 1.0716851733705881 14.526142070499191  -6.3193682615026781 24.651438479009087 -5.8288666064165229 -98.264489605580465  -149.54338732133621 10862.969705915451  0.30534603999403775 -50.572477871458979 161.94006450333401 -912.58586834967139  4.5245841179359561 -2.1172503995525633 2.1056497394640248 3.0993854464230939 153.66818314278498  -4.1550868147085565 -3.1496856542838945 2.9177670001889058 -195.30599924065174  17.637399522168561 103.3122905516997  -62.013807511944471 3244.3493821501734  -13.71424663431244 -138.49161829799414  3.4705871386133369 -565.59581417217851  -93.876195639610529 -453.86210926622152  7.6384190640877936 -1819.4403369665147  -44.251833497476767 2321.6880317091941  -0.029115908764288181 0.97597286677919337 -15615.490765953065  22.66771607613191 5648.6376816928387  -30.062707568705083 -19.30865536024794 8.7224091019597836 -3.6569670110940935 220569.86479492189  -467.5380241364241 2.8146038550883534 2.1970041271881202 -20926.577369546892  -3.5126575841088199 -1.0037327503476718 0.41330221029029418 -1.8662966068102833 4.4871954021567948  -57.423837918229403 -7755.9595036983492  -0.13574770053321403 0.021895364083454872 0.17628638555381557  -2472.1230780839924 -1.3967667240767696 0.23473508277106703 -618.30618929350749  -1.4940696448237305 -1.6282379512919647 4.4983491264247277 -0.74991139896046666  52.729432326229293 -122.71904108398594  -1.6711833336999007 1.1768941494020582 6.3920031370838277 -8.8602694172418932 2.4919022868401499  -0.65211302251393599 0.18058092200151352 -0.52707550906570477 0.52959180983753529 -20.170172393714893  
shrinkage=0.1


Tree=94
num_leaves=31
num_cat=0
split_feature=1 1 1 4 4 8 2 9 9 9 2 7 1 7 9 9 8 1 2 7 1 4 3 1 9 5 9 9 9 2
split_gain=16039 35941.8 96569.9 80841.9 141669 87303.2 85647.1 71037.3 100755 61834 127708 117194 67639.1 57256.4 77761.2 74437.7 65405.6 56153.5 55740 51070.8 105051 88686.9 67422.6 50424.9 119479 101987 96954.9 320814 189297 94841.6
threshold=6.9319598485859819 6.1516677315751922 6.2980292833949401 4.8060660373590203 3.7669805268941006 3.0000000000000004 6.2523853468525861 7.4271313124684308 7.0802787666761651 7.4237699162490749 6.209092791347639 4.7005897016112757 6.2255475492814139 5.3155641932942714 7.5119645526568304 7.4714039950702817 3.0000000000000004 6.2353901579610387 4.8909753023799878 4.1219962505002981 6.1851787574189894 2.957426722368071 4.1667449006547832 4.9308638091439496 6.6602263132402717 11.003740161774564 6.9501919588448233 6.6727184231314114 6.9853949496573593 5.3938547674423889
decision_type=2 2 2 2 2 2 2 2 2 2 2 2 2 2 2 2 2 2 2 2 2 2 2 2 2 2 2 2 2 2
left_child=1 23 3 4 6 7 9 8 -6 12 13 -12 19 14 15 -11 -15 -5 -7 22 -21 -22 -3 -1 -25 26 27 -26 -28 -29
right_child=-2 2 -4 17 5 18 -8 -9 -10 10 11 -13 -14 16 -16 -17 -18 -19 -20 20 21 -23 -24 24 25 -27 28 29 -30 -31
leaf_value=-0.011454986554111455 0.16663648782920851 -2.0701022890562841 -0.028334764771924349 -0.46256604273529622 -0.59818392350123484 -7.0950901659187657 -1.4744056123951279 0.95012222009202463 -4.141987214265046 -2.6610607489596969 8.4997259673476222 1.5570443122617661 -1.7360032830515815 0.0043198448537990755 -7.1186677239157934 4.4906133539297368 4.0321499586105345 2.4006531018709794 -2.3522926747595192 2.9677850369795444 2.4755622383226998 -1.6300078835281848 3.077451857443779 -0.26854748653149713 0.74755963887987154 -0.88179301538496224 -2.1669210123177916 2.8597533318304249 0.33291009322615439 9.9272484837746138
leaf_weight=133918 5589 142 12595 136 312 26 405 163 108 43 40 62 232 151 22 22 55 138 528 153 76 171 31 4579 2316 662 313 31 9403 49
leaf_count=133918 5589 142 12595 136 312 26 405 163 108 43 40 62 232 151 22 22 55 138 528 153 76 171 31 4579 2316 662 313 31 9403 49
internal_value=0 -0.00558025 -0.150044 -0.658307 -0.821968 -1.67597 -0.216981 -0.821781 -1.50945 0.2074 1.23216 4.27966 -0.295433 0.171255 -1.9798 -0.240494 1.07971 0.979493 -2.57488 0.287834 0.908706 -0.366756 -1.14771 0.00932821 0.169718 0.32682 0.392878 0.962619 0.252378 7.18859
internal_weight=172471 166882 15611 3016 2742 1137 1605 583 420 1200 395 102 805 293 87 65 206 274 554 573 400 247 173 151271 17353 12774 12112 2396 9716 80
internal_count=172471 166882 15611 3016 2742 1137 1605 583 420 1200 395 102 805 293 87 65 206 274 554 573 400 247 173 151271 17353 12774 12112 2396 9716 80
is_linear=1
leaf_const=-0.0045683028828886431 0.8074842389376955 -286.00719621034807 2.7224135159345169 -10.131405127717882 0 0 -126.014729360817 0 0 1522.7539196427913 -146.96948527246715 -371.73303198274226 39.042516040615737 0 -471930.43681640626 265.84570684060458 0 237.62885953714141 0 220.56334109678866 642.8551092389971 635.64090755907819 8.5657672174274921 1.5429045140711879 0 12.365617899779682 -209.62081343028694 839.32678709416655 8.6254744672517525 45.690783310309058
num_features=1 1 3 1 2 4 4 2 4 3 5 3 4 4 6 5 3 6 2 4 5 5 5 4 2 3 3 2 3 3 2
leaf_features=1  1  1 3 9  1  1 4  1 4 8 9  1 2 4 8  1 4  1 4 8 9  1 4 9  1 2 4 7 9  2 7 9  2 4 7 9  1 2 4 9  1 2 4 7 8 9  1 2 4 7 9  1 2 9  1 2 4 7 8 9  1 4  1 2 4 8  1 2 4 7 9  1 2 4 7 9  1 2 4 7 9  1 2 3 9  1 9  1 5 9  1 5 9  1 9  1 2 9  1 5 9  2 9  
leaf_coeff=-0.012774692219806573  -0.085959427645093456  49.23385561262549 -1.0925477332542826 -2.9565019260455077  -0.41754300709008024  0.51284876999707196 1.1992136349854861  -0.42426441290531614 2.1915724475866285 1.2019247579646617 -1.5242840318429161  25.786376076517627 -9.9170410203190844 0.5375213388931116 -30.6325848464272  19.72840303630219 0.33521905365934118  -6.160492419050752 0.17821081555739512 115.21217644616846 -25.721083439722136  -2.8705411850853126 1.9347971153746131 0.73720584805560074  40.440549353342796 -10.77988419874837 -7.761554195077224 3.8736980631007101 -230.2070484602591  122.5181386268232 0.97613492792997936 -81.345519770792464  58.678207255294552 1.869480210556776 -2.7419937817692701 2.2487748188166736  -4.292551969422493 0.28035340715650819 -0.55489616721142743 -2.1465810385352144  26.580899660915755 0.155551272835732 2.2314850437892044 -6.7985925173394142 -17.787008477646346 -13.302736528947221  -107.91472275983543 2.3446840789634735 8.8901649214036294 -4.1423227992199827 62904.615203475958  -393.42261162905493 8.5321676486330489 282.76407705484888  -46.831702527185556 -2.3342501612151412 -4.6308156422966027 -4.3193359870910593 -17.077664428419666 55.729750203742881  -34.291287266789006 -3.8339333860154969  3.9189689603037552 -0.12983546857381043 -1.4018516524153029 -4.9643052976840414  -39.262122411001478 0.091523097767094441 -1.8557818149973173 1.5306984024991834 3.2082446274399445  -109.50774306310342 3.6968508497386212 -4.9663743752320446 -0.37153083199918913 4.8042178840874845  -96.619620074308486 -0.83873462813644439 -3.3583856242004915 -2.1434589014716265 -1.4057226208481552  13.40546730060014 -1.2987538666981777 1.0346718873262035 -12.174649999739451  -0.6364523013762664 0.29486338822296715  -0.29220963155792673 0.097290411436117274 0.24138989495547208  -1.1891858001170306 -0.19636266465272456 -0.59265772318163956  3.8211210764655337 26.661982447677293  17.478725193383411 -2.7899758711892901 -133.4603892402578  -0.26284822428502536 0.033630165805520827 -0.96657933769704418  -18.691827116615606 10.676192584529055  
shrinkage=0.1


Tree=95
num_leaves=31
num_cat=0
split_feature=8 5 1 2 9 9 9 9 1 9 9 6 1 9 5 2 9 2 1 4 4 1 3 9 1 1 2 9 1 4
split_gain=16177.7 34285.7 44830.5 33575.9 78984.7 458758 242169 116404 131184 81951.8 71317.6 65042.3 58909 98219.3 100210 85017.6 74771.2 73208.9 71923.9 71082.4 125176 223370 152804 112922 151992 251525 103770 97116.9 66250.6 120102
threshold=3.0000000000000004 10.549281036369061 4.5485858369352732 5.6889507652438125 7.5119645526568304 7.5115003309924377 7.512612293208039 7.5096848011274515 6.2470748199949968 7.5073646786907204 6.6602263132402717 5.8663359906830701 5.9622923416208602 7.4017500139964421 9.3195982819080676 5.8365149075246414 7.5026921405591702 6.3108265436897168 6.3162613441348103 2.2242581879713579 4.0817568782286529 6.2470748199949968 4.1439157675027092 7.4237699162490749 6.2719327192022343 6.2075829764107793 6.2638742264543152 6.9552989918109471 6.4559841094561436 3.2287771385162909
decision_type=2 2 2 2 2 2 2 2 2 2 2 2 2 2 2 2 2 2 2 2 2 2 2 2 2 2 2 2 2 2
left_child=1 -1 -3 -2 5 7 -6 9 -9 10 -5 -8 13 -12 15 -15 17 19 -19 23 21 -21 -22 26 25 -25 -14 -28 29 -20
right_child=3 2 -4 4 6 -7 11 8 -10 -11 12 -13 16 14 -16 -17 -18 18 28 20 22 -23 -24 24 -26 -27 27 -29 -30 -31
leaf_value=-0.034663007006873282 0.0085368758294752534 2.3982002487644216 -0.23403950039119947 -0.17189847619112456 -10.276996505737305 15.446510620117188 -1.4066246297316343 0.49343565427339997 -9.6519526214599622 5.5295449193318689 0.53813469066903119 0.16139916088877682 -0.58278287286469366 2.1864535566986256 1.378743853229661 8.0620935503041959 -5.346740606556768 6.0754479463283833 -2.3859868538913114 4.3807375605009042 -1.1545155917753875 -0.27651734187306348 0.79555296884297599 -4.5276474661746269 -9.2388494070838476 8.449006738662721 -1.3518338182497593 7.3473344600561887 1.10929971419145 1.0060588936665993
leaf_weight=84533 78171 133 126 2347 25 20 387 26 25 30 658 836 711 46 182 53 23 26 169 196 686 217 970 59 34 20 21 33 1435 273
leaf_count=84533 78171 133 126 2347 25 20 387 26 25 30 658 836 711 46 182 53 23 26 169 196 686 217 970 59 34 20 21 33 1435 273
internal_value=0 -0.0311432 1.11765 0.0301187 0.207556 0.319588 -0.533941 0.282872 -4.47979 0.312534 0.293351 -0.334778 0.481228 1.20649 2.77153 5.332 0.341475 0.36845 0.851933 0.0562443 0.376176 1.93371 -0.0122653 -0.697673 -3.64842 -1.24242 -0.261811 3.96432 0.779578 -0.2909
internal_weight=172471 84792 259 87679 9508 8260 1248 8240 51 8189 8159 1223 5812 939 281 99 4873 4850 1903 2947 2069 413 1656 878 113 79 765 54 1877 442
internal_count=172471 84792 259 87679 9508 8260 1248 8240 51 8189 8159 1223 5812 939 281 99 4873 4850 1903 2947 2069 413 1656 878 113 79 765 54 1877 442
is_linear=1
leaf_const=0 0 0 0 0 0 0 0 0 0 0 0 0 0 0 0 0 0 0 0 0 0 0 0 0 0 0 0 0 0 0
num_features=2 2 3 3 3 3 3 3 3 3 3 3 3 5 3 3 4 3 3 4 4 6 5 6 2 4 2 4 4 4 4
leaf_features=5 8  2 8  1 5 8  1 5 8  2 8 9  2 8 9  2 8 9  2 6 9  2 8 9  2 8 9  2 8 9  2 8 9  2 6 9  1 2 4 8 9  2 5 9  1 5 9  2 5 8 9  2 8 9  2 8 9  2 4 8 9  2 4 8 9  1 2 3 4 8 9  1 2 4 8 9  1 2 3 4 8 9  2 9  1 2 8 9  2 9  1 2 8 9  1 2 8 9  1 2 8 9  2 4 8 9  
leaf_coeff=0.010346834978473536 -0.062076142420784963  -0.0061302628761036038 0.00364686047507593  0.67009432348658893 4.7894039237260584 -25.338541724451353  -1.6556435894138759 -9.1822782801093137 52.760534952051245  -0.25587071194168809 -0.15358759780094716 0.32698556613964913  -14.245484736096115 -11026.662397003174 5881.6579730987551  25.573993690125647 -35647.938482666017 18963.560708618166  -0.33069582746323933 -0.36035781709859127 0.26554387546580077  41.770011891269682 -12401.418570828439 6571.340500149131  26.101161077804864 -17354.365020465852 9219.1170598506924  -6.3756323645066004 5513.537926149369 -2931.1522004485132  -3.6683426818594032 5.8194192639515796 -0.19562218396993103  -1.1816246303318481 1.5445206026448433 -0.24990456211170342  0.42245812054329052 2.0053392208158236 -0.67719345345055759 -3.3852639222101062 -0.28662559561056472  -37.566106257337381 0.60097037300993039 29.197236713832538  7.8779767183903466 2.012542971517155 -8.8128002948369613  -32.684643646323821 -0.56464408722694948 208.82555456317496 -85.19289345155704  -14.852230236725882 -2468.7323081851009 1327.988738656044  -1943.5678197295231 3069.3673461230474 -0.0064153833493037389  -33.859767835318465 -0.69083902054642299 67.198134699549996 -7.7007241338976202  1.3585308249832906 -1.7629056994265568 3.2436594270380739 -1.5212778810996044  0.37132013900927063 -3.9957677457681147 -0.23340734110306871 0.99871869904589061 7.827569641321702 -2.126950877336617  -0.56935059326959703 0.33596521827325354 3.1222416291937782 -4.8929870983130117 1.3845568194319697  0.051436390378744437 -2.3812965971095283 0.30861846743090737 0.16462656134728279 0.52348093478351532 1.4212273548704504  -16.670244269733669 13.048351010434999  18.616577166576462 -19.193713563714482 354.39278651853095 -192.42413982900325  80.978750855079852 -66.935852619120851  5.8665373038118567 -171.76008889208899 223.65802900202908 22.082618769624244  -1.8684547464250956 246.37003214617181 -390.24823960447247 4.4417145459956373  0.7233459025041441 -4.0944124847622163 5.4183393272956666 0.22162736900910432  26.552056688154423 -0.92664586255196191 -45.403741967563249 2.4711351190189137  
shrinkage=0.1


Tree=96
num_leaves=31
num_cat=0
split_feature=7 3 9 9 5 5 6 4 1 6 9 9 9 9 5 6 4 4 6 9 1 1 1 4 6 6 8 7 4 9
split_gain=15499.1 38940.1 26979.9 59933 64934.2 43261.1 55298.7 104093 35668.7 37518.6 37724.4 33668.2 34449.4 34060.1 36629.4 41459.9 32422.3 28840.2 25991.2 23861.4 27122.6 23324.6 35910.1 22311.8 22251.9 37314.9 79761.2 90169.8 65456.1 93865.1
threshold=5.8351323828759796 1.397567096803386 7.4117104580980966 7.0802787666761651 9.7409980339380429 9.8339900893887719 6.8972901840251675 2.957426722368071 2.602003343538398 6.8972901840251675 7.4387768349819217 7.3995532830161315 7.4073282940106013 7.3920957192222412 9.7815741231384461 6.7699763579386056 3.6699311590183616 3.0562876864285204 6.2667430026987079 7.4271313124684308 5.8763332563158359 5.9851941429858151 5.8215644129176907 5.2483381333636219 6.6288402188978051 6.2351479197941044 3.0000000000000004 5.7352459524751804 4.863673427408628 6.969841509094528
decision_type=2 2 2 2 2 2 2 2 2 2 2 2 2 2 2 2 2 2 2 2 2 2 2 2 2 2 2 2 2 2
left_child=24 2 3 23 21 6 11 -8 9 10 -4 13 -13 14 16 -16 -6 -17 -3 -20 -21 22 -5 -2 25 -1 -27 28 29 -28
right_child=1 18 8 4 5 -7 7 -9 -10 -11 -12 12 -14 -15 15 17 -18 -19 19 20 -22 -23 -24 -25 -26 26 27 -29 -30 -31
leaf_value=-0.018984468039396886 0.073348490873794622 -0.24489594186295052 -0.62476314215396 -0.016128185193940818 1.960927998298599 0.17717560469603338 1.6077315773449692 10.11988883972168 0.46219544101354421 0.47097302990719081 -0.025569414491052031 4.9771330226551411 0.49018042428152903 -2.2666517442272558 0.57240447645026848 1.2107054767012597 6.2099136239006407 3.8684791896654214 -0.68723515956959824 -5.8237338220079744 -1.2424952511276519 -1.494616491175615 4.183974913188389 1.4650847228164348 -0.070753390480849651 -0.095864480373386921 0.094753673364203247 -0.63709622203677529 0.061281684157885014 0.75624609568771539
leaf_weight=84026 7452 1617 1691 664 124 476 51 20 1225 854 2775 44 28 31 802 100 21 69 94 24 28 104 21 117 43710 10516 3565 1047 5789 5386
leaf_count=84026 7452 1617 1691 664 124 476 51 20 1225 854 2775 44 28 31 802 100 21 69 94 24 28 104 21 117 43710 10516 3565 1047 5789 5386
internal_value=0 0.0866615 0.133931 0.236224 0.654999 0.991964 1.29261 4.00552 -0.0242978 -0.136319 -0.252447 1.1346 3.23221 1.00293 1.09375 0.872363 2.5763 2.29583 -0.36027 -1.63808 -3.35691 -0.0992215 0.112634 0.0948617 -0.0103693 0.0135536 0.117498 0.259622 0.323317 0.492787
internal_weight=172471 18432 16669 10124 2555 1766 1290 71 6545 5320 4466 1219 72 1147 1116 971 145 169 1763 146 52 789 685 7569 154039 110329 26303 15787 14740 8951
internal_count=172471 18432 16669 10124 2555 1766 1290 71 6545 5320 4466 1219 72 1147 1116 971 145 169 1763 146 52 789 685 7569 154039 110329 26303 15787 14740 8951
is_linear=1
leaf_const=-0.048660161192901487 -1.3160382324508646 2.6629087014807737 -31.647945357859136 124.95104269755066 -690.95763157196347 5.1158677549261489 90.348531123995784 615.55070828720932 21.136616124256399 27.62592985503143 62.322510237580723 -4683.9659466028215 -12113.491918554902 -2456.2925583630799 195.46850432045758 49.322032434120779 0 1989.2444954439998 67.865562404888621 721.98349226303401 -53.204469090176282 0 0 72.767670313647258 -2.8585309179982006 0 0 0 0 0
num_features=2 4 3 4 5 5 3 5 5 4 3 4 4 4 4 5 5 5 5 4 5 5 4 4 3 2 3 5 3 4 5
leaf_features=6 7  3 4 7 9  3 6 7  1 6 7 9  1 3 5 7 9  4 5 6 7 9  5 7 9  4 5 6 7 9  4 5 6 7 9  1 3 7 9  6 7 9  1 6 7 9  5 6 7 9  5 6 7 9  5 6 7 9  3 5 6 7 9  4 5 6 7 9  4 5 6 7 9  4 5 6 7 9  3 6 7 9  1 3 6 7 9  1 3 6 7 9  1 5 7 9  1 5 7 9  4 7 9  6 7  6 7 8  4 6 7 8 9  6 7 8  4 6 7 8  4 6 7 8 9  
leaf_coeff=-0.012648135915349967 0.020608272632763866  0.75618376054021219 0.0020647122954162269 0.23793723097529665 -0.0060434363222839245  0.045639647070396451 0.15742520244093614 -0.68959656912743417  0.083820880139410303 0.4910539822323699 0.78222795898882402 3.1176946876570586  -0.073320563240618336 -0.19991791968574299 -0.17015090076825123 -2.493847427192398 -14.980427401815042  47.373433887410286 6.7834218175150456 45.6208398787956 -0.82007395108848868 24.597597201255851  0.023318184618170791 2.2043910634353652 -2.5404274731083207  17.436112560880851 -39.647272205696211 26.068655632759331 -15.833774667854323 22.322852057007914  47.814024727436482 -73.960505693173033 48.615829096990637 -20.560823237034494 -32.65952639502575  -0.23635382533229343 -2.4214226744418568 -1.8643450920571922 -1.1303138553994359  -0.53584598278330309 -1.927956118476982 -1.5885542778636592  -0.2915994706545062 -0.62064333317794085 0.30729419292811716 -8.010806335658982  -30.751049908739517 4.9185625731959597 12.009651713143104 659.95675369203093  57.378625791074597 -1.5503671730777571 -17.202908598898649 1574.2275829702617  31.581237661233175 4.5791323967193422 -27.88680568749551 308.49703324809673  -3.6046823040630898 -25.568897530692631 0.95425889318812551 3.998132982070365 3.5906328370751002  15.208834118963569 -37.372569353121797 20.397490431723419 -0.78237520374450475 19.049789667688312  117.45238168633078 -249.16893909340726 122.71871119813295 -109.58686077495804 262.85737892221658  92.813343232954509 -266.70261666495355 83.326592361992525 -10.515479369997776 -21.58998799340916  -0.56621780360737617 -15.251890575921516 4.2049404634524308 0.77508012702988938  0.11128710762422998 -6.5863759112835396 6.7755217646088575 -25.774020808067874 -79.96104909935967  15.602225418197396 -12.103407987227911 38.1755823266205 -30.220018720681765 -5.65127782173513  1.9297910815842672 1.6012720724308112 9.9364528252690434 -12.105913207664527  -37.061229033413113 -0.46077557527713681 0.46155708454680283 30.954374503094005  -11.845552139096254 -2.4207462116983152 1.0413149094276435  0.41933983977618255 -0.021966913742690421  -0.22259455710761814 -0.031564568194974864 0.74764562004049828  0.13819998879395598 -0.31379928384394024 -0.16901427974786326 1.153578720922195 -0.33891242122683068  3.800798601483439 -8.7651275760901637 6.4837671276691253  -0.054507379067905509 -0.7786324644880438 3.3585251860071708 -3.3642597966555972  0.1584858014726816 0.15207533553943905 -0.13781221455206039 -0.63153356691964291 0.33363926384533898  
shrinkage=0.1


Tree=97
num_leaves=31
num_cat=0
split_feature=4 4 4 4 9 9 9 4 7 9 7 6 9 4 7 5 9 4 9 4 7 9 4 4 4 4 4 9 4 7
split_gain=14594.8 17318.1 25918.5 31056.3 23374.9 19306.8 34502.9 49145.1 32100.5 29619.4 26964.3 44863 57329.8 48611.6 24429.7 17338.5 34036 25877.7 25856.3 33936.7 41750.9 33095.4 27660.6 79698.6 45525.4 55106.1 54668.5 48578 27342.8 27338.9
threshold=6.897653925323378 6.6457407421766872 6.5865163635894595 6.3565415002025034 7.4216099343571509 7.4587106142155823 7.3864412775907322 6.4618586488452534 5.5679766470525598 7.0802787666761651 5.6612539799144592 6.1649596176338326 7.4106646516368597 6.5154528834577485 5.5848077196180865 11.980366438176224 7.4682635250639633 6.1856939558159381 7.426949540347044 6.2407629372696922 5.6840740084457808 7.4017500139964421 6.1075793708269659 6.1053509569569187 5.9642216044646252 5.8413678739135566 6.0896114477454306 7.0802787666761651 5.5500479024995064 5.6040800687173409
decision_type=2 2 2 2 2 2 2 2 2 2 2 2 2 2 2 2 2 2 2 2 2 2 2 2 2 2 2 2 2 2
left_child=1 2 3 15 -4 6 7 -5 -7 -9 11 13 -13 -8 -11 17 18 -1 21 -20 29 22 23 24 25 28 -26 -27 -17 -21
right_child=-2 -3 4 5 -6 8 10 9 -10 14 -12 12 -14 -15 -16 16 -18 -19 19 20 -22 -23 -24 -25 26 27 -28 -29 -30 -31
leaf_value=-0.0041341402461050709 2.7012139892578126 -1.1913276265879147 2.0313654284517306 -0.98294989214816564 -0.14739784541584197 3.42043630818526 -1.9028710350845799 -0.29678559907725161 -0.98137814547564539 4.295921384371244 0.82744673605888119 -5.4856299479802457 0.041909717959026961 -7.5147688240840527 0.75642591134095805 0.23409188416711474 0.73954839176601839 -3.5147311074393137 -0.32094682433160898 0.5956185991113836 -2.6591169500350951 0.94825490826758285 -0.3986245142816075 2.125106839094117 -1.3328425143167415 0.46402679398432539 0.79719783364003804 2.2420943281015453 -0.75063690442305342 4.0640700015615918
leaf_weight=164184 20 122 119 355 84 30 33 71 37 39 31 24 86 29 39 1018 873 21 1905 44 20 535 838 211 397 467 173 229 390 47
leaf_count=164184 20 122 119 355 84 30 33 71 37 39 31 24 86 29 39 1018 873 21 1905 44 20 535 838 211 397 467 173 229 390 47
internal_value=0 -0.000312898 0.000530279 -0.000801556 1.12981 -0.632814 -0.786564 -0.343209 0.989584 1.18101 -1.88731 -2.37659 -1.1641 -4.52779 2.52617 0.00205326 0.154526 -0.00458311 0.0731229 -0.221908 1.4778 0.212809 0.107124 0.254028 0.106385 0.321149 -0.686357 1.04905 -0.0386668 2.38702
internal_weight=172471 172451 172329 172126 203 774 707 504 67 149 203 172 110 62 78 171352 7147 164205 6274 2016 111 4258 3723 2885 2674 2104 570 696 1408 91
internal_count=172471 172451 172329 172126 203 774 707 504 67 149 203 172 110 62 78 171352 7147 164205 6274 2016 111 4258 3723 2885 2674 2104 570 696 1408 91
is_linear=1
leaf_const=-0.029774820193585808 -969.24748590700335 -12.200536651836593 17.775304395100104 -97.535654596745744 1019.2047005531495 -219.11541239097716 -278.15784911867235 -238.19236594591058 2045.5296363033356 -360.07371260216462 1349.4587774181273 6301.796878527105 81.158232236947526 -245.03002337291838 -141.31729580272221 -3.0291824994397758 15.568480848055334 356.53269803510051 -53.924077423173003 355.0127669764683 -3498.4991654969754 484.34637934677306 -7.6130211177151068 3688.8253601074221 -56.207780542690308 63.09776210840792 162.98841547779739 148.80924610551446 18.857510438296597 638.60979632921521
num_features=2 1 1 2 2 2 3 4 2 3 3 3 4 4 4 3 3 3 2 3 4 4 3 3 3 3 3 3 3 3 4
leaf_features=4 5  4  4  4 9  4 9  4 9  4 7 9  4 6 7 9  4 9  4 7 9  4 7 9  4 7 9  4 6 7 9  4 6 7 9  4 6 7 9  4 7 9  4 5 9  4 5 9  4 5  4 5 9  4 5 7 9  4 5 7 9  4 5 9  4 5 9  4 5 9  4 5 9  4 5 9  4 5 9  4 5 9  4 5 9  4 5 7 9  
leaf_coeff=-0.0072294070437625675 0.0053811715625465759  140.26559050949291  1.6287901946019703  -5.1305245467578064 2.5626540156977171  16.395832292424167 -1.2293840239016505  30.413927051325302 -164.29901904628059  -0.64452927183010622 -33.535740066261496 55.139199059223756  -6.5557916503100389 5.4281049090121094 -48.059384161397617 74.521041278995114  40.87817353760984 -4.3274699954412652  -65.111961954148143 25.683061365028699 -237.05927510982147  22.212267682657696 10.232629599398933 22.521851509765838  5.9515178734779512 -64.734995810661346 -137.01453052469878  8.513355378236156 -53.461119789432274 -23.008521544001997 -796.09811246953905  22.295486569006599 -2.9245637787511103 9.002899695672113 -34.592042136587771  110.9329139380483 7.1243102955602815 -36.76028404625395 -44.20230956398882  -4.8097555906977512 13.02699002942909 13.773045404571896  1.620364916555127 0.088298425618745568 -0.9386705346494516  -0.61033783795405727 -0.27890832587763725 -1.0746604289917741  -76.743207461911879 10.056300565163838  0.6109955930498473 -0.36318433285780433 7.315636605804321  -9.0649271752714409 8.2631116270461469 -8.1942755451840643 -47.664669417944971  157.44829650167378 21.994937275140547 -113.59744165502489 386.80147462147289  2.0114779487534178 -0.61287288534931583 -65.760996832000089  -0.065867789719959546 0.78787386963191608 -0.31473004366390572  -587.24101438522337 -8.028908900381067 -0.30039915938396011  7.6121116161273683 0.99190810534228158 -0.45961433778884386  -4.450754105851229 -1.3340318767124701 -2.9450000496857118  -37.541397647978741 6.037268754536945 -1.0804904674504996  -9.3416737211839074 -7.7318679474476086 0.38540023467503493  4.2240601276819687 -3.4172418558908251 -0.37775741197473994  -5.5595348840521188 -1.1207953256758629 -70.27948395496351 -25.487148143583909  
shrinkage=0.1


Tree=98
num_leaves=31
num_cat=0
split_feature=9 9 5 6 7 9 1 9 6 6 8 1 1 2 7 3 9 1 4 6 1 6 7 6 4 4 4 4 4 4
split_gain=13830.9 66184.2 129585 88890.4 66990.5 89606 56237.7 91803.2 55064.8 51751.1 49972.7 126936 71866.7 105579 77175 68773.2 93440.7 44412.9 65113.7 43539.5 40284.8 33500.1 33113.1 32564.7 64932.4 107029 78180.1 67150.2 165482 47650.9
threshold=7.4303254148371787 7.4936097581645003 9.8351819444710689 6.8972901840251675 5.9219707886874309 7.4421906120953318 6.5124877202785187 7.5004007801547994 6.9177684712578138 7.0164935656777354 3.0000000000000004 6.6287023148084918 5.4315338162543414 5.777793029569442 5.2812549792548866 4.2867773850974382 7.4886764159171664 6.5124877202785187 2.957426722368071 5.999283700032005 6.5417509798483549 5.9184490701895092 5.84381916337587 6.6192256251159369 3.0562876864285204 4.6274178059313682 4.8142127557202254 3.7669805268941006 3.8968964838426357 4.2938724236835917
decision_type=2 2 2 2 2 2 2 2 2 2 2 2 2 2 2 2 2 2 2 2 2 2 2 2 2 2 2 2 2 2
left_child=-1 2 3 4 5 17 23 -8 -5 -10 12 -12 14 -14 -7 16 -13 18 -2 -4 21 -9 -16 -3 -25 27 -27 -26 -29 -30
right_child=1 6 19 8 -6 10 7 20 9 -11 11 15 13 -15 22 -17 -18 -19 -20 -21 -22 -23 -24 24 25 26 -28 28 29 -31
leaf_value=-0.014829613005277768 9.9850013995170599 0.10918645523438389 0.88859788313954802 8.063272857666016 -0.45082498487535416 6.822792233806104 -5.3461611180775801 -4.576810503358554 1.698700135094779 6.3753463808695479 9.95066995471716 7.3337638500218212 -4.9315400456190117 0.36580302401102688 0.61528852686439595 -3.8670257353782653 -0.92212066650390634 0.70623892195084526 3.5447748968046007 -0.06414111310959475 -0.36211159576234819 0.3957379388809204 2.7738846724060764 0.077742203496561746 -0.335195369388535 5.8619280951363706 0.47523976965110848 -3.4759817924208316 0.43160377937493871 -1.1203429316432731
leaf_weight=135351 20 19134 567 22 273 24 40 42 112 30 21 26 50 152 388 20 29 34 73 3114 1267 20 87 7306 2356 28 714 262 291 618
leaf_count=135351 20 19134 567 22 273 24 40 42 112 30 21 26 50 152 388 20 29 34 73 3114 1267 20 87 7306 2356 28 714 262 291 618
internal_value=0 0.0540749 0.390877 1.22462 0.925478 1.33211 0.00113653 -0.62597 3.40797 2.68672 0.939011 3.07875 0.64598 -0.945421 1.29019 1.15461 2.98066 3.79906 4.92977 0.0826133 -0.483903 -2.97276 1.01065 0.0290928 -0.103306 -0.413152 0.678511 -0.642813 -1.26173 -0.623515
internal_weight=172471 37120 5042 1361 1197 924 32078 1369 164 142 797 96 701 202 499 75 55 127 93 3681 1329 62 475 30709 11575 4269 742 3527 1171 909
internal_count=172471 37120 5042 1361 1197 924 32078 1369 164 142 797 96 701 202 499 75 55 127 93 3681 1329 62 475 30709 11575 4269 742 3527 1171 909
is_linear=1
leaf_const=0.02909184087151644 -461.92191170454026 398.09786548484118 -178.06079156589695 600.73591305017476 -170.45567766800525 0 -1724.6918853521347 16188.261942911149 -174.41817688895389 124.61473030708731 0 0 0 0 0 0 0 2137.586190892011 510.59735274612905 -138.06028487993609 -151.85817916691303 0 0 -233.00170275913553 -578.47741076610987 13983.444781494141 -469.21578402966264 0 0 0
num_features=1 6 3 3 3 4 6 2 3 3 3 3 4 4 4 5 4 4 2 5 3 2 3 5 4 3 3 3 3 3 3
leaf_features=9  1 4 5 6 7 9  1 6 9  5 6 9  5 6 9  5 6 7 9  1 5 6 7 8 9  1 9  1 6 9  5 6 9  5 6 9  1 8 9  1 3 8 9  1 2 8 9  1 2 8 9  5 6 7 8 9  1 3 8 9  1 3 8 9  1 9  4 5 6 7 9  5 6 9  1 9  1 6 9  5 6 7 8 9  1 4 6 9  4 6 9  4 6 9  4 6 9  4 6 9  4 6 9  4 6 9  
leaf_coeff=-0.0064188994287426304  -8.879540327429277 27.00375276017003 30.241864707460628 -42.822973943874246 -22.886893537559082 70.923632866144189  0.019794977150007755 0.091124306621452433 -53.05553631472867  -0.04941634849401453 -1.2419972765917464 25.048569191352001  94.404358195827811 -46.469109092652801 -160.26332262773067  12.379888194975138 -0.71002475008344845 -0.70880793616051962 7.7312536599230954  35.723030853396907 16.369234845996836 -16.842019144742519 23.488036502088654 202.16224279329182 -76.07669967310504  -5.9358155650203122 234.58037917017938  231.06104543977418 1.502669800244621 -2357.5283557236194  8.6147691061341902 9.6148407914384748 3.3392341461323669  -6.3998076900043088 1.2181863081234043 -8.6810920067830022  7.5758885226270651 -384.0176347566769 200.2205903850496  -1.9983345776912758 1.6527502977623953 307.70621250458066 -161.78288834132255  -1.0983626176894177 9.1877124757636928 -135.36920056566598 29.551286724954846  21.505563981406979 -21.850729715468834 -410.22788382893197 110.10311980383413  1.9039974258640884 0.11899247371505908 0.54395063874624161 26.073293141555041 -9.9073223177780179  -7.71747048090183 0.62830502617034656 963.14356504715988 -510.53653745306656  -45.865054180135488 1.7051328275734705 1514.3252905011177 -767.94435219056913  15.634126934937377 -301.5913525861688  15.03247040672286 -57.725324201234621 19.565322356537219 -2.0157182755094256 -14.528653371334077  0.48385556800188428 0.065483409657846894 17.656137484804823  -0.53722570419940896 20.653089500591161  86.864423045399604 -34.694244651160353 -47.669772024336275  3.2396645580258339 0.39735300050906519 -40.3003100595337 189.85915056737142 -23.302646947326139  0.14298432069702471 0.078247925334812868 -0.071438228684809243 31.069705776451158  0.22984653475159578 2.9209591371783974 74.241748818522325  -6.6962780581088737 7.1983785790391268 -1862.9905024528505  1.1396454897869261 4.2583775077780954 57.872530270181599  -15.831792625447271 -1.6033955865023017 9.1980735189805269  -4.0549640797321445 -0.59018870802963197 2.8439889106936791  1.8944093610542041 2.0209041525977685 -3.1299197037333215  
shrinkage=0.1


Tree=99
num_leaves=31
num_cat=0
split_feature=1 3 4 9 1 4 4 1 5 8 3 9 9 1 1 3 3 1 1 1 7 5 5 9 9 4 1 3 3 1
split_gain=14434.8 31837.9 39990.4 69866.2 73437 51797.7 32553 64956.3 45665.5 61940.7 139309 116801 59403.4 57869.4 78830.8 58797.7 46638.1 45769.5 45470.2 38494.1 39141.4 37373.6 48123.7 45778.4 36019.6 70587.9 35985.9 35141.2 34463.3 100405
threshold=6.9319598485859819 4.9020367496873485 4.789570747856378 7.0802787666761651 6.1727433506564262 4.8539795841274467 4.0984939636294486 6.3341669398188758 9.0745779193222287 3.0000000000000004 5.4095681992311819 6.9654794055628662 7.4073282940106013 5.9750802605835984 6.6663202551058083 5.0632161350121017 5.1676424442710269 6.6073254057471518 6.7586748875457126 6.3741723047025554 5.6332349431874329 8.368287066478052 8.7349221092202392 7.0802787666761651 7.2691086197132186 3.9935923741167367 6.6827347716080423 5.7976293551542781 5.2867140270533968 6.197461422143415
decision_type=2 2 2 2 2 2 2 2 2 2 2 2 2 2 2 2 2 2 2 2 2 2 2 2 2 2 2 2 2 2
left_child=1 -1 6 -4 -5 -6 8 28 9 21 13 -12 -13 -11 15 -15 -17 24 -16 20 -9 -3 23 -23 -10 -26 -19 -25 29 -8
right_child=-2 2 3 4 5 -7 7 19 17 10 11 12 -14 14 18 16 -18 26 -20 -21 -22 22 -24 27 25 -27 -28 -29 -30 -31
leaf_value=0.0040713183267126881 0.15808320833121087 0.36577637467536267 -0.39842274192613247 -0.89446962832340182 4.4384331425438166 1.3015031813954314 -1.0404333144025759 5.8348984220623974 0.20032559754502 -4.447100984573364 -1.0550377403895062 -9.5593962921036617 -4.1094682131873235 6.1377244408925371 -5.5678616160931798 -2.741705983877182 2.527142865742956 -1.8162485229586693 -0.16021627734104793 -0.31136241870640763 0.55298157144100102 -0.45341631999382614 0.023084604232037655 -4.3382721470935008 0.97172644840311306 5.8636652231216431 -0.012406031922506069 0.15135240608995612 -0.26990510395920003 -4.1796345879554755
leaf_weight=159547 5589 639 659 140 61 384 551 20 798 25 75 36 45 30 23 24 56 152 48 1805 47 104 305 84 377 32 406 22 262 125
leaf_count=159547 5589 639 659 140 61 384 551 20 798 25 75 36 45 30 23 24 56 152 48 1805 47 104 305 84 377 32 406 22 262 125
internal_value=0 -0.00529401 -0.209004 0.307665 1.10307 1.73151 -0.314526 -0.564331 -0.100581 -0.503126 -1.64439 -3.89867 -6.53166 0.0627285 0.685633 2.36228 0.946488 0.245174 -1.91199 -0.223996 2.12967 -0.14512 -0.779028 -1.944 0.591415 1.35447 -0.503775 -3.40646 -1.24355 -1.62091
internal_weight=172471 166882 7335 1244 585 445 6091 2810 3281 1516 362 156 81 206 181 110 80 1765 71 1872 67 1154 515 210 1207 409 558 106 938 676
internal_count=172471 166882 7335 1244 585 445 6091 2810 3281 1516 362 156 81 206 181 110 80 1765 71 1872 67 1154 515 210 1207 409 558 106 938 676
is_linear=1
leaf_const=-0.007694363172281342 0.63211172785682956 0 -13.275693326403143 53.8511913829796 -107.6532224864699 46.962540210972662 -17.154456283093896 -1558.1444477319719 5.0116443097963383 0 0 0 0 0 0 0 0 58.868037978513172 0 1.2756615297999816 -1018.6996685521212 0 0 0 -37.706391187082048 394.29756203116852 18.410326411662481 0 28.176351386164971 -71.16132306666114
num_features=2 1 5 4 4 4 4 3 4 5 5 6 6 6 5 3 5 5 4 5 3 4 6 5 6 5 5 4 6 3 3
leaf_features=1 3  1  1 3 4 5 8  1 3 4 9  1 3 4 9  1 3 4 9  1 3 4 9  1 3 4  1 3 4 7  1 3 4 5 9  1 3 4 5 8  1 3 4 5 8 9  1 3 4 5 8 9  1 3 4 5 8 9  1 3 4 5 8  1 3 8  1 3 4 5 8  1 3 4 5 8  1 3 4 5  1 3 4 5 8  1 3 4  1 3 4 7  1 3 4 5 8 9  1 3 4 5 8  1 3 4 5 8 9  1 3 4 5 9  1 3 4 5 9  1 3 4 5  1 3 4 5 8 9  1 3 4  1 3 4  
leaf_coeff=0.0065771954636321753 0.01424983644476522  -0.063583308446338554  0.58300286671088775 0.67851081064190744 -0.75707144197494713 0.31874436019919872 -3.6421676100645755  1.0890946419392975 0.54626253758949306 0.35427254845982503 0.14171432993401253  -9.089610089732151 4.2073349401723936 -0.034178783846536477 -2.9437279677005792  -10.226736888931919 1.8715119566311842 31.674591794796289 2.3117132186525851  -1.4234415342417153 -1.5200467408417582 -0.34308015688814353 -3.5331908984662732  1.8572043626478263 0.1586924523091966 0.94866317644421094  290.74980285745113 13.727995345674572 14.394451906188625 -75.344698459247596  -1.1501826474374981 -0.60741557352696995 1.1130552790640367 0.20822992873828527 -0.081279848584591724  55.18883564933531 -80.547732028248177 -1.2357703955317447 1.3321436562570286 18.500724510099825  -2.0951919600144038 3.9629189342346489 4.0661404111694708 -1.8289372165728992 1.1060971498492109 -1.7774395624751151  3.167587270012973 -14.368693670424092 0.24953929144949144 0.11389852070451525 57.869487234887494 -25.419333343879408  -3.8665055240784572 7.3556022203051272 -3.3421230387118386 1.3475541019866797 134.32348104761914 -74.928550528816416  -7.7044232761251807 -3.9976691104122439 -64.973311476903845 21.992534508570863 18.819236099862611  64.403745992627236 -5.4882863991954771 -102.5668204810936  8.7196744602293617 -78.801350962248407 1.3762680788837316 -0.3417026528574752 85.807884004380327  -8.5602028519877429 -0.75561037780826157 -5.5748091039773957 1.2169398294645477 15.768714204446589  -14.862313659035136 1.9192546891199074 -9.2464306548068631 6.3969745944170429  4.618120825247388 -4.5097132423074076 -15.33828379122955 4.5528696285095895 -2.0542983039518732  -0.66251331277057945 0.14381710651690582 0.45153365256845746  143.33727330328549 2.8442999242141926 5.3050377367204424 12.190001223330365  -0.19493234406847082 0.44301470123263514 3.5248374375953619 -5.1798447478080334 11.119315401888983 1.6742061554318326  0.13766430404920449 -1.1411593055400497 -0.17842263421891147 3.2592151290474307 -11.601390450201325  -2.9067185314293513 2.445311236227599 -4.4637040461173001 5.3758187517909395 41.940622024856566 -15.876670153335727  2.1810815483301553 -0.78482948397229402 -0.7744669568252448 -0.38630501993375221 4.7920484610513085  8.2382411532918933 -5.387229083849161 -6.0484451340278618 7.5161470013408689 -61.749086709949189  -4.2483836679872331 -0.19752291839008829 -2.6131993001414671 2.2060412429011658  21.538737611695456 -11.616397002090252 7.7301656105185321 -5.3024612103087412 -84.004451331122084 15.785537589273851  -8.1241946152436419 3.3678777781688609 0.84141491412245273  15.365704702795483 -8.7262251392668997 3.4379925893281325  
shrinkage=0.1


end of trees

feature_importances:
freq_mhz=775
decode_batch_size=675
prefill_input_len_sum=621
decode_input_len_sum=207
tp_degree=162
decode_input_len_mean=142
decode_input_len_std=131
prefill_input_len_mean=120
prefill_batch_size=84
prefill_input_len_std=83

parameters:
[boosting: gbdt]
[objective: regression]
[metric: l2]
[tree_learner: serial]
[device_type: gpu]
[data_sample_strategy: bagging]
[data: ]
[valid: ]
[num_iterations: 100]
[learning_rate: 0.1]
[num_leaves: 31]
[num_threads: 16]
[seed: 42]
[deterministic: 0]
[force_col_wise: 1]
[force_row_wise: 0]
[histogram_pool_size: -1]
[max_depth: -1]
[min_data_in_leaf: 20]
[min_sum_hessian_in_leaf: 0.001]
[bagging_fraction: 1]
[pos_bagging_fraction: 1]
[neg_bagging_fraction: 1]
[bagging_freq: 0]
[bagging_seed: 400]
[bagging_by_query: 0]
[feature_fraction: 1]
[feature_fraction_bynode: 1]
[feature_fraction_seed: 30056]
[extra_trees: 0]
[extra_seed: 12879]
[early_stopping_round: 0]
[early_stopping_min_delta: 0]
[first_metric_only: 0]
[max_delta_step: 0]
[lambda_l1: 0]
[lambda_l2: 0]
[linear_lambda: 0]
[min_gain_to_split: 0]
[drop_rate: 0.1]
[max_drop: 50]
[skip_drop: 0.5]
[xgboost_dart_mode: 0]
[uniform_drop: 0]
[drop_seed: 17869]
[top_rate: 0.2]
[other_rate: 0.1]
[min_data_per_group: 100]
[max_cat_threshold: 32]
[cat_l2: 10]
[cat_smooth: 10]
[max_cat_to_onehot: 4]
[top_k: 20]
[monotone_constraints: ]
[monotone_constraints_method: intermediate]
[monotone_penalty: 0]
[feature_contri: ]
[forcedsplits_filename: ]
[refit_decay_rate: 0.9]
[cegb_tradeoff: 1]
[cegb_penalty_split: 0]
[cegb_penalty_feature_lazy: ]
[cegb_penalty_feature_coupled: ]
[path_smooth: 0]
[interaction_constraints: ]
[verbosity: -1]
[saved_feature_importance_type: 0]
[use_quantized_grad: 0]
[num_grad_quant_bins: 4]
[quant_train_renew_leaf: 0]
[stochastic_rounding: 1]
[linear_tree: 1]
[max_bin: 255]
[max_bin_by_feature: ]
[min_data_in_bin: 3]
[bin_construct_sample_cnt: 200000]
[data_random_seed: 175]
[is_enable_sparse: 1]
[enable_bundle: 1]
[use_missing: 1]
[zero_as_missing: 0]
[feature_pre_filter: 1]
[pre_partition: 0]
[two_round: 0]
[header: 0]
[label_column: ]
[weight_column: ]
[group_column: ]
[ignore_column: ]
[categorical_feature: ]
[forcedbins_filename: ]
[precise_float_parser: 0]
[parser_config_file: ]
[objective_seed: 16083]
[num_class: 1]
[is_unbalance: 0]
[scale_pos_weight: 1]
[sigmoid: 1]
[boost_from_average: 1]
[reg_sqrt: 0]
[alpha: 0.9]
[fair_c: 1]
[poisson_max_delta_step: 0.7]
[tweedie_variance_power: 1.5]
[lambdarank_truncation_level: 30]
[lambdarank_norm: 1]
[label_gain: ]
[lambdarank_position_bias_regularization: 0]
[eval_at: ]
[multi_error_top_k: 1]
[auc_mu_weights: ]
[num_machines: 1]
[local_listen_port: 12400]
[time_out: 120]
[machine_list_filename: ]
[machines: ]
[gpu_platform_id: -1]
[gpu_device_id: -1]
[gpu_use_dp: 0]
[num_gpu: 1]

end of parameters

pandas_categorical:[]
